# Blender 4.5.3 LTS
# www.blender.org
mtllib glass-wildcat-mainbody.mtl
o RenderMesh_75392286602848
v -1.532792 -0.467669 0.115209
v -1.534792 -0.467668 0.115210
v -1.532792 0.111148 0.115209
v -1.534792 0.111149 0.115210
v -1.532792 -0.467669 -0.115209
v -1.534792 -0.467668 -0.115208
v -1.532792 0.111148 -0.115209
v -1.534792 0.111149 -0.115208
v -1.532792 0.168940 0.062241
v -1.534792 0.168941 0.062242
v -1.532792 0.168940 -0.062241
v -1.534792 0.168941 -0.062240
v -1.532792 -0.467669 -0.115209
v -1.534208 -0.469081 -0.115208
v -1.486854 -0.513734 0.140000
v -1.487519 -0.515620 0.140001
v -1.532792 -0.467669 0.115209
v -1.534208 -0.469081 0.115209
v -1.486854 -0.513734 -0.140000
v -1.487519 -0.515620 -0.139999
v -1.412792 -0.513734 0.140000
v -1.412791 -0.515734 0.140001
v -1.412792 -0.513734 -0.140000
v -1.412791 -0.515734 -0.139999
v 1.532792 0.131088 0.036313
v 1.534792 0.131089 0.036314
v 1.532792 0.094775 0.069223
v 1.534792 0.094776 0.069224
v 1.532792 0.094775 0.051354
v 1.534792 0.094776 0.051355
v 1.532792 0.058463 0.036313
v 1.534792 0.058464 0.036314
v 1.532792 0.143724 0.048948
v 1.534792 0.143725 0.048949
v 1.532792 0.045828 0.048948
v 1.534792 0.045829 0.048949
v 1.532792 0.163998 -0.000000
v 1.534792 0.163999 0.000001
v 1.532792 0.025553 -0.000000
v 1.534792 0.025554 0.000001
v 1.532792 0.146130 -0.000000
v 1.534792 0.146131 0.000001
v 1.532792 0.043421 -0.000000
v 1.534792 0.043422 0.000001
v 1.532792 0.131088 -0.036313
v 1.534792 0.131089 -0.036312
v 1.532792 0.058463 -0.036313
v 1.534792 0.058464 -0.036312
v 1.532792 0.143724 -0.048948
v 1.534792 0.143725 -0.048947
v 1.532792 0.045828 -0.048948
v 1.534792 0.045829 -0.048947
v 1.532792 0.094775 -0.069223
v 1.534792 0.094776 -0.069222
v 1.532792 0.094775 -0.051354
v 1.534792 0.094776 -0.051353
v 1.532792 0.143724 -0.048948
v 1.534261 0.144684 -0.049908
v 1.512681 0.185766 -0.000000
v 1.514150 0.187123 0.000001
v 1.532792 0.163998 -0.000000
v 1.534261 0.165355 0.000001
v 1.532792 0.143724 0.048948
v 1.534260 0.144684 0.049908
v 1.512681 0.159115 -0.064340
v 1.514150 0.160075 -0.065300
v 1.512681 0.159115 0.064340
v 1.514150 0.160075 0.065300
v 1.532792 0.094775 -0.069223
v 1.534261 0.094776 -0.070580
v 1.532792 0.094775 0.069223
v 1.534261 0.094776 0.070580
v 1.512681 0.094775 -0.090991
v 1.514150 0.094776 -0.092348
v 1.512681 0.094775 0.090991
v 1.514150 0.094775 0.092348
v 1.512681 0.030436 -0.064340
v 1.514150 0.029476 -0.065300
v 1.512681 0.030436 0.064340
v 1.514150 0.029476 0.065300
v 1.532792 0.045828 -0.048948
v 1.534261 0.044868 -0.049908
v 1.532792 0.045828 0.048948
v 1.534261 0.044868 0.049908
v 1.532792 0.025553 -0.000000
v 1.534261 0.024196 0.000001
v 1.512681 0.003785 -0.000000
v 1.514150 0.002428 0.000000
v -1.486854 0.157633 0.140000
v -1.487538 0.158382 0.141724
v -1.532792 0.168940 0.062241
v -1.534292 0.170162 0.062746
v -1.532792 0.111148 0.115209
v -1.533991 0.111500 0.116771
v -1.486854 -0.513734 0.140000
v -1.487196 -0.513734 0.141971
v -1.532792 -0.467669 0.115209
v -1.533743 -0.467668 0.116969
v -1.412792 -0.513734 0.140000
v -1.412791 -0.513733 0.142000
v -1.412792 0.157871 0.140000
v -1.412793 0.158601 0.141862
v -1.486854 0.215003 0.087106
v -1.487609 0.216696 0.087856
v -1.412792 0.215003 0.087170
v -1.412793 0.216835 0.087972
v -1.486854 0.215003 -0.087106
v -1.487609 0.216696 -0.087857
v -1.412792 0.215003 -0.087170
v -1.412793 0.216835 -0.087972
v -1.532792 0.168940 -0.062241
v -1.534292 0.170162 -0.062746
v -1.412792 0.157871 -0.140000
v -1.412793 0.158601 -0.141862
v -1.486854 0.157633 -0.140000
v -1.487538 0.158381 -0.141724
v -1.412792 -0.513734 -0.140000
v -1.412791 -0.513733 -0.142000
v -1.532792 0.111148 -0.115209
v -1.533991 0.111501 -0.116771
v -1.486854 -0.513734 -0.140000
v -1.487196 -0.513734 -0.141970
v -1.532792 -0.467669 -0.115209
v -1.533743 -0.467668 -0.116969
v 1.532792 0.131088 -0.036313
v 1.532793 0.129674 -0.034899
v 1.532792 0.146130 -0.000000
v 1.532793 0.144130 0.000001
v 1.427958 0.094775 -0.000000
v 1.427959 0.094032 -0.001857
v 1.532792 0.131088 0.036313
v 1.532793 0.129674 0.034899
v 1.532792 0.094775 -0.051354
v 1.532793 0.094776 -0.049354
v 1.532792 0.094775 0.051354
v 1.532793 0.094776 0.049354
v 1.532792 0.058463 -0.036313
v 1.532793 0.059877 -0.034899
v 1.532792 0.058463 0.036313
v 1.532793 0.059877 0.034899
v 1.532792 0.043421 -0.000000
v 1.532793 0.045421 -0.000001
v -1.191885 0.046355 -0.108000
v -1.192650 0.048203 -0.108000
v -1.191885 0.046355 0.108000
v -1.192650 0.048203 0.108000
v -1.031384 0.046355 -0.108000
v -1.031383 0.048355 -0.107999
v -1.031384 0.046355 0.108000
v -1.031383 0.048355 0.108001
v -1.321886 -0.083645 0.108000
v -1.323734 -0.082880 0.108000
v -1.321886 -0.083645 -0.108000
v -1.323734 -0.082880 -0.107999
v -1.321886 -0.373645 0.108000
v -1.323863 -0.373949 0.108001
v -1.321886 -0.373645 -0.108000
v -1.323863 -0.373949 -0.107999
v -1.296016 -0.455896 0.108000
v -1.297924 -0.456497 0.108001
v -1.296016 -0.455896 -0.108000
v -1.297924 -0.456497 -0.107999
v -0.633771 0.234919 -0.141452
v -0.635771 0.234941 -0.141469
v -0.633771 0.234919 0.141452
v -0.635771 0.234941 0.141469
v -0.633771 0.302788 -0.087844
v -0.635771 0.302789 -0.087843
v -0.633771 0.302788 0.087844
v -0.635771 0.302789 0.087845
v -0.633771 0.034919 -0.141452
v -0.635771 0.034920 -0.141480
v -0.633771 0.034919 0.141452
v -0.635771 0.034920 0.141480
v 1.114977 0.430407 -0.046800
v 1.114978 0.432407 -0.046799
v 1.114977 0.430407 0.046800
v 1.114978 0.432407 0.046801
v 1.133922 0.430407 -0.046800
v 1.134671 0.432261 -0.046800
v 1.133922 0.430407 0.046800
v 1.134671 0.432261 0.046801
v 1.193922 0.372505 -0.046800
v 1.195763 0.373287 -0.046799
v 1.193922 0.372505 0.046800
v 1.195763 0.373287 0.046801
v 1.193922 0.284355 -0.046800
v 1.195922 0.284356 -0.046799
v 1.193922 0.284355 0.046800
v 1.195922 0.284356 0.046801
v 1.124189 0.284355 -0.087697
v 1.126189 0.284356 -0.087679
v 1.124189 0.400406 -0.087697
v 1.126189 0.400407 -0.087679
v 1.123644 0.400406 -0.026502
v 1.125644 0.400407 -0.026484
v 1.123644 0.284355 -0.026502
v 1.125644 0.284356 -0.026484
v 1.123644 0.400406 0.026502
v 1.125644 0.400407 0.026484
v 1.124189 0.284355 0.087697
v 1.126189 0.284356 0.087679
v 1.123644 0.284355 0.026502
v 1.125644 0.284356 0.026484
v 1.124189 0.400406 0.087697
v 1.126189 0.400407 0.087679
v 1.193922 0.284355 -0.078301
v 1.195922 0.284356 -0.078300
v 1.193922 0.370658 -0.078301
v 1.195768 0.371427 -0.078301
v 1.193922 0.370658 -0.047101
v 1.195768 0.371427 -0.047100
v 1.193922 0.284355 -0.047101
v 1.195922 0.284356 -0.047100
v 1.163922 0.400406 -0.078301
v 1.164683 0.402256 -0.078300
v 1.163922 0.400406 -0.047101
v 1.164683 0.402256 -0.047100
v 1.124978 0.400406 -0.047101
v 1.124979 0.402406 -0.047100
v 1.124978 0.400406 -0.078301
v 1.124979 0.402406 -0.078300
v 1.193922 0.370658 0.047101
v 1.195768 0.371427 0.047102
v 1.193922 0.284355 0.078301
v 1.195922 0.284356 0.078302
v 1.193922 0.284355 0.047101
v 1.195922 0.284356 0.047102
v 1.193922 0.370658 0.078301
v 1.195768 0.371427 0.078301
v 1.163922 0.400406 0.078301
v 1.164683 0.402255 0.078301
v 1.163922 0.400406 0.047101
v 1.164683 0.402256 0.047102
v 1.124978 0.400406 0.047101
v 1.124979 0.402406 0.047102
v 1.124978 0.400406 0.078301
v 1.124979 0.402406 0.078302
v 1.080495 0.471216 0.001572
v 1.082468 0.471543 0.001573
v 1.086785 0.433270 -0.007862
v 1.088758 0.433597 -0.007861
v 1.080495 0.471216 -0.001572
v 1.082468 0.471543 -0.001571
v 1.086785 0.433270 0.007862
v 1.088758 0.433597 0.007863
v 1.102923 0.279997 -0.027577
v 1.104923 0.279998 -0.027576
v 1.102923 0.432634 -0.027577
v 1.104923 0.432635 -0.027576
v 1.102923 0.279997 0.027577
v 1.104923 0.279998 0.027578
v 1.102923 0.432634 0.027577
v 1.104923 0.432635 0.027578
v 1.102923 0.433212 -0.000000
v 1.104923 0.433213 0.000001
v 1.102923 0.447269 -0.033941
v 1.104923 0.447270 -0.033940
v 1.102923 0.447269 0.033941
v 1.104923 0.447270 0.033942
v 1.102923 0.438784 -0.042426
v 1.104923 0.438785 -0.042425
v 1.102923 0.438784 0.042426
v 1.104923 0.438785 0.042427
v 1.102923 0.481211 -0.048000
v 1.104923 0.481212 -0.047999
v 1.102923 0.481211 0.048000
v 1.104923 0.481212 0.048001
v 1.102923 0.481211 -0.060000
v 1.104923 0.481212 -0.059999
v 1.102923 0.502424 -0.051213
v 1.104923 0.502425 -0.051212
v 1.102923 0.498182 -0.040971
v 1.104923 0.498183 -0.040970
v 1.102923 0.481211 0.060000
v 1.104923 0.481212 0.060001
v 1.102923 0.502424 0.051213
v 1.104923 0.502425 0.051214
v 1.102923 0.498182 0.040971
v 1.104923 0.498183 0.040972
v -0.495716 0.529788 -0.000000
v -0.497716 0.529789 0.000001
v -0.495716 0.524161 0.042842
v -0.497716 0.524162 0.042843
v -0.495716 0.541906 -0.000000
v -0.497716 0.541907 0.000001
v -0.495716 0.524161 -0.042842
v -0.497716 0.524162 -0.042841
v -0.495716 0.515592 0.034274
v -0.497716 0.515593 0.034275
v -0.495716 0.515592 -0.034274
v -0.497716 0.515593 -0.034273
v -0.495716 0.481318 0.060588
v -0.497716 0.481319 0.060589
v -0.495716 0.481318 -0.060588
v -0.497716 0.481319 -0.060587
v -0.495716 0.481318 0.048470
v -0.497716 0.481319 0.048471
v -0.495716 0.481318 -0.048470
v -0.497716 0.481319 -0.048469
v -0.495716 0.447044 0.034274
v -0.497716 0.447045 0.034275
v -0.495716 0.447044 -0.034274
v -0.497716 0.447045 -0.034273
v -0.495716 0.438475 0.042842
v -0.497716 0.438476 0.042843
v -0.495716 0.438475 -0.042842
v -0.497716 0.438476 -0.042841
v -0.495716 0.432265 0.027847
v -0.497716 0.432266 0.027848
v -0.495716 0.432265 -0.027847
v -0.497716 0.432266 -0.027846
v -0.495716 0.432847 -0.000000
v -0.497716 0.432848 0.000001
v -0.495716 0.281646 0.027847
v -0.497716 0.281647 0.027848
v -0.495716 0.281646 -0.027847
v -0.497716 0.281647 -0.027846
v -0.435022 0.430407 -0.046800
v -0.437022 0.430408 -0.046799
v -0.435022 0.284355 -0.046800
v -0.437022 0.284356 -0.046799
v -0.435022 0.284355 0.046800
v -0.437022 0.284356 0.046801
v -0.435022 0.430407 0.046800
v -0.437022 0.430408 0.046801
v -0.425022 0.400406 -0.078301
v -0.427022 0.400407 -0.078300
v -0.425022 0.400406 -0.047101
v -0.427022 0.400407 -0.047100
v -0.425022 0.284355 -0.047101
v -0.427022 0.284356 -0.047100
v -0.425022 0.284355 -0.078301
v -0.427022 0.284356 -0.078300
v -0.425022 0.400406 0.078301
v -0.427022 0.400407 0.078302
v -0.425022 0.400406 0.047101
v -0.427022 0.400407 0.047102
v -0.425022 0.284355 0.047101
v -0.427022 0.284356 0.047102
v -0.425022 0.284355 0.078301
v -0.427022 0.284356 0.078302
v -0.421992 0.294034 0.076834
v -0.423992 0.294035 0.076835
v -0.421992 0.336627 -0.030046
v -0.423992 0.336628 -0.030045
v -0.421992 0.294034 -0.077610
v -0.423992 0.294035 -0.077609
v -0.421992 0.320992 -0.068452
v -0.423992 0.320993 -0.068451
v -0.421992 0.336627 0.029270
v -0.423992 0.336628 0.029271
v -0.421992 0.320992 0.067675
v -0.423992 0.320993 0.067676
v 0.805084 -0.111381 -0.115301
v 0.806758 -0.112476 -0.115300
v 0.694322 -0.468953 0.115301
v 0.696009 -0.470027 0.115302
v 0.694322 -0.468953 -0.115301
v 0.696009 -0.470027 -0.115301
v 0.805084 -0.111381 0.115301
v 0.806758 -0.112476 0.115301
v 0.897576 -0.031448 -0.115301
v 0.898884 -0.032961 -0.115301
v 0.897576 -0.031448 0.115301
v 0.898884 -0.032961 0.115301
v 0.613923 -0.541906 0.115301
v 0.614643 -0.543772 0.115302
v 0.613923 -0.541906 -0.115301
v 0.614643 -0.543772 -0.115301
v 0.249348 -0.541906 -0.115301
v 0.249349 -0.543906 -0.115300
v 0.249348 -0.541906 0.115301
v 0.249349 -0.543906 0.115302
v -0.524745 0.370658 -0.088900
v -0.526592 0.371425 -0.088917
v -0.524745 0.284355 -0.088900
v -0.526745 0.284355 -0.088918
v -0.525289 0.284355 -0.027705
v -0.527289 0.284356 -0.027723
v -0.525289 0.370658 -0.027705
v -0.527134 0.371429 -0.027721
v -0.494750 0.400406 -0.088377
v -0.495513 0.402255 -0.088384
v -0.495294 0.400406 -0.027181
v -0.496054 0.402256 -0.027188
v -0.425811 0.400406 -0.087697
v -0.425810 0.402406 -0.087696
v -0.426355 0.400406 -0.026502
v -0.426354 0.402406 -0.026501
v -0.525289 0.370658 0.027705
v -0.527134 0.371429 0.027721
v -0.525289 0.284355 0.027705
v -0.527289 0.284356 0.027723
v -0.524745 0.370658 0.088900
v -0.526592 0.371425 0.088917
v -0.524745 0.284355 0.088900
v -0.526745 0.284355 0.088918
v -0.494750 0.400406 0.088377
v -0.495513 0.402255 0.088384
v -0.495294 0.400406 0.027181
v -0.496054 0.402256 0.027188
v -0.425811 0.400406 0.087697
v -0.425810 0.402406 0.087698
v -0.426355 0.400406 0.026502
v -0.426354 0.402406 0.026503
v 1.080495 0.471216 -0.001572
v 1.080496 0.473216 -0.001571
v 1.077351 0.471216 -0.001572
v 1.077352 0.473216 -0.001571
v 1.077351 0.471216 0.001572
v 1.077352 0.473216 0.001573
v 1.080495 0.471216 0.001572
v 1.080496 0.473216 0.001573
v 1.054923 0.502424 0.051213
v 1.054924 0.504272 0.050448
v 1.102923 0.502424 0.051213
v 1.102923 0.504272 0.050448
v 1.054923 0.498182 0.040971
v 1.054924 0.500030 0.040206
v 1.102923 0.498182 0.040971
v 1.102924 0.500030 0.040206
v 1.054923 0.502424 -0.051213
v 1.054924 0.504272 -0.050448
v 1.102923 0.498182 -0.040971
v 1.102924 0.500030 -0.040206
v 1.102923 0.502424 -0.051213
v 1.102924 0.504272 -0.050448
v 1.054923 0.498182 -0.040971
v 1.054924 0.500030 -0.040206
v 1.102923 0.481211 -0.048000
v 1.102924 0.481212 -0.046000
v 1.054923 0.498182 -0.040971
v 1.054923 0.497417 -0.039123
v 1.054923 0.481211 -0.048000
v 1.054924 0.481212 -0.046000
v 1.102923 0.498182 -0.040971
v 1.102923 0.497417 -0.039123
v 1.102923 0.447269 -0.033941
v 1.102924 0.448683 -0.032527
v 1.054923 0.447269 -0.033941
v 1.054923 0.448683 -0.032527
v 1.102923 0.433212 -0.000000
v 1.102924 0.435212 0.000001
v 1.054923 0.433212 -0.000000
v 1.054924 0.435212 0.000001
v 1.102923 0.447269 0.033941
v 1.102923 0.448683 0.032527
v 1.054923 0.447269 0.033941
v 1.054923 0.448683 0.032527
v 1.102923 0.481211 0.048000
v 1.102924 0.481212 0.046000
v 1.054923 0.481211 0.048000
v 1.054924 0.481212 0.046000
v 1.102923 0.498182 0.040971
v 1.102924 0.497417 0.039123
v 1.054923 0.498182 0.040971
v 1.054924 0.497417 0.039123
v -0.537822 0.034919 -0.141452
v -0.537794 0.032919 -0.141451
v -0.633771 0.034919 0.141452
v -0.633799 0.032919 0.141453
v -0.633771 0.034919 -0.141452
v -0.633799 0.032919 -0.141451
v -0.537822 0.034919 0.141452
v -0.537794 0.032919 0.141453
v -0.495716 0.524161 -0.042842
v -0.495716 0.525575 -0.044256
v -0.446438 0.524161 -0.042842
v -0.446438 0.525575 -0.044256
v -0.446438 0.481318 -0.060588
v -0.446437 0.481319 -0.062588
v -0.495716 0.541906 -0.000000
v -0.495715 0.543906 0.000001
v -0.495716 0.481318 -0.060588
v -0.495715 0.481319 -0.062588
v -0.446438 0.541906 -0.000000
v -0.446437 0.543906 0.000001
v -0.495716 0.438475 -0.042842
v -0.495716 0.437061 -0.044256
v -0.495716 0.524161 0.042842
v -0.495716 0.525575 0.044256
v -0.446438 0.438475 -0.042842
v -0.446437 0.437061 -0.044256
v -0.446438 0.524161 0.042842
v -0.446438 0.525575 0.044256
v -0.446438 0.432265 -0.027847
v -0.446437 0.431154 -0.029510
v -0.495716 0.481318 0.060588
v -0.495715 0.481319 0.062588
v -0.495716 0.432265 -0.027847
v -0.495715 0.431154 -0.029510
v -0.495716 0.281646 -0.027847
v -0.495715 0.281647 -0.029847
v -0.446438 0.281646 -0.027847
v -0.446437 0.281647 -0.029847
v -0.446438 0.481318 0.060588
v -0.446437 0.481319 0.062588
v -0.495716 0.438475 0.042842
v -0.495716 0.437061 0.044256
v -0.446438 0.438475 0.042842
v -0.446438 0.437061 0.044256
v -0.495716 0.432265 0.027847
v -0.495715 0.431155 0.029510
v -0.446438 0.432265 0.027847
v -0.446437 0.431154 0.029510
v -0.446438 0.281646 0.027847
v -0.446437 0.281647 0.029847
v -0.495716 0.281646 0.027847
v -0.495715 0.281647 0.029847
v 0.694063 0.147124 -0.140436
v 0.694064 0.147125 -0.142436
v 0.694063 0.068788 -0.140436
v 0.694064 0.068789 -0.142436
v 0.660922 0.107956 -0.140436
v 0.660923 0.107957 -0.142436
v 0.884438 0.068788 -0.140436
v 0.884439 0.068789 -0.142436
v 0.884438 0.147124 -0.140436
v 0.884439 0.147125 -0.142436
v 0.917578 0.107956 -0.140436
v 0.917579 0.107957 -0.142436
v -0.159916 0.211241 -0.140436
v -0.159915 0.211242 -0.142436
v -0.159916 0.179556 -0.140436
v -0.159915 0.179557 -0.142436
v -0.168879 0.195399 -0.140436
v -0.168878 0.195400 -0.142436
v 0.549705 0.179556 -0.140436
v 0.549706 0.179557 -0.142436
v 0.549705 0.211241 -0.140436
v 0.549706 0.211242 -0.142436
v 0.558668 0.195399 -0.140436
v 0.558669 0.195400 -0.142436
v -0.159916 0.146442 -0.140436
v -0.159915 0.146443 -0.142436
v -0.159916 0.114756 -0.140436
v -0.159915 0.114757 -0.142436
v -0.168879 0.130599 -0.140436
v -0.168878 0.130600 -0.142436
v 0.549705 0.114756 -0.140436
v 0.549706 0.114757 -0.142436
v 0.549705 0.146442 -0.140436
v 0.549706 0.146443 -0.142436
v 0.558668 0.130599 -0.140436
v 0.558669 0.130600 -0.142436
v 0.694063 0.068884 0.140265
v 0.694064 0.068885 0.142265
v 0.694063 0.147220 0.140265
v 0.694064 0.147221 0.142265
v 0.660922 0.108052 0.140265
v 0.660923 0.108053 0.142265
v 0.884438 0.147220 0.140265
v 0.884439 0.147221 0.142265
v 0.884438 0.068884 0.140265
v 0.884439 0.068885 0.142265
v 0.917578 0.108052 0.140265
v 0.917579 0.108053 0.142265
v -0.159916 0.179556 0.140265
v -0.159915 0.179557 0.142265
v 0.549705 0.211241 0.140265
v 0.549706 0.211242 0.142265
v -0.159916 0.211241 0.140265
v -0.159915 0.211242 0.142265
v -0.168879 0.195399 0.140265
v -0.168878 0.195400 0.142265
v 0.549705 0.179556 0.140265
v 0.549706 0.179557 0.142265
v 0.558668 0.195399 0.140265
v 0.558669 0.195400 0.142265
v -0.159916 0.114756 0.140265
v -0.159915 0.114757 0.142265
v 0.549705 0.146442 0.140265
v 0.549706 0.146443 0.142265
v -0.159916 0.146442 0.140265
v -0.159915 0.146443 0.142265
v -0.168879 0.130599 0.140265
v -0.168878 0.130600 0.142265
v 0.549705 0.114756 0.140265
v 0.549706 0.114757 0.142265
v 0.558668 0.130599 0.140265
v 0.558669 0.130600 0.142265
v 0.549705 0.114756 0.140265
v 0.549706 0.112756 0.140266
v -0.159916 0.114756 -0.140436
v -0.159915 0.112756 -0.140435
v 0.549705 0.114756 -0.140436
v 0.549706 0.112756 -0.140435
v -0.159916 0.114756 0.140265
v -0.159915 0.112756 0.140266
v 0.249348 -0.031448 -0.115301
v 0.249349 -0.031447 -0.117301
v 0.613923 -0.541906 -0.115301
v 0.613924 -0.541905 -0.117301
v 0.249348 -0.541906 -0.115301
v 0.249349 -0.541905 -0.117301
v 0.694322 -0.468953 -0.115301
v 0.694323 -0.468952 -0.117301
v 0.805084 -0.111381 -0.115301
v 0.805085 -0.111380 -0.117301
v 0.897576 -0.031448 -0.115301
v 0.897577 -0.031447 -0.117301
v 0.249348 -0.031448 0.115301
v 0.249349 -0.031447 0.117301
v 0.694322 -0.468953 0.115301
v 0.694323 -0.468952 0.117301
v 0.805084 -0.111381 0.115301
v 0.805085 -0.111380 0.117301
v 0.897576 -0.031448 0.115301
v 0.897577 -0.031447 0.117301
v 0.613923 -0.541906 0.115301
v 0.613924 -0.541905 0.117301
v 0.249348 -0.541906 0.115301
v 0.249349 -0.541905 0.117301
v -1.321886 -0.083645 -0.108000
v -1.321885 -0.083644 -0.110000
v -1.137485 -0.216441 -0.108000
v -1.137484 -0.216440 -0.110000
v -1.321886 -0.373645 -0.108000
v -1.321885 -0.373644 -0.110000
v -1.191885 0.046355 -0.108000
v -1.191884 0.046356 -0.110000
v -1.001885 -0.003645 -0.108000
v -1.001884 -0.003644 -0.110000
v -1.031384 0.046355 -0.108000
v -1.031383 0.046356 -0.110000
v -1.169987 -0.323897 -0.108000
v -1.169986 -0.323896 -0.110000
v -1.173967 -0.430027 -0.108000
v -1.173966 -0.430026 -0.110000
v -1.296016 -0.455896 -0.108000
v -1.296015 -0.455895 -0.110000
v -1.141464 -0.380942 -0.108000
v -1.141463 -0.380941 -0.110000
v -1.191885 0.046355 0.108000
v -1.191884 0.046356 0.110000
v -1.001885 -0.003645 0.108000
v -1.001884 -0.003644 0.110000
v -1.031384 0.046355 0.108000
v -1.031383 0.046356 0.110000
v -1.137485 -0.216441 0.108000
v -1.137484 -0.216440 0.110000
v -1.321886 -0.083645 0.108000
v -1.321885 -0.083644 0.110000
v -1.321886 -0.373645 0.108000
v -1.321885 -0.373644 0.110000
v -1.169987 -0.323897 0.108000
v -1.169986 -0.323896 0.110000
v -1.173967 -0.430027 0.108000
v -1.173966 -0.430026 0.110000
v -1.141464 -0.380942 0.108000
v -1.141463 -0.380941 0.110000
v -1.296016 -0.455896 0.108000
v -1.296015 -0.455895 0.110000
v 1.124189 0.284355 -0.087697
v 1.124213 0.284356 -0.089697
v 1.055250 0.400406 -0.088377
v 1.055274 0.400407 -0.090377
v 1.124189 0.400406 -0.087697
v 1.124213 0.400407 -0.089697
v 1.025255 0.370658 -0.088900
v 1.025279 0.370659 -0.090900
v 1.025255 0.284355 -0.088900
v 1.025279 0.284356 -0.090900
v 1.124189 0.284355 0.087697
v 1.124213 0.284356 0.089697
v 1.025255 0.370658 0.088900
v 1.025279 0.370659 0.090900
v 1.025255 0.284355 0.088900
v 1.025279 0.284356 0.090900
v 1.055250 0.400406 0.088377
v 1.055274 0.400407 0.090377
v 1.124189 0.400406 0.087697
v 1.124213 0.400407 0.089697
v 1.167579 0.294034 -0.077610
v 1.167580 0.294678 -0.079504
v -0.421992 0.294034 -0.077610
v -0.421991 0.294677 -0.079504
v 1.167579 0.320992 -0.068452
v 1.167580 0.321635 -0.070346
v -0.421992 0.320992 -0.068452
v -0.421991 0.321636 -0.070346
v 1.167579 0.320992 -0.068452
v 1.167580 0.322845 -0.069206
v -0.421992 0.320992 -0.068452
v -0.421991 0.322844 -0.069206
v -0.421992 0.336627 -0.030046
v -0.421991 0.338590 -0.030430
v 1.167579 0.336627 -0.030046
v 1.167579 0.338590 -0.030430
v -0.421992 0.336627 0.029270
v -0.421991 0.338590 0.029654
v 1.167579 0.336627 0.029270
v 1.167580 0.338590 0.029654
v -0.421992 0.320992 0.067675
v -0.421991 0.322845 0.068429
v 1.167579 0.320992 0.067675
v 1.167580 0.322845 0.068429
v 1.167579 0.294034 0.076834
v 1.167579 0.294677 0.078728
v -0.421992 0.320992 0.067675
v -0.421991 0.321636 0.069569
v -0.421992 0.294034 0.076834
v -0.421992 0.294677 0.078728
v 1.167579 0.320992 0.067675
v 1.167580 0.321636 0.069569
v -0.386077 0.400406 -0.078301
v -0.386076 0.400407 -0.080301
v -0.425022 0.400406 -0.078301
v -0.425021 0.400407 -0.080301
v -0.356077 0.370658 -0.078301
v -0.356076 0.370659 -0.080301
v -0.356077 0.284355 -0.078301
v -0.356076 0.284356 -0.080301
v -0.425022 0.284355 -0.078301
v -0.425021 0.284356 -0.080301
v -0.386077 0.400406 0.078301
v -0.386076 0.400407 0.080301
v -0.356077 0.370658 0.078301
v -0.356076 0.370659 0.080301
v -0.425022 0.400406 0.078301
v -0.425021 0.400407 0.080301
v -0.356077 0.284355 0.078301
v -0.356076 0.284356 0.080301
v -0.425022 0.284355 0.078301
v -0.425021 0.284356 0.080301
v -0.425811 0.284355 -0.087697
v -0.425787 0.284356 -0.089697
v -0.494750 0.400406 -0.088377
v -0.494726 0.400407 -0.090377
v -0.425811 0.400406 -0.087697
v -0.425787 0.400407 -0.089697
v -0.524745 0.370658 -0.088900
v -0.524721 0.370659 -0.090900
v -0.524745 0.284355 -0.088900
v -0.524721 0.284355 -0.090900
v -0.425811 0.284355 0.087697
v -0.425787 0.284356 0.089697
v -0.524745 0.370658 0.088900
v -0.524721 0.370659 0.090900
v -0.524745 0.284355 0.088900
v -0.524721 0.284355 0.090900
v -0.494750 0.400406 0.088377
v -0.494726 0.400407 0.090377
v -0.425811 0.400406 0.087697
v -0.425787 0.400407 0.089697
v 1.163922 0.400406 -0.078301
v 1.163923 0.400407 -0.080301
v 1.124978 0.400406 -0.078301
v 1.124979 0.400407 -0.080301
v 1.193922 0.370658 -0.078301
v 1.193923 0.370659 -0.080301
v 1.193922 0.284355 -0.078301
v 1.193923 0.284356 -0.080301
v 1.124978 0.284355 -0.078301
v 1.124979 0.284356 -0.080301
v 1.163922 0.400406 0.078301
v 1.163923 0.400407 0.080301
v 1.193922 0.370658 0.078301
v 1.193923 0.370659 0.080301
v 1.124978 0.400406 0.078301
v 1.124979 0.400407 0.080301
v 1.193922 0.284355 0.078301
v 1.193923 0.284356 0.080301
v 1.124978 0.284355 0.078301
v 1.124979 0.284356 0.080301
v 1.272777 0.150264 0.055488
v 1.272777 0.151678 0.056902
v 1.150482 0.150264 0.055488
v 1.150482 0.151678 0.056902
v 1.272777 0.094775 0.078471
v 1.272778 0.094776 0.080471
v 1.150482 0.094775 0.078471
v 1.150483 0.094776 0.080471
v 1.150482 0.173247 -0.000000
v 1.150483 0.175247 0.000001
v 1.272777 0.039288 0.055488
v 1.272777 0.037874 0.056902
v 1.272777 0.173247 -0.000000
v 1.272778 0.175247 0.000001
v 1.150482 0.039288 0.055488
v 1.150482 0.037874 0.056902
v 1.150482 0.150264 -0.055488
v 1.150482 0.151678 -0.056902
v 1.272777 0.016305 -0.000000
v 1.272778 0.014305 0.000001
v 1.272777 0.150264 -0.055488
v 1.272778 0.151678 -0.056902
v 1.150482 0.016305 -0.000000
v 1.150483 0.014305 0.000001
v 1.150482 0.094775 -0.078471
v 1.150483 0.094776 -0.080471
v 1.272777 0.039288 -0.055488
v 1.272777 0.037874 -0.056902
v 1.272777 0.094775 -0.078471
v 1.272778 0.094776 -0.080471
v 1.150482 0.039288 -0.055488
v 1.150482 0.037874 -0.056902
v -0.435022 0.430407 -0.046800
v -0.435021 0.430408 -0.048800
v -0.356077 0.372505 -0.046800
v -0.356076 0.372506 -0.048800
v -0.435022 0.284355 -0.046800
v -0.435021 0.284356 -0.048800
v -0.356077 0.284355 -0.046800
v -0.356076 0.284356 -0.048800
v -0.416077 0.430407 -0.046800
v -0.416076 0.430408 -0.048800
v -0.435022 0.430407 0.046800
v -0.435021 0.430408 0.048800
v -0.356077 0.372505 0.046800
v -0.356076 0.372506 0.048800
v -0.416077 0.430407 0.046800
v -0.416076 0.430408 0.048800
v -0.435022 0.284355 0.046800
v -0.435021 0.284356 0.048800
v -0.356077 0.284355 0.046800
v -0.356076 0.284356 0.048800
v 1.114977 0.430407 -0.046800
v 1.114978 0.430408 -0.048800
v 1.193922 0.372505 -0.046800
v 1.193923 0.372506 -0.048800
v 1.114977 0.284355 -0.046800
v 1.114978 0.284356 -0.048800
v 1.193922 0.284355 -0.046800
v 1.193923 0.284356 -0.048800
v 1.133922 0.430407 -0.046800
v 1.133923 0.430408 -0.048800
v 1.114977 0.430407 0.046800
v 1.114978 0.430408 0.048800
v 1.193922 0.372505 0.046800
v 1.193923 0.372506 0.048800
v 1.133922 0.430407 0.046800
v 1.133923 0.430408 0.048800
v 1.114977 0.284355 0.046800
v 1.114978 0.284356 0.048800
v 1.193922 0.284355 0.046800
v 1.193923 0.284356 0.048800
v 1.077351 0.471216 0.001572
v 1.077352 0.471543 0.003545
v 1.071061 0.433270 0.007862
v 1.071062 0.433597 0.009835
v 1.086785 0.433270 0.007862
v 1.086786 0.433597 0.009835
v 1.080495 0.471216 0.001572
v 1.080496 0.471543 0.003545
v 1.071061 0.433270 -0.007862
v 1.071062 0.433597 -0.009835
v 1.080495 0.471216 -0.001572
v 1.080496 0.471543 -0.003545
v 1.086785 0.433270 -0.007862
v 1.086786 0.433597 -0.009835
v 1.077351 0.471216 -0.001572
v 1.077351 0.471543 -0.003545
v 0.249348 -0.541906 0.115301
v 0.247348 -0.541905 0.115302
v 0.249348 -0.031448 0.115301
v 0.247348 -0.031447 0.115302
v 0.249348 -0.541906 -0.115301
v 0.247348 -0.541905 -0.115300
v 0.249348 -0.031448 -0.115301
v 0.247348 -0.031447 -0.115300
v 1.054923 0.438784 0.042426
v 1.054923 0.437370 0.043840
v 1.102923 0.438784 0.042426
v 1.102923 0.437370 0.043840
v 1.102923 0.481211 0.060000
v 1.102924 0.481212 0.062000
v 1.054923 0.432634 0.027577
v 1.054924 0.431523 0.029240
v 1.054923 0.481211 0.060000
v 1.054924 0.481212 0.062000
v 1.102923 0.502424 0.051213
v 1.102924 0.503189 0.053061
v 1.054923 0.502424 0.051213
v 1.054923 0.503189 0.053061
v 1.102923 0.432634 0.027577
v 1.102923 0.431523 0.029240
v 1.054923 0.279997 0.027577
v 1.054924 0.279998 0.029577
v 1.102923 0.279997 0.027577
v 1.102924 0.279998 0.029577
v 1.054923 0.481211 -0.060000
v 1.054924 0.481212 -0.062000
v 1.102923 0.481211 -0.060000
v 1.102924 0.481212 -0.062000
v 1.102923 0.438784 -0.042426
v 1.102923 0.437370 -0.043840
v 1.054923 0.502424 -0.051213
v 1.054924 0.503189 -0.053061
v 1.102923 0.502424 -0.051213
v 1.102924 0.503189 -0.053061
v 1.054923 0.438784 -0.042426
v 1.054923 0.437370 -0.043840
v 1.102923 0.432634 -0.027577
v 1.102924 0.431523 -0.029240
v 1.054923 0.432634 -0.027577
v 1.054924 0.431523 -0.029240
v 1.054923 0.279997 -0.027577
v 1.054924 0.279998 -0.029577
v 1.102923 0.279997 -0.027577
v 1.102924 0.279998 -0.029577
v -0.446438 0.529788 -0.000000
v -0.446437 0.527788 0.000001
v -0.495716 0.515592 0.034274
v -0.495716 0.514178 0.032860
v -0.495716 0.529788 -0.000000
v -0.495715 0.527788 0.000001
v -0.446438 0.515592 0.034274
v -0.446438 0.514178 0.032860
v -0.446438 0.515592 -0.034274
v -0.446438 0.514178 -0.032860
v -0.495716 0.481318 0.048470
v -0.495715 0.481319 0.046470
v -0.495716 0.515592 -0.034274
v -0.495716 0.514178 -0.032860
v -0.446438 0.481318 0.048470
v -0.446437 0.481319 0.046470
v -0.446438 0.481318 -0.048470
v -0.446437 0.481319 -0.046470
v -0.495716 0.447044 0.034274
v -0.495716 0.448458 0.032860
v -0.495716 0.481318 -0.048470
v -0.495715 0.481319 -0.046470
v -0.446438 0.447044 0.034274
v -0.446438 0.448458 0.032860
v -0.446438 0.447044 -0.034274
v -0.446438 0.448458 -0.032860
v -0.495716 0.432847 -0.000000
v -0.495715 0.434847 0.000001
v -0.495716 0.447044 -0.034274
v -0.495716 0.448458 -0.032860
v -0.446438 0.432847 -0.000000
v -0.446437 0.434847 0.000001
v -0.525289 0.370658 -0.027705
v -0.525313 0.370657 -0.025705
v -0.426355 0.284355 -0.026502
v -0.426379 0.284354 -0.024502
v -0.495294 0.400406 -0.027181
v -0.495318 0.400405 -0.025181
v -0.426355 0.400406 -0.026502
v -0.426379 0.400405 -0.024502
v -0.525289 0.284355 -0.027705
v -0.525313 0.284355 -0.025705
v -0.426355 0.400406 0.026502
v -0.426379 0.400405 0.024502
v -0.426355 0.284355 0.026502
v -0.426379 0.284354 0.024502
v -0.495294 0.400406 0.027181
v -0.495318 0.400405 0.025181
v -0.525289 0.370658 0.027705
v -0.525313 0.370657 0.025705
v -0.525289 0.284355 0.027705
v -0.525313 0.284355 0.025705
v -0.168879 0.195399 -0.140436
v -0.170879 0.195400 -0.140435
v -0.168879 0.195399 0.140265
v -0.170879 0.195400 0.140266
v -0.159916 0.211241 -0.140436
v -0.160923 0.212969 -0.140435
v -0.159916 0.211241 0.140265
v -0.160924 0.212969 0.140265
v -0.159916 0.179556 0.140265
v -0.160923 0.177828 0.140266
v 0.549705 0.211241 -0.140436
v 0.550713 0.212969 -0.140436
v -0.159916 0.179556 -0.140436
v -0.160923 0.177828 -0.140435
v 0.549705 0.211241 0.140265
v 0.550713 0.212969 0.140265
v 0.549705 0.179556 0.140265
v 0.550713 0.177828 0.140265
v 0.558668 0.195399 -0.140436
v 0.560668 0.195400 -0.140435
v 0.549705 0.179556 -0.140436
v 0.550713 0.177828 -0.140436
v 0.558668 0.195399 0.140265
v 0.560668 0.195400 0.140266
v -0.537822 0.234919 -0.141452
v -0.537794 0.235559 -0.143347
v -0.537822 0.034919 -0.141452
v -0.537821 0.034891 -0.143452
v -0.633771 0.234919 -0.141452
v -0.633799 0.235559 -0.143347
v -0.633771 0.034919 -0.141452
v -0.633770 0.034891 -0.143452
v -0.537822 0.302788 -0.087844
v -0.537822 0.304588 -0.088716
v -0.633771 0.302788 -0.087844
v -0.633770 0.304588 -0.088716
v -0.537822 0.302788 0.087844
v -0.537821 0.304589 0.088715
v -0.633771 0.302788 0.087844
v -0.633771 0.304588 0.088716
v -0.537822 0.234919 0.141452
v -0.537794 0.235559 0.143347
v -0.633771 0.234919 0.141452
v -0.633799 0.235559 0.143347
v -0.633771 0.034919 0.141452
v -0.633770 0.034891 0.143452
v -0.537822 0.034919 0.141452
v -0.537821 0.034891 0.143452
v 1.024710 0.370658 -0.027705
v 1.024686 0.370657 -0.025705
v 1.123644 0.284355 -0.026502
v 1.123620 0.284354 -0.024502
v 1.054706 0.400406 -0.027181
v 1.054681 0.400405 -0.025181
v 1.123644 0.400406 -0.026502
v 1.123620 0.400405 -0.024502
v 1.024710 0.284355 -0.027705
v 1.024686 0.284354 -0.025705
v 1.123644 0.400406 0.026502
v 1.123620 0.400405 0.024502
v 1.123644 0.284355 0.026502
v 1.123620 0.284354 0.024502
v 1.054706 0.400406 0.027181
v 1.054681 0.400405 0.025181
v 1.024710 0.370658 0.027705
v 1.024686 0.370657 0.025705
v 1.024710 0.284355 0.027705
v 1.024686 0.284354 0.025705
v -0.435022 0.284355 -0.046800
v -0.435021 0.282355 -0.046799
v -0.356077 0.284355 -0.046800
v -0.356076 0.282355 -0.046799
v -0.356077 0.284355 0.046800
v -0.356076 0.282355 0.046801
v -0.435022 0.284355 0.046800
v -0.435021 0.282355 0.046801
v -0.425811 0.284355 -0.087697
v -0.425810 0.282355 -0.087696
v -0.525289 0.284355 -0.027705
v -0.525288 0.282355 -0.027704
v -0.524745 0.284355 -0.088900
v -0.524744 0.282355 -0.088899
v -0.426355 0.284355 -0.026502
v -0.426354 0.282355 -0.026501
v -0.525289 0.284355 0.027705
v -0.525288 0.282355 0.027706
v -0.425811 0.284355 0.087697
v -0.425810 0.282355 0.087698
v -0.524745 0.284355 0.088900
v -0.524744 0.282355 0.088901
v -0.426355 0.284355 0.026502
v -0.426354 0.282355 0.026503
v 1.114977 0.284355 -0.046800
v 1.114978 0.282355 -0.046799
v 1.193922 0.284355 -0.046800
v 1.193923 0.282355 -0.046799
v 1.193922 0.284355 0.046800
v 1.193923 0.282355 0.046801
v 1.114977 0.284355 0.046800
v 1.114978 0.282355 0.046801
v 1.124189 0.284355 -0.087697
v 1.124190 0.282355 -0.087696
v 1.024710 0.284355 -0.027705
v 1.024711 0.282355 -0.027704
v 1.025255 0.284355 -0.088900
v 1.025256 0.282355 -0.088899
v 1.123644 0.284355 -0.026502
v 1.123645 0.282355 -0.026501
v 1.024710 0.284355 0.027705
v 1.024711 0.282355 0.027706
v 1.124189 0.284355 0.087697
v 1.124190 0.282355 0.087698
v 1.025255 0.284355 0.088900
v 1.025256 0.282355 0.088901
v 1.123644 0.284355 0.026502
v 1.123645 0.282355 0.026503
v -0.386077 0.400406 -0.047101
v -0.386076 0.400407 -0.045101
v -0.356077 0.370658 -0.047101
v -0.356076 0.370659 -0.045101
v -0.425022 0.400406 -0.047101
v -0.425021 0.400407 -0.045101
v -0.356077 0.284355 -0.047101
v -0.356076 0.284356 -0.045101
v -0.425022 0.284355 -0.047101
v -0.425021 0.284356 -0.045101
v -0.425022 0.400406 0.047101
v -0.425021 0.400407 0.045101
v -0.386077 0.400406 0.047101
v -0.386076 0.400407 0.045101
v -0.356077 0.370658 0.047101
v -0.356076 0.370659 0.045101
v -0.356077 0.284355 0.047101
v -0.356076 0.284356 0.045101
v -0.425022 0.284355 0.047101
v -0.425021 0.284356 0.045101
v 1.163922 0.400406 -0.047101
v 1.163923 0.400407 -0.045101
v 1.193922 0.370658 -0.047101
v 1.193923 0.370659 -0.045101
v 1.124978 0.400406 -0.047101
v 1.124979 0.400407 -0.045101
v 1.193922 0.284355 -0.047101
v 1.193923 0.284356 -0.045101
v 1.124978 0.284355 -0.047101
v 1.124979 0.284356 -0.045101
v 1.124978 0.400406 0.047101
v 1.124979 0.400407 0.045101
v 1.163922 0.400406 0.047101
v 1.163923 0.400407 0.045101
v 1.193922 0.370658 0.047101
v 1.193923 0.370659 0.045101
v 1.193922 0.284355 0.047101
v 1.193923 0.284356 0.045101
v 1.124978 0.284355 0.047101
v 1.124979 0.284356 0.045101
v 1.512681 0.094775 0.090991
v 1.512682 0.094776 0.092991
v 1.290751 0.159115 0.064340
v 1.290752 0.160529 0.065754
v 1.290751 0.094775 0.090991
v 1.290752 0.094776 0.092991
v 1.512681 0.159115 0.064340
v 1.512682 0.160529 0.065754
v 1.512681 0.030436 0.064340
v 1.512681 0.029022 0.065754
v 1.290751 0.185766 -0.000000
v 1.290752 0.187766 0.000001
v 1.290751 0.030436 0.064340
v 1.290752 0.029022 0.065754
v 1.512681 0.185766 -0.000000
v 1.512682 0.187766 0.000001
v 1.512681 0.003785 -0.000000
v 1.512682 0.001785 0.000001
v 1.290751 0.159115 -0.064340
v 1.290752 0.160529 -0.065754
v 1.290751 0.003785 -0.000000
v 1.290752 0.001785 0.000001
v 1.512681 0.159115 -0.064340
v 1.512682 0.160529 -0.065754
v 1.512681 0.030436 -0.064340
v 1.512682 0.029022 -0.065754
v 1.290751 0.094775 -0.090991
v 1.290752 0.094776 -0.092991
v 1.290751 0.030436 -0.064340
v 1.290751 0.029022 -0.065754
v 1.512681 0.094775 -0.090991
v 1.512682 0.094776 -0.092991
v -0.168879 0.130599 -0.140436
v -0.170879 0.130600 -0.140435
v -0.168879 0.130599 0.140265
v -0.170879 0.130600 0.140266
v -0.159916 0.146442 -0.140436
v -0.160923 0.148170 -0.140435
v -0.159916 0.114756 0.140265
v -0.161657 0.113772 0.140266
v -0.159916 0.114756 -0.140436
v -0.161657 0.113772 -0.140435
v -0.159916 0.146442 0.140265
v -0.160923 0.148170 0.140266
v 0.549705 0.146442 -0.140436
v 0.550712 0.148170 -0.140435
v 0.549705 0.146442 0.140265
v 0.550713 0.148170 0.140265
v 0.558668 0.130599 -0.140436
v 0.560668 0.130600 -0.140435
v 0.558668 0.130599 0.140265
v 0.560668 0.130600 0.140266
v 0.549705 0.114756 -0.140436
v 0.551446 0.113772 -0.140435
v 0.549705 0.114756 0.140265
v 0.551446 0.113772 0.140266
v 0.884438 0.147124 -0.140436
v 0.885280 0.148938 -0.140437
v 0.917578 0.108052 0.140265
v 0.919578 0.108053 0.140266
v 0.917578 0.107956 -0.140436
v 0.919578 0.107955 -0.140435
v 0.884438 0.147220 0.140265
v 0.885279 0.149034 0.140264
v 0.884438 0.068884 0.140265
v 0.885280 0.067070 0.140266
v 0.694063 0.147220 0.140265
v 0.693222 0.149034 0.140264
v 0.884438 0.068788 -0.140436
v 0.885279 0.066973 -0.140435
v 0.694063 0.147124 -0.140436
v 0.693221 0.148938 -0.140437
v 0.694063 0.068788 -0.140436
v 0.693222 0.066974 -0.140435
v 0.660922 0.108052 0.140265
v 0.658922 0.108053 0.140266
v 0.694063 0.068884 0.140265
v 0.693221 0.067070 0.140266
v 0.660922 0.107956 -0.140436
v 0.658922 0.107955 -0.140435
v 0.249348 -0.031448 -0.115301
v 0.249349 -0.029448 -0.115300
v 0.897576 -0.031448 0.115301
v 0.897577 -0.029448 0.115302
v 0.897576 -0.031448 -0.115301
v 0.897577 -0.029448 -0.115300
v 0.249348 -0.031448 0.115301
v 0.249349 -0.029448 0.115302
v 1.025255 0.370658 -0.088900
v 1.023408 0.371426 -0.088916
v 1.025255 0.284355 -0.088900
v 1.023255 0.284356 -0.088918
v 1.024710 0.284355 -0.027705
v 1.022710 0.284356 -0.027723
v 1.024710 0.370658 -0.027705
v 1.022865 0.371429 -0.027721
v 1.055250 0.400406 -0.088377
v 1.054487 0.402255 -0.088384
v 1.054706 0.400406 -0.027181
v 1.053946 0.402256 -0.027188
v 1.124189 0.400406 -0.087697
v 1.124190 0.402406 -0.087696
v 1.123644 0.400406 -0.026502
v 1.123645 0.402406 -0.026501
v 1.024710 0.370658 0.027705
v 1.022865 0.371429 0.027721
v 1.024710 0.284355 0.027705
v 1.022710 0.284356 0.027723
v 1.025255 0.370658 0.088900
v 1.023408 0.371426 0.088916
v 1.025255 0.284355 0.088900
v 1.023255 0.284356 0.088918
v 1.055250 0.400406 0.088377
v 1.054487 0.402255 0.088384
v 1.054706 0.400406 0.027181
v 1.053946 0.402256 0.027188
v 1.124189 0.400406 0.087697
v 1.124190 0.402406 0.087698
v 1.123644 0.400406 0.026502
v 1.123645 0.402406 0.026503
v -0.356077 0.284355 -0.078301
v -0.354077 0.284356 -0.078300
v -0.356077 0.370658 -0.078301
v -0.354231 0.371427 -0.078300
v -0.356077 0.370658 -0.047101
v -0.354231 0.371427 -0.047100
v -0.356077 0.284355 -0.047101
v -0.354077 0.284356 -0.047100
v -0.386077 0.400406 -0.078301
v -0.385316 0.402256 -0.078300
v -0.386077 0.400406 -0.047101
v -0.385316 0.402256 -0.047100
v -0.425022 0.400406 -0.047101
v -0.425021 0.402406 -0.047100
v -0.425022 0.400406 -0.078301
v -0.425021 0.402406 -0.078300
v -0.356077 0.370658 0.047101
v -0.354231 0.371427 0.047102
v -0.356077 0.284355 0.078301
v -0.354077 0.284356 0.078302
v -0.356077 0.284355 0.047101
v -0.354077 0.284356 0.047102
v -0.356077 0.370658 0.078301
v -0.354231 0.371427 0.078302
v -0.386077 0.400406 0.078301
v -0.385316 0.402256 0.078302
v -0.386077 0.400406 0.047101
v -0.385316 0.402256 0.047102
v -0.425022 0.400406 0.047101
v -0.425021 0.402406 0.047102
v -0.425022 0.400406 0.078301
v -0.425021 0.402406 0.078302
v -0.435022 0.430407 -0.046800
v -0.435021 0.432407 -0.046799
v -0.435022 0.430407 0.046800
v -0.435021 0.432407 0.046801
v -0.416077 0.430407 -0.046800
v -0.415328 0.432261 -0.046799
v -0.416077 0.430407 0.046800
v -0.415328 0.432261 0.046801
v -0.356077 0.372505 -0.046800
v -0.354236 0.373287 -0.046799
v -0.356077 0.372505 0.046800
v -0.354236 0.373287 0.046801
v -0.356077 0.284355 -0.046800
v -0.354077 0.284356 -0.046799
v -0.356077 0.284355 0.046800
v -0.354077 0.284356 0.046801
v -0.425811 0.284355 -0.087697
v -0.423811 0.284356 -0.087679
v -0.425811 0.400406 -0.087697
v -0.423811 0.400407 -0.087679
v -0.426355 0.400406 -0.026502
v -0.424355 0.400407 -0.026484
v -0.426355 0.284355 -0.026502
v -0.424355 0.284356 -0.026484
v -0.426355 0.400406 0.026502
v -0.424355 0.400407 0.026483
v -0.425811 0.284355 0.087697
v -0.423811 0.284356 0.087678
v -0.426355 0.284355 0.026502
v -0.424355 0.284356 0.026483
v -0.425811 0.400406 0.087697
v -0.423811 0.400407 0.087678
v -0.446438 0.432265 0.027847
v -0.444438 0.432266 0.027848
v -0.446438 0.281646 0.027847
v -0.444438 0.281647 0.027848
v -0.446438 0.281646 -0.027847
v -0.444438 0.281647 -0.027846
v -0.446438 0.432265 -0.027847
v -0.444438 0.432266 -0.027846
v -0.446438 0.432847 -0.000000
v -0.444438 0.432848 0.000001
v -0.446438 0.447044 0.034274
v -0.444438 0.447045 0.034275
v -0.446438 0.447044 -0.034274
v -0.444438 0.447045 -0.034273
v -0.446438 0.438475 0.042842
v -0.444438 0.438476 0.042843
v -0.446438 0.438475 -0.042842
v -0.444438 0.438476 -0.042841
v -0.446438 0.481318 0.060588
v -0.444438 0.481319 0.060589
v -0.446438 0.481318 -0.060588
v -0.444438 0.481319 -0.060587
v -0.446438 0.481318 0.048470
v -0.444438 0.481319 0.048471
v -0.446438 0.481318 -0.048470
v -0.444438 0.481319 -0.048469
v -0.446438 0.515592 0.034274
v -0.444438 0.515593 0.034275
v -0.446438 0.515592 -0.034274
v -0.444438 0.515593 -0.034273
v -0.446438 0.524161 0.042842
v -0.444438 0.524162 0.042843
v -0.446438 0.524161 -0.042842
v -0.444438 0.524162 -0.042841
v -0.446438 0.529788 -0.000000
v -0.444438 0.529789 0.000001
v -0.446438 0.541906 -0.000000
v -0.444438 0.541907 0.000001
v 1.077351 0.471216 -0.001572
v 1.075378 0.471543 -0.001572
v 1.071061 0.433270 -0.007862
v 1.069088 0.433597 -0.007862
v 1.071061 0.433270 0.007862
v 1.069088 0.433597 0.007863
v 1.077351 0.471216 0.001572
v 1.075378 0.471543 0.001573
v 1.054923 0.279997 0.027577
v 1.052923 0.279998 0.027578
v 1.054923 0.279997 -0.027577
v 1.052923 0.279998 -0.027576
v 1.054923 0.432634 0.027577
v 1.052923 0.432635 0.027578
v 1.054923 0.432634 -0.027577
v 1.052923 0.432635 -0.027576
v 1.054923 0.433212 -0.000000
v 1.052923 0.433213 0.000001
v 1.054923 0.447269 0.033941
v 1.052923 0.447270 0.033942
v 1.054923 0.447269 -0.033941
v 1.052923 0.447270 -0.033940
v 1.054923 0.438784 0.042426
v 1.052923 0.438785 0.042427
v 1.054923 0.438784 -0.042426
v 1.052923 0.438785 -0.042425
v 1.054923 0.481211 0.048000
v 1.052923 0.481212 0.048001
v 1.054923 0.481211 -0.048000
v 1.052923 0.481212 -0.047999
v 1.054923 0.481211 0.060000
v 1.052923 0.481212 0.060001
v 1.054923 0.502424 0.051213
v 1.052923 0.502425 0.051214
v 1.054923 0.498182 0.040971
v 1.052923 0.498183 0.040972
v 1.054923 0.481211 -0.060000
v 1.052923 0.481212 -0.059999
v 1.054923 0.502424 -0.051213
v 1.052923 0.502425 -0.051212
v 1.054923 0.498182 -0.040971
v 1.052923 0.498183 -0.040970
v -0.537822 0.034919 -0.141452
v -0.535822 0.034920 -0.141480
v -0.537822 0.234919 -0.141452
v -0.535822 0.234941 -0.141469
v -0.537822 0.234919 0.141452
v -0.535822 0.234941 0.141469
v -0.537822 0.034919 0.141452
v -0.535822 0.034920 0.141480
v -0.537822 0.302788 -0.087844
v -0.535822 0.302787 -0.087843
v -0.537822 0.302788 0.087844
v -0.535822 0.302787 0.087845
v 1.114977 0.430407 -0.046800
v 1.112977 0.430408 -0.046799
v 1.114977 0.284355 -0.046800
v 1.112977 0.284356 -0.046799
v 1.114977 0.284355 0.046800
v 1.112977 0.284356 0.046801
v 1.114977 0.430407 0.046800
v 1.112977 0.430408 0.046801
v 1.124978 0.400406 -0.078301
v 1.122978 0.400407 -0.078300
v 1.124978 0.400406 -0.047101
v 1.122978 0.400407 -0.047100
v 1.124978 0.284355 -0.047101
v 1.122978 0.284356 -0.047100
v 1.124978 0.284355 -0.078301
v 1.122978 0.284356 -0.078300
v 1.124978 0.400406 0.078301
v 1.122978 0.400407 0.078302
v 1.124978 0.400406 0.047101
v 1.122978 0.400407 0.047102
v 1.124978 0.284355 0.047101
v 1.122978 0.284356 0.047102
v 1.124978 0.284355 0.078301
v 1.122978 0.284356 0.078302
v 1.272777 0.039288 -0.055488
v 1.271634 0.038128 -0.056648
v 1.290751 0.003785 -0.000000
v 1.289608 0.002144 -0.000000
v 1.272777 0.016305 -0.000000
v 1.271634 0.014664 -0.000000
v 1.272777 0.039288 0.055488
v 1.271634 0.038128 0.056648
v 1.290751 0.030436 -0.064340
v 1.289608 0.029276 -0.065500
v 1.290751 0.030436 0.064340
v 1.289608 0.029276 0.065500
v 1.290751 0.094775 -0.090991
v 1.289608 0.094776 -0.092632
v 1.290751 0.094775 0.090991
v 1.289608 0.094776 0.092632
v 1.272777 0.094775 -0.078471
v 1.271634 0.094775 -0.080112
v 1.272777 0.094775 0.078471
v 1.271634 0.094775 0.080112
v 1.272777 0.150264 -0.055488
v 1.271634 0.151424 -0.056648
v 1.272777 0.150264 0.055488
v 1.271634 0.151424 0.056648
v 1.290751 0.159115 -0.064340
v 1.289608 0.160275 -0.065501
v 1.290751 0.159115 0.064340
v 1.289608 0.160275 0.065500
v 1.290751 0.185766 -0.000000
v 1.289608 0.187407 -0.000000
v 1.272777 0.173247 -0.000000
v 1.271634 0.174888 -0.000000
v -1.001885 -0.003645 0.108000
v -0.999885 -0.003679 0.108001
v -1.001885 -0.003645 -0.108000
v -0.999885 -0.003679 -0.107999
v -1.031384 0.046355 -0.108000
v -1.029661 0.047371 -0.108000
v -1.031384 0.046355 0.108000
v -1.029661 0.047371 0.108000
v -1.137485 -0.216441 0.108000
v -1.135668 -0.217276 0.108001
v -1.137485 -0.216441 -0.108000
v -1.135668 -0.217276 -0.108000
v -1.169987 -0.323897 -0.108000
v -1.167994 -0.323728 -0.107999
v -1.169987 -0.323897 0.108000
v -1.167994 -0.323728 0.108001
v -1.141464 -0.380942 -0.108000
v -1.139468 -0.381064 -0.107999
v -1.141464 -0.380942 0.108000
v -1.139468 -0.381064 0.108001
v -1.173967 -0.430027 -0.108000
v -1.172842 -0.431681 -0.108000
v -1.173967 -0.430027 0.108000
v -1.172842 -0.431681 0.108001
v -1.296016 -0.455896 -0.108000
v -1.295601 -0.457852 -0.107999
v -1.296016 -0.455896 0.108000
v -1.295601 -0.457853 0.108000
v -1.412792 0.157871 -0.140000
v -1.410792 0.157872 -0.139999
v -1.412792 0.157871 0.140000
v -1.410792 0.157872 0.140001
v -1.412792 -0.513734 0.140000
v -1.410792 -0.513733 0.140001
v -1.412792 -0.513734 -0.140000
v -1.410792 -0.513733 -0.139999
v -1.412792 0.215003 0.087170
v -1.410792 0.215004 0.087171
v -1.412792 0.215003 -0.087170
v -1.410792 0.215004 -0.087169
v 1.124653 0.399406 -0.027493
v 1.124653 0.285355 -0.027493
v 1.125180 0.285355 -0.086688
v 1.125180 0.399406 -0.086688
v 1.271777 0.039505 -0.056578
v 1.151482 0.039505 -0.056578
v 1.151483 0.093852 -0.079088
v 1.271777 0.093852 -0.079088
v -0.447438 0.434230 0.000924
v -0.494716 0.434230 0.000924
v -0.494716 0.447368 0.032643
v -0.447438 0.447368 0.032643
v -0.425346 0.399406 0.027493
v -0.424820 0.399406 0.086688
v -0.424820 0.285355 0.086688
v -0.425346 0.285355 0.027493
v -0.357077 0.283355 0.045800
v -0.434022 0.283355 0.045800
v -0.434022 0.283355 -0.045800
v -0.357076 0.283355 -0.045799
v 0.897473 -0.032858 -0.114301
v 0.897473 -0.032858 0.114301
v 0.806677 -0.111275 0.114301
v 0.806677 -0.111275 -0.114301
v 1.194842 0.371896 0.045801
v 1.194922 0.285355 0.045800
v 1.194922 0.285355 -0.045800
v 1.194842 0.371896 -0.045800
v -0.447438 0.482242 -0.061205
v -0.494716 0.482242 -0.061205
v -0.494716 0.523944 -0.043932
v -0.447438 0.523944 -0.043932
v 0.885505 0.147268 -0.139436
v 0.885505 0.147363 0.139265
v 0.917932 0.108816 0.139265
v 0.917932 0.108719 -0.139435
v 0.548706 0.113756 0.139265
v -0.158916 0.113756 0.139265
v -0.158916 0.113756 -0.139436
v 0.548706 0.113756 -0.139436
v 1.533792 0.162832 -0.000202
v 1.533792 0.134218 0.031371
v 1.533792 0.147213 0.000001
v 1.533792 0.131854 -0.037078
v 1.533792 0.094776 -0.052436
v 1.533792 0.057873 -0.037151
v 1.533792 0.028683 -0.004942
v 1.533792 0.046594 -0.048182
v 1.533792 0.094776 -0.068140
v 1.533792 0.142959 -0.048182
v -0.447438 0.513961 0.033950
v -0.447438 0.482242 0.047087
v -0.494716 0.482242 0.047087
v -0.494716 0.513961 0.033950
v -1.533792 0.110760 -0.114209
v -1.533792 -0.466669 -0.114208
v -1.533792 -0.466669 0.114210
v -1.533792 0.110760 0.114209
v -1.533792 0.167940 0.061802
v -1.533792 0.167940 -0.061801
v 1.113977 0.285355 0.045800
v 1.113977 0.429407 0.045800
v 1.113977 0.429407 -0.045800
v 1.113977 0.285355 -0.045800
v -0.434022 0.285355 0.047800
v -0.357076 0.285355 0.047800
v -0.357076 0.372081 0.047800
v -0.416480 0.429407 0.047800
v -0.434022 0.429407 0.047800
v 1.151482 0.039505 0.056578
v 1.271777 0.039505 0.056578
v 1.271777 0.093852 0.079088
v 1.151483 0.093852 0.079088
v -1.487875 0.158080 -0.139796
v -1.532712 0.112773 -0.115658
v -1.532862 0.169473 -0.063559
v -1.487912 0.214409 -0.087812
v -1.413793 0.158967 -0.140252
v -1.486196 0.158746 -0.140184
v -1.486231 0.215114 -0.088160
v -1.413793 0.215185 -0.088249
v -0.447438 0.430710 -0.028679
v -0.447438 0.282646 -0.028847
v -0.494716 0.282646 -0.028847
v -0.494716 0.430710 -0.028679
v -1.487905 -0.511518 -0.140510
v -1.532387 -0.467217 -0.116564
v -1.532511 0.110876 -0.116465
v -1.488076 0.155778 -0.140387
v -1.487875 0.158080 0.139796
v -1.487912 0.214409 0.087812
v -1.532862 0.169473 0.063559
v -1.532712 0.112772 0.115658
v -1.136039 -0.216015 -0.107000
v -1.001423 -0.004505 -0.107000
v -1.001423 -0.004505 0.107000
v -1.136039 -0.216015 0.107000
v 1.532819 0.095738 -0.070268
v 1.514123 0.095738 -0.090506
v 1.514122 0.158091 -0.064678
v 1.532819 0.143782 -0.050368
v 1.531881 0.130454 -0.034353
v 1.531881 0.144295 -0.000937
v 1.433370 0.096666 -0.001866
v 1.531881 0.144295 0.000938
v 1.531881 0.130454 0.034353
v 1.433370 0.096666 0.000009
v 1.531881 0.095713 -0.049520
v 1.531881 0.129128 -0.035679
v 1.433370 0.095341 -0.003191
v 1.531881 0.129128 0.035679
v 1.531881 0.095713 0.049519
v 1.433370 0.095341 0.001334
v 1.531881 0.060423 -0.035679
v 1.531881 0.093838 -0.049519
v 1.433370 0.093466 -0.003191
v 1.531881 0.093838 0.049519
v 1.531881 0.060423 0.035679
v 1.433370 0.093466 0.001334
v 1.531881 0.045256 -0.000938
v 1.531881 0.059097 -0.034353
v 1.433370 0.092141 -0.001866
v 1.531881 0.059097 0.034353
v 1.531881 0.045256 0.000937
v 1.433370 0.092141 0.000009
v -1.487905 -0.511518 0.140510
v -1.488076 0.155778 0.140387
v -1.532511 0.110875 0.116465
v -1.532387 -0.467217 0.116564
v 1.533792 0.057698 0.037079
v 1.533792 0.094775 0.052437
v 1.533792 0.131679 0.037151
v 1.533792 0.160869 0.004943
v 1.533792 0.142959 0.048183
v 1.533792 0.094775 0.068141
v 1.533792 0.046594 0.048183
v 1.533792 0.026720 0.000203
v 1.533792 0.055334 -0.031370
v 1.533792 0.042339 0.000000
v 1.054150 0.400626 0.087393
v 1.053625 0.400627 0.028197
v 1.024506 0.371748 0.028701
v 1.025033 0.371746 0.087896
v -0.160912 0.179562 -0.139436
v -0.160912 0.179562 0.139265
v -0.169387 0.194529 0.139265
v -0.169387 0.194529 -0.139435
v 1.151482 0.038198 -0.055271
v 1.271777 0.038198 -0.055271
v 1.271777 0.015688 -0.000923
v 1.151483 0.015688 -0.000923
v 1.085609 0.434420 0.008685
v 1.079646 0.470393 0.002722
v 1.078201 0.470393 0.002722
v 1.072238 0.434420 0.008685
v 0.248348 -0.032448 -0.114301
v 0.248348 -0.540906 -0.114300
v 0.248348 -0.540906 0.114302
v 0.248348 -0.032448 0.114301
v -0.357076 0.372081 -0.047800
v -0.357076 0.285355 -0.047800
v -0.434022 0.285355 -0.047800
v -0.434022 0.429407 -0.047800
v -0.416480 0.429407 -0.047800
v -0.159332 0.145442 0.141265
v -0.167730 0.130599 0.141265
v -0.159332 0.115756 0.141265
v 0.549122 0.115756 0.141265
v 0.557520 0.130599 0.141265
v 0.549122 0.145442 0.141265
v -0.524280 0.283355 0.028693
v -0.427346 0.283355 0.027515
v -0.426819 0.283355 0.086710
v -0.523753 0.283355 0.087888
v -0.494716 0.480395 -0.047087
v -0.494716 0.448675 -0.033950
v -0.447438 0.448675 -0.033950
v -0.447438 0.480395 -0.047087
v -0.632771 0.302903 -0.088900
v -0.538822 0.302903 -0.088900
v -0.538808 0.236024 -0.141779
v -0.632785 0.236024 -0.141779
v 1.101923 0.431079 -0.028409
v 1.101923 0.280997 -0.028577
v 1.055924 0.280997 -0.028577
v 1.055923 0.431079 -0.028409
v -0.426819 0.283355 -0.086709
v -0.427346 0.283355 -0.027514
v -0.524280 0.283355 -0.028692
v -0.523753 0.283355 -0.087887
v 0.550701 0.179563 -0.139436
v 0.559176 0.194529 -0.139435
v 0.559176 0.194529 0.139265
v 0.550701 0.179563 0.139265
v -0.494716 0.482242 0.061205
v -0.447438 0.482242 0.061205
v -0.447438 0.523944 0.043932
v -0.494716 0.523944 0.043932
v 0.883859 0.067977 0.139265
v 0.694642 0.067977 0.139265
v 0.694642 0.067881 -0.139436
v 0.883859 0.067881 -0.139435
v -1.487938 0.215141 -0.086029
v -1.532836 0.170259 -0.061805
v -1.532836 0.170259 0.061805
v -1.487938 0.215141 0.086028
v 1.123181 0.283355 -0.086709
v 1.122654 0.283355 -0.027514
v 1.025719 0.283355 -0.028692
v 1.026246 0.283355 -0.087887
v 0.692996 0.068740 0.139265
v 0.660568 0.107289 0.139265
v 0.660568 0.107192 -0.139435
v 0.692996 0.068645 -0.139436
v 0.559176 0.129729 0.139265
v 0.551068 0.115134 0.139265
v 0.551068 0.115134 -0.139435
v 0.559176 0.129729 -0.139436
v 1.194845 0.370043 -0.048101
v 1.194922 0.285355 -0.048101
v 1.194922 0.285355 -0.077301
v 1.194845 0.370043 -0.077301
v -1.322103 -0.082555 -0.106999
v -1.322103 -0.082555 0.107000
v -1.192975 0.046572 0.107000
v -1.192975 0.046572 -0.107000
v -0.355154 0.370043 0.048101
v -0.355154 0.370043 0.077302
v -0.355077 0.285355 0.077301
v -0.355077 0.285355 0.048101
v -0.496716 0.516358 0.035040
v -0.496716 0.481319 0.049553
v -0.496716 0.446654 0.035195
v -0.496716 0.434136 0.029752
v -0.496716 0.439241 0.042077
v -0.496716 0.481319 0.059506
v -0.496716 0.523396 0.042077
v -0.496716 0.540824 0.000001
v -0.496716 0.523396 -0.042076
v -0.496716 0.481319 -0.059505
v -0.496716 0.439241 -0.042076
v -0.496716 0.434136 -0.029751
v -0.496716 0.446654 -0.035194
v -0.496716 0.481319 -0.049552
v -0.496716 0.516358 -0.035039
v -0.496716 0.530871 0.000001
v -0.434022 0.431407 0.045800
v -0.416702 0.431334 0.045800
v -0.416702 0.431334 -0.045800
v -0.434022 0.431407 -0.045800
v -1.322874 -0.372797 -0.106999
v -1.322874 -0.372797 0.107001
v -1.322810 -0.084262 0.107000
v -1.322810 -0.084262 -0.106999
v -0.536822 0.301788 -0.087359
v -0.536822 0.301788 0.087360
v -0.536822 0.234583 0.140460
v -0.536822 0.035920 0.140466
v -0.536822 0.035919 -0.140466
v -0.536822 0.234583 -0.140460
v -0.447438 0.528405 0.000924
v -0.447438 0.515268 0.032643
v -0.494716 0.515268 0.032643
v -0.494716 0.528405 0.000924
v -1.297270 -0.455242 -0.107000
v -1.297270 -0.455242 0.107000
v -1.322574 -0.374751 0.107001
v -1.322574 -0.374751 -0.106999
v 1.273046 0.039240 -0.056875
v 1.273046 0.093828 -0.079485
v 1.289339 0.093829 -0.090834
v 1.289339 0.031217 -0.064898
v 1.289339 0.095722 0.090834
v 1.289339 0.158334 0.064898
v 1.273046 0.150312 0.056875
v 1.273046 0.095722 0.079485
v 1.514123 0.185281 0.000963
v 1.514123 0.159452 0.063316
v 1.532819 0.145144 0.049007
v 1.532819 0.165043 0.000963
v -0.426022 0.399406 -0.077301
v -0.426022 0.285356 -0.077300
v -0.426022 0.285355 -0.048101
v -0.426022 0.399406 -0.048101
v 1.289339 0.003942 0.000947
v 1.289339 0.029878 0.063559
v 1.273046 0.037901 0.055536
v 1.273046 0.015291 0.000947
v 1.192922 0.285355 -0.079301
v 1.125978 0.285355 -0.079301
v 1.125978 0.399406 -0.079301
v 1.163511 0.399406 -0.079301
v 1.192922 0.370242 -0.079301
v -0.426022 0.285356 0.077302
v -0.426022 0.399406 0.077301
v -0.426022 0.399406 0.048101
v -0.426022 0.285355 0.048101
v -1.174383 -0.431061 0.107000
v -1.294830 -0.456667 0.107000
v -1.294830 -0.456667 -0.107000
v -1.174383 -0.431061 -0.107000
v -0.634771 0.234583 -0.140460
v -0.634771 0.035919 -0.140466
v -0.634771 0.035919 0.140466
v -0.634771 0.234583 0.140460
v -0.634771 0.301788 0.087360
v -0.634771 0.301788 -0.087359
v 1.055924 0.502965 -0.049907
v 1.055924 0.499489 -0.041512
v 1.101923 0.499489 -0.041512
v 1.101923 0.502965 -0.049907
v -0.422992 0.335627 -0.029850
v -0.422992 0.320239 -0.067652
v -0.422992 0.295034 -0.076214
v -0.422992 0.295034 0.075439
v -0.422992 0.320238 0.066875
v -0.422992 0.335627 0.029075
v 1.532819 0.093813 -0.070268
v 1.532819 0.045769 -0.050368
v 1.514122 0.031460 -0.064678
v 1.514123 0.093813 -0.090506
v 1.511681 0.158898 -0.065430
v 1.511681 0.095699 -0.091608
v 1.291752 0.095699 -0.091608
v 1.291752 0.158898 -0.065430
v 1.115978 0.285355 0.047800
v 1.192922 0.285355 0.047800
v 1.192922 0.372081 0.047800
v 1.133519 0.429407 0.047800
v 1.115978 0.429407 0.047800
v 1.101923 0.280997 0.028577
v 1.101923 0.431078 0.028408
v 1.055923 0.431079 0.028409
v 1.055924 0.280997 0.028577
v -0.526280 0.285355 -0.028714
v -0.526203 0.370043 -0.028713
v -0.525677 0.370041 -0.087908
v -0.525754 0.285355 -0.087909
v 1.291752 0.003168 -0.000923
v 1.291751 0.029346 -0.064123
v 1.511681 0.029346 -0.064123
v 1.511681 0.003168 -0.000923
v 1.101923 0.501883 0.052520
v 1.055923 0.501883 0.052520
v 1.055924 0.482135 0.060617
v 1.101923 0.482135 0.060617
v -1.532794 -0.469083 -0.114520
v -1.487893 -0.513969 -0.138548
v -1.487893 -0.513969 0.138549
v -1.532794 -0.469083 0.114520
v -0.495850 0.400626 0.087393
v -0.496375 0.400627 0.028197
v -0.525493 0.371748 0.028701
v -0.524967 0.371745 0.087896
v -1.413791 -0.512733 0.141000
v -1.413793 0.157233 0.140931
v -1.486196 0.157010 0.140862
v -1.486025 -0.512734 0.140985
v 1.101923 0.447593 -0.032310
v 1.055923 0.447593 -0.032310
v 1.055924 0.434595 -0.000923
v 1.101923 0.434595 -0.000923
v -0.632785 0.236024 0.141779
v -0.538808 0.236024 0.141779
v -0.538822 0.302904 0.088899
v -0.632771 0.302903 0.088900
v 1.101923 0.447593 0.032310
v 1.101923 0.434595 0.000924
v 1.055924 0.434595 0.000924
v 1.055923 0.447593 0.032310
v -1.413792 0.215919 0.086570
v -1.413793 0.215919 -0.086570
v -1.486231 0.215849 -0.086482
v -1.486231 0.215850 0.086482
v -0.169387 0.196270 0.139265
v -0.160912 0.211234 0.139265
v -0.160912 0.211235 -0.139436
v -0.169387 0.196270 -0.139435
v 1.081645 0.470393 0.000723
v 1.087608 0.434420 0.006686
v 1.087608 0.434420 -0.006685
v 1.081645 0.470393 -0.000722
v 1.101923 0.482135 -0.046617
v 1.101923 0.496875 -0.040430
v 1.055923 0.496875 -0.040430
v 1.055924 0.482135 -0.046617
v -0.538822 0.035905 -0.142452
v -0.632771 0.035905 -0.142452
v -0.632785 0.234239 -0.142399
v -0.538808 0.234239 -0.142399
v -0.447438 0.480395 -0.061205
v -0.447438 0.438692 -0.043932
v -0.494716 0.438692 -0.043932
v -0.494716 0.480395 -0.061205
v 1.511681 0.160205 -0.064123
v 1.291752 0.160205 -0.064123
v 1.291752 0.186383 -0.000923
v 1.511681 0.186383 -0.000923
v -0.526280 0.285355 0.028714
v -0.525754 0.285355 0.087909
v -0.525677 0.370041 0.087908
v -0.526203 0.370043 0.028713
v 1.532819 0.145144 -0.049007
v 1.514122 0.159453 -0.063316
v 1.514123 0.185281 -0.000962
v 1.532819 0.165043 -0.000962
v -0.447438 0.432092 -0.029603
v -0.494716 0.432092 -0.029603
v -0.494716 0.437385 -0.042625
v -0.447438 0.437385 -0.042625
v -0.494715 0.432092 0.029603
v -0.447438 0.432092 0.029603
v -0.447438 0.437385 0.042625
v -0.494716 0.437385 0.042625
v 0.883975 0.069788 -0.141436
v 0.694527 0.069788 -0.141436
v 0.662232 0.107956 -0.141436
v 0.694527 0.146124 -0.141436
v 0.883975 0.146124 -0.141436
v 0.916269 0.107956 -0.141436
v 1.514123 0.158091 0.064677
v 1.514123 0.095738 0.090505
v 1.532819 0.095738 0.070268
v 1.532819 0.143783 0.050368
v 0.549122 0.180556 -0.141436
v -0.159332 0.180556 -0.141436
v -0.167730 0.195399 -0.141436
v -0.159332 0.210241 -0.141436
v 0.549122 0.210241 -0.141436
v 0.557520 0.195399 -0.141436
v 0.549122 0.115756 -0.141436
v -0.159332 0.115756 -0.141436
v -0.167730 0.130599 -0.141436
v -0.159332 0.145442 -0.141436
v 0.549122 0.145442 -0.141436
v 0.557520 0.130599 -0.141436
v 0.883975 0.069884 0.141265
v 0.916269 0.108052 0.141265
v 0.883975 0.146220 0.141265
v 0.694527 0.146220 0.141265
v 0.662232 0.108052 0.141265
v 0.694527 0.069884 0.141265
v 0.549122 0.180556 0.141265
v 0.557520 0.195399 0.141265
v 0.549122 0.210241 0.141265
v -0.159332 0.210241 0.141265
v -0.167730 0.195399 0.141265
v -0.159332 0.180556 0.141265
v 1.103923 0.433303 0.026577
v 1.103923 0.280997 0.026577
v 1.103923 0.280997 -0.026577
v 1.103923 0.433303 -0.026577
v 1.103923 0.439550 -0.041660
v 1.103923 0.481211 -0.058917
v 1.103923 0.501118 -0.050671
v 1.103923 0.497641 -0.042277
v 1.103923 0.481211 -0.049082
v 1.103923 0.446504 -0.034706
v 1.103923 0.432130 0.000000
v 1.103923 0.446504 0.034707
v 1.103923 0.481211 0.049083
v 1.103923 0.497641 0.042278
v 1.103923 0.501118 0.050672
v 1.103923 0.481211 0.058918
v 1.103923 0.439550 0.041661
v -0.386696 0.401331 -0.077301
v -0.424022 0.401406 -0.077301
v -0.424022 0.401406 -0.048101
v -0.386696 0.401331 -0.048101
v -0.420992 0.337231 -0.031164
v 1.166579 0.337231 -0.031164
v 1.166579 0.322295 -0.067903
v -0.420992 0.322295 -0.067903
v 0.613537 -0.540906 0.116301
v 0.693448 -0.468396 0.116301
v 0.804214 -0.110811 0.116301
v 0.894890 -0.032448 0.116301
v 0.250348 -0.032448 0.116301
v 0.250348 -0.540906 0.116301
v 1.055335 0.401331 -0.028175
v 1.122653 0.401406 -0.027511
v 1.123181 0.401406 -0.086706
v 1.055860 0.401330 -0.087371
v -0.425346 0.399406 -0.027493
v -0.425346 0.285355 -0.027493
v -0.424820 0.285355 -0.086688
v -0.424820 0.399406 -0.086688
v -1.191470 0.045355 -0.109000
v -1.031955 0.045355 -0.109000
v -1.003057 -0.003624 -0.109000
v -1.138402 -0.216019 -0.109000
v -1.171059 -0.323988 -0.109000
v -1.142616 -0.380871 -0.109000
v -1.174574 -0.429133 -0.109000
v -1.295334 -0.454729 -0.109000
v -1.320885 -0.373491 -0.109000
v -1.320885 -0.084059 -0.109000
v 1.070238 0.434420 0.006685
v 1.076201 0.470393 0.000723
v 1.076201 0.470393 -0.000722
v 1.070238 0.434420 -0.006685
v -1.413792 -0.514734 -0.138999
v -1.413792 -0.514734 0.139001
v -1.486187 -0.514677 0.139000
v -1.486187 -0.514677 -0.138999
v 1.123201 0.285356 -0.088709
v 1.026267 0.285356 -0.089888
v 1.026267 0.370242 -0.089883
v 1.055674 0.399407 -0.089381
v 1.123201 0.399407 -0.088707
v 1.055674 0.399407 0.089380
v 1.026267 0.370242 0.089882
v 1.026267 0.285356 0.089888
v 1.123201 0.285356 0.088709
v 1.123201 0.399407 0.088707
v 1.166579 0.295303 0.077459
v 1.166580 0.320367 0.068943
v -0.420992 0.320367 0.068943
v -0.420992 0.295303 0.077459
v -1.191268 0.047279 0.107000
v -1.032384 0.047355 0.107000
v -1.032384 0.047355 -0.107000
v -1.191268 0.047279 -0.107000
v 1.273046 0.037901 -0.055536
v 1.289339 0.029878 -0.063559
v 1.289339 0.003942 -0.000947
v 1.273046 0.015291 -0.000947
v -0.424022 0.399406 -0.079301
v -0.386488 0.399406 -0.079301
v -0.357076 0.370242 -0.079301
v -0.357076 0.285355 -0.079301
v -0.424022 0.285355 -0.079301
v -0.436022 0.285355 0.045800
v -0.436022 0.429407 0.045800
v -0.436022 0.429407 -0.045800
v -0.436022 0.285355 -0.045800
v -0.386488 0.399406 0.079301
v -0.424022 0.399406 0.079301
v -0.424022 0.285355 0.079301
v -0.357076 0.285355 0.079301
v -0.357076 0.370242 0.079301
v -0.426799 0.285356 -0.088709
v -0.523733 0.285355 -0.089888
v -0.523733 0.370242 -0.089883
v -0.494326 0.399407 -0.089381
v -0.426799 0.399407 -0.088707
v -0.494326 0.399407 0.089380
v -0.523733 0.370242 0.089882
v -0.523733 0.285355 0.089888
v -0.426799 0.285356 0.088709
v -0.426799 0.399407 0.088707
v 0.805625 -0.112884 -0.114301
v 0.805625 -0.112884 0.114301
v 0.695461 -0.468535 0.114301
v 0.695461 -0.468535 -0.114301
v 1.124653 0.399406 0.027493
v 1.125180 0.399406 0.086688
v 1.125180 0.285355 0.086688
v 1.124653 0.285355 0.027493
v 1.192922 0.372081 -0.047800
v 1.192922 0.285355 -0.047800
v 1.115978 0.285355 -0.047800
v 1.115978 0.429407 -0.047800
v 1.133519 0.429407 -0.047800
v 1.271777 0.173864 -0.000923
v 1.271777 0.151354 -0.055271
v 1.151482 0.151354 -0.055271
v 1.151483 0.173864 -0.000923
v 1.151483 0.095699 0.079088
v 1.271777 0.095699 0.079088
v 1.271777 0.150047 0.056578
v 1.151482 0.150047 0.056578
v 1.151483 0.015688 0.000924
v 1.271777 0.015688 0.000924
v 1.271777 0.038198 0.055271
v 1.151482 0.038198 0.055271
v 1.135016 0.430640 0.045801
v 1.194123 0.373591 0.045801
v 1.194123 0.373590 -0.045800
v 1.135016 0.430640 -0.045800
v 1.078351 0.472216 0.000572
v 1.079495 0.472216 0.000572
v 1.079495 0.472216 -0.000572
v 1.078351 0.472216 -0.000572
v 1.271777 0.095699 -0.079088
v 1.151483 0.095699 -0.079088
v 1.151482 0.150047 -0.056578
v 1.271777 0.150047 -0.056578
v 1.514123 0.031460 0.064677
v 1.532819 0.045770 0.050368
v 1.532819 0.093813 0.070268
v 1.514123 0.093812 0.090505
v 1.192922 0.285355 0.079301
v 1.192922 0.370242 0.079301
v 1.163511 0.399406 0.079301
v 1.125978 0.399406 0.079301
v 1.125978 0.285355 0.079301
v 1.101923 0.499489 0.041512
v 1.055924 0.499489 0.041512
v 1.055924 0.502965 0.049906
v 1.101923 0.502965 0.049906
v 0.613283 -0.542839 0.114302
v 0.250348 -0.542906 0.114302
v 0.250348 -0.542906 -0.114300
v 0.613283 -0.542839 -0.114301
v 0.615024 -0.542167 0.114302
v 0.615024 -0.542167 -0.114301
v 0.694425 -0.470162 -0.114301
v 0.694425 -0.470162 0.114301
v -0.525493 0.371748 -0.028701
v -0.496375 0.400627 -0.028197
v -0.495850 0.400626 -0.087393
v -0.524967 0.371745 -0.087896
v 1.072238 0.434420 -0.008685
v 1.078201 0.470393 -0.002722
v 1.079646 0.470393 -0.002722
v 1.085608 0.434420 -0.008685
v 1.101923 0.432461 -0.029333
v 1.055923 0.432461 -0.029333
v 1.055923 0.437694 -0.042209
v 1.101923 0.437694 -0.042209
v -0.496716 0.282646 0.026847
v -0.496716 0.432474 0.026847
v -0.496716 0.445173 0.032370
v -0.496716 0.431765 0.000000
v -0.496716 0.445173 -0.032369
v -0.496716 0.432474 -0.026847
v -0.496716 0.282646 -0.026847
v -0.426819 0.401406 0.086707
v -0.427346 0.401406 0.027512
v -0.494665 0.401331 0.028174
v -0.494141 0.401330 0.087371
v -0.494716 0.525251 0.042625
v -0.447438 0.525251 0.042625
v -0.447438 0.542523 0.000924
v -0.494716 0.542523 0.000924
v -0.494665 0.401331 -0.028175
v -0.427346 0.401406 -0.027511
v -0.426819 0.401406 -0.086706
v -0.494141 0.401330 -0.087371
v 1.055923 0.501883 -0.052520
v 1.101923 0.501883 -0.052520
v 1.101924 0.482135 -0.060617
v 1.055924 0.482135 -0.060617
v 1.115977 0.431407 0.045800
v 1.133296 0.431334 0.045801
v 1.133296 0.431334 -0.045800
v 1.115978 0.431407 -0.045800
v -0.494716 0.542523 -0.000923
v -0.447438 0.542523 -0.000923
v -0.447438 0.525251 -0.042625
v -0.494716 0.525251 -0.042625
v -0.445438 0.446223 0.034905
v -0.445438 0.474691 0.056761
v -0.445438 0.439241 0.042077
v -0.445438 0.433270 0.027659
v -0.445438 0.433748 0.004787
v 1.055923 0.432461 0.029332
v 1.101923 0.432461 0.029332
v 1.101923 0.437694 0.042209
v 1.055923 0.437694 0.042209
v -0.494716 0.447368 -0.032643
v -0.494716 0.434230 -0.000923
v -0.447438 0.434230 -0.000923
v -0.447438 0.447368 -0.032643
v -0.494716 0.528405 -0.000923
v -0.494716 0.515268 -0.032643
v -0.447438 0.515268 -0.032643
v -0.447438 0.528405 -0.000923
v 1.055924 0.480288 -0.046617
v 1.055923 0.448900 -0.033617
v 1.101923 0.448900 -0.033617
v 1.101923 0.480288 -0.046617
v 1.165013 0.400627 0.048101
v 1.165013 0.400627 0.077301
v 1.194135 0.371747 0.077301
v 1.194135 0.371747 0.048101
v -0.538808 0.033919 -0.140452
v -0.538808 0.033919 0.140452
v -0.632785 0.033919 0.140452
v -0.632785 0.033919 -0.140452
v -0.159420 0.212105 0.139265
v 0.549209 0.212105 0.139265
v 0.549209 0.212105 -0.139436
v -0.159420 0.212105 -0.139436
v -0.524301 0.285355 -0.026693
v -0.427367 0.285354 -0.025514
v -0.427367 0.399405 -0.025512
v -0.494894 0.399405 -0.026185
v -0.524301 0.370241 -0.026688
v -0.427367 0.285354 0.025514
v -0.524301 0.285355 0.026693
v -0.524301 0.370241 0.026688
v -0.494894 0.399405 0.026185
v -0.427367 0.399405 0.025512
v 1.055923 0.448900 0.033617
v 1.055924 0.480288 0.046617
v 1.101923 0.480288 0.046617
v 1.101923 0.448900 0.033617
v -0.494716 0.513961 -0.033950
v -0.494716 0.482242 -0.047087
v -0.447438 0.482242 -0.047087
v -0.447438 0.513961 -0.033950
v -0.447438 0.480395 0.047087
v -0.447438 0.448675 0.033950
v -0.494716 0.448675 0.033950
v -0.494716 0.480395 0.047087
v 1.125979 0.401406 0.048102
v 1.125979 0.401406 0.077302
v 1.163303 0.401331 0.077301
v 1.163302 0.401331 0.048101
v 1.194845 0.370043 0.048101
v 1.194845 0.370043 0.077301
v 1.194922 0.285355 0.077301
v 1.194922 0.285355 0.048101
v -0.538822 0.035905 0.142452
v -0.538808 0.234239 0.142399
v -0.632785 0.234239 0.142399
v -0.632771 0.035905 0.142452
v 1.165013 0.400627 -0.077301
v 1.165013 0.400627 -0.048101
v 1.194135 0.371747 -0.048101
v 1.194135 0.371747 -0.077301
v 0.550701 0.211234 0.139265
v 0.559176 0.196270 0.139265
v 0.559176 0.196270 -0.139435
v 0.550701 0.211234 -0.139436
v -0.632771 0.303688 -0.087280
v -0.632771 0.303688 0.087280
v -0.538822 0.303688 0.087279
v -0.538822 0.303688 -0.087280
v -0.159420 0.178692 -0.139436
v 0.549209 0.178692 -0.139436
v 0.549209 0.178692 0.139265
v -0.159420 0.178692 0.139265
v 1.025698 0.285354 -0.026693
v 1.122632 0.285354 -0.025514
v 1.122632 0.399406 -0.025512
v 1.055106 0.399405 -0.026185
v 1.025698 0.370241 -0.026688
v 1.122632 0.285354 0.025514
v 1.025698 0.285354 0.026693
v 1.025698 0.370241 0.026688
v 1.055106 0.399405 0.026185
v 1.122632 0.399406 0.025512
v 1.025719 0.283355 0.028693
v 1.122653 0.283355 0.027515
v 1.123181 0.283355 0.086710
v 1.026247 0.283355 0.087888
v 1.192923 0.283355 0.045801
v 1.115978 0.283355 0.045801
v 1.115978 0.283355 -0.045799
v 1.192922 0.283355 -0.045800
v 1.291752 0.093852 0.091608
v 1.291752 0.030653 0.065430
v 1.511681 0.030653 0.065430
v 1.511681 0.093852 0.091608
v -0.161279 0.115134 -0.139436
v -0.161279 0.115134 0.139265
v -0.169387 0.129729 0.139265
v -0.169387 0.129729 -0.139436
v -0.424022 0.285355 -0.046101
v -0.357076 0.285355 -0.046101
v -0.357076 0.370242 -0.046101
v -0.386488 0.399406 -0.046101
v -0.424022 0.399406 -0.046101
v -0.424022 0.399406 0.046101
v -0.386488 0.399406 0.046101
v -0.357076 0.370242 0.046101
v -0.357076 0.285355 0.046101
v -0.424022 0.285355 0.046101
v 1.125978 0.285355 -0.046101
v 1.192922 0.285355 -0.046101
v 1.192922 0.370242 -0.046101
v 1.163511 0.399406 -0.046101
v 1.125978 0.399406 -0.046101
v -0.494716 0.438692 0.043932
v -0.447438 0.438692 0.043932
v -0.447438 0.480394 0.061205
v -0.494716 0.480395 0.061205
v 1.192922 0.285355 0.046101
v 1.125978 0.285355 0.046101
v 1.125978 0.399406 0.046101
v 1.163511 0.399406 0.046101
v 1.192922 0.370242 0.046101
v 1.511681 0.186383 0.000924
v 1.291752 0.186383 0.000924
v 1.291752 0.160205 0.064123
v 1.511681 0.160205 0.064123
v -0.159420 0.147306 0.139265
v 0.549209 0.147306 0.139265
v 0.549209 0.147306 -0.139435
v -0.159420 0.147306 -0.139436
v 1.511681 0.095699 0.091608
v 1.511681 0.158898 0.065430
v 1.291752 0.158898 0.065430
v 1.291752 0.095699 0.091608
v 1.291752 0.029346 0.064123
v 1.291752 0.003168 0.000924
v 1.511681 0.003168 0.000924
v 1.511681 0.029346 0.064123
v 1.101923 0.439001 -0.043516
v 1.055923 0.439001 -0.043516
v 1.055924 0.480288 -0.060617
v 1.101924 0.480288 -0.060617
v 1.055924 0.482135 0.046617
v 1.055923 0.496875 0.040430
v 1.101923 0.496875 0.040430
v 1.101923 0.482135 0.046617
v -1.413793 0.158967 0.140252
v -1.413792 0.215185 0.088249
v -1.486231 0.215114 0.088160
v -1.486196 0.158746 0.140184
v 1.101923 0.480288 0.060617
v 1.055924 0.480288 0.060617
v 1.055923 0.439001 0.043516
v 1.101923 0.439001 0.043516
v -0.494715 0.430710 0.028679
v -0.494716 0.282646 0.028847
v -0.447438 0.282646 0.028847
v -0.447438 0.430710 0.028679
v 1.291751 0.030653 -0.065430
v 1.291752 0.093852 -0.091608
v 1.511681 0.093852 -0.091608
v 1.511681 0.030653 -0.065430
v 0.660568 0.108719 -0.139435
v 0.660568 0.108816 0.139265
v 0.692996 0.147363 0.139265
v 0.692996 0.147268 -0.139436
v 0.550701 0.146435 0.139265
v 0.559176 0.131470 0.139265
v 0.559176 0.131470 -0.139436
v 0.550701 0.146436 -0.139435
v 0.883859 0.148031 -0.139436
v 0.694642 0.148031 -0.139436
v 0.694642 0.148127 0.139265
v 0.883859 0.148127 0.139265
v 0.885505 0.068740 0.139265
v 0.885504 0.068644 -0.139435
v 0.917932 0.107192 -0.139435
v 0.917932 0.107289 0.139265
v 1.024506 0.371748 -0.028701
v 1.053625 0.400627 -0.028197
v 1.054150 0.400626 -0.087393
v 1.025033 0.371746 -0.087896
v -0.355864 0.371747 0.048101
v -0.384986 0.400627 0.048101
v -0.384986 0.400627 0.077301
v -0.355864 0.371747 0.077302
v 1.023719 0.285355 -0.028714
v 1.023796 0.370043 -0.028713
v 1.024323 0.370042 -0.087908
v 1.024246 0.285355 -0.087909
v 0.250348 -0.030448 -0.114301
v 0.250348 -0.030448 0.114301
v 0.896576 -0.030448 0.114301
v 0.896576 -0.030448 -0.114301
v -0.384986 0.400627 -0.077301
v -0.384986 0.400627 -0.048101
v -0.355864 0.371747 -0.048101
v -0.355864 0.371747 -0.077300
v -0.355154 0.370043 -0.048101
v -0.355077 0.285355 -0.048101
v -0.355077 0.285355 -0.077301
v -0.355154 0.370043 -0.077300
v 1.123181 0.401406 0.086707
v 1.122654 0.401406 0.027512
v 1.055335 0.401331 0.028174
v 1.055860 0.401330 0.087371
v 1.023719 0.285355 0.028714
v 1.024246 0.285355 0.087909
v 1.024323 0.370042 0.087908
v 1.023796 0.370043 0.028713
v -0.169387 0.131470 0.139265
v -0.160912 0.146436 0.139265
v -0.160912 0.146436 -0.139436
v -0.169387 0.131470 -0.139436
v -0.355157 0.371896 0.045800
v -0.355077 0.285355 0.045800
v -0.355077 0.285355 -0.045800
v -0.355157 0.371896 -0.045799
v 1.163302 0.401331 -0.077301
v 1.125979 0.401406 -0.077300
v 1.125979 0.401406 -0.048100
v 1.163302 0.401331 -0.048101
v -0.445438 0.481469 0.059444
v -0.445438 0.453672 0.038102
v -0.445438 0.481318 0.049553
v -0.445438 0.516358 0.035040
v -0.445438 0.530871 0.000000
v -0.445438 0.516358 -0.035039
v -0.445438 0.481318 -0.049552
v -0.445438 0.446279 -0.035039
v -0.445438 0.431852 -0.000209
v -0.445438 0.431286 0.026847
v -0.445438 0.282646 0.026847
v -0.445438 0.282646 -0.026847
v -0.445438 0.432934 -0.026847
v -0.445438 0.439241 -0.042076
v -0.445438 0.481318 -0.059505
v -0.445438 0.523396 -0.042076
v -0.445438 0.540824 0.000000
v -0.445438 0.523396 0.042077
v -0.424022 0.401406 0.048101
v -0.424022 0.401406 0.077301
v -0.386696 0.401331 0.077301
v -0.386696 0.401331 0.048101
v -1.138402 -0.216019 0.109000
v -1.003057 -0.003624 0.109000
v -1.031955 0.045356 0.109000
v -1.191470 0.045356 0.109000
v -1.320885 -0.084059 0.109000
v -1.320885 -0.373491 0.109000
v -1.295334 -0.454729 0.109000
v -1.174574 -0.429133 0.109000
v -1.142616 -0.380871 0.109000
v -1.171059 -0.323988 0.109000
v 1.053923 0.501118 -0.050671
v 1.053923 0.481211 -0.058917
v 1.053923 0.439550 -0.041660
v 1.053923 0.433303 -0.026577
v 1.053923 0.280997 -0.026577
v 1.053923 0.280997 0.026577
v 1.053923 0.433303 0.026577
v 1.053923 0.439550 0.041661
v 1.053923 0.481211 0.058918
v 1.053923 0.501118 0.050672
v 1.053923 0.497641 0.042278
v 1.053923 0.481211 0.049083
v 1.053923 0.446504 0.034707
v 1.053923 0.432130 0.000000
v 1.053923 0.446504 -0.034706
v 1.053923 0.481211 -0.049082
v 1.053923 0.497641 -0.042277
v 1.514123 0.030099 0.063316
v 1.514123 0.004271 0.000963
v 1.532819 0.024508 0.000963
v 1.532819 0.044408 0.049006
v 0.250348 -0.032448 -0.116301
v 0.894890 -0.032448 -0.116301
v 0.804214 -0.110811 -0.116301
v 0.693448 -0.468396 -0.116301
v 0.613537 -0.540906 -0.116301
v 0.250348 -0.540906 -0.116301
v 1.273046 0.150312 -0.056875
v 1.289339 0.158334 -0.064898
v 1.289339 0.095722 -0.090834
v 1.273046 0.095722 -0.079485
v 1.123978 0.399406 -0.077301
v 1.123978 0.285356 -0.077300
v 1.123978 0.285355 -0.048101
v 1.123978 0.399406 -0.048101
v 1.289339 0.185609 0.000947
v 1.273046 0.174261 0.000947
v 1.273046 0.151651 0.055536
v 1.289338 0.159673 0.063559
v 1.123978 0.285356 0.077302
v 1.123978 0.399406 0.077301
v 1.123978 0.399406 0.048101
v 1.123978 0.285355 0.048101
v -0.420992 0.322295 0.067126
v 1.166580 0.322295 0.067126
v 1.166579 0.337231 0.030388
v -0.420992 0.337231 0.030388
v 1.273046 0.151651 -0.055536
v 1.273046 0.174261 -0.000947
v 1.289339 0.185609 -0.000947
v 1.289338 0.159673 -0.063559
v 1.532819 0.024508 -0.000962
v 1.514123 0.004271 -0.000963
v 1.514122 0.030098 -0.063316
v 1.532819 0.044408 -0.049007
v -0.420992 0.337608 0.028462
v 1.166579 0.337608 0.028462
v 1.166579 0.337608 -0.029238
v -0.420992 0.337608 -0.029238
v -0.414983 0.430640 0.045800
v -0.355876 0.373590 0.045800
v -0.355876 0.373591 -0.045799
v -0.414983 0.430640 -0.045800
v -1.168543 -0.324707 0.107001
v -1.140913 -0.380108 0.107000
v -1.140913 -0.380109 -0.106999
v -1.168543 -0.324707 -0.106999
v -1.136866 -0.217816 0.107000
v -1.168701 -0.322855 0.107001
v -1.168701 -0.322855 -0.106999
v -1.136866 -0.217816 -0.107000
v -0.420991 0.320367 -0.069720
v 1.166579 0.320367 -0.069721
v 1.166579 0.295303 -0.078235
v -0.420992 0.295303 -0.078235
v 1.289339 0.093829 0.090834
v 1.273046 0.093828 0.079485
v 1.273046 0.039240 0.056875
v 1.289339 0.031217 0.064898
v 1.271777 0.151354 0.055271
v 1.271777 0.173864 0.000924
v 1.151483 0.173864 0.000924
v 1.151482 0.151354 0.055271
v -1.413791 -0.512733 -0.141000
v -1.486025 -0.512734 -0.140985
v -1.486196 0.157010 -0.140862
v -1.413793 0.157233 -0.140931
v -1.030015 0.046002 -0.107000
v -1.030015 0.046002 0.107000
v -1.001393 -0.002801 0.107000
v -1.001393 -0.002801 -0.107000
v -1.411792 0.157480 -0.138999
v -1.411792 0.214004 -0.086732
v -1.411792 0.214004 0.086733
v -1.411792 0.157480 0.139001
v -1.411792 -0.512733 0.139001
v -1.411792 -0.512733 -0.138999
v -1.141018 -0.381837 0.107000
v -1.172853 -0.430020 0.107000
v -1.172853 -0.430020 -0.107000
v -1.141018 -0.381837 -0.106999
vn 0.2780 0.5608 -0.7799
vn -0.1519 -0.8633 -0.4812
vn -0.2220 -0.9684 -0.1135
vn 0.5477 0.7741 0.3175
vn -0.1610 0.8632 0.4784
vn -0.5437 -0.3127 -0.7789
vn 0.2143 0.1115 0.9704
vn -0.9732 -0.1582 -0.1668
vn -0.5574 0.3128 0.7690
vn -0.0029 -0.8929 0.4502
vn 0.5534 -0.7739 -0.3079
vn 0.9732 0.1584 0.1668
vn 0.8645 0.1576 -0.4772
vn -0.0504 -0.9744 0.2189
vn -0.6685 0.6589 -0.3448
vn 0.8644 0.4905 -0.1105
vn 0.4666 -0.0315 0.8839
vn -0.6886 0.4572 -0.5629
vn 0.6715 -0.7410 0.0046
vn 0.7704 0.6247 -0.1269
vn -0.1560 -0.1127 0.9813
vn -0.4924 -0.6517 0.5769
vn -0.5583 -0.7849 -0.2688
vn -0.3923 -0.6515 0.6493
vn 0.8700 0.2496 0.4252
vn -0.9206 0.0478 0.3876
vn -0.0455 -0.5328 -0.8450
vn 0.7314 0.2602 -0.6304
vn 0.6799 -0.3503 0.6443
vn 0.8360 0.2145 0.5050
vn 0.9308 -0.2694 -0.2469
vn 0.7373 -0.2325 -0.6343
vn -0.4802 -0.7609 -0.4365
vn -0.5519 0.7942 0.2543
vn 0.0610 -0.9937 -0.0945
vn -0.2775 0.5632 0.7783
vn -0.2761 -0.7822 -0.5585
vn -0.1486 -0.4799 0.8646
vn -0.2142 -0.1115 0.9704
vn 0.5437 0.3127 -0.7789
vn 0.2932 0.6074 -0.7383
vn -0.5477 -0.7740 0.3176
vn 0.2220 0.9684 -0.1137
vn -0.9732 -0.1583 0.1667
vn -0.5534 0.7739 -0.3080
vn 0.0081 0.4502 0.8929
vn 0.5574 -0.3129 0.7691
vn 0.9732 0.1580 -0.1669
vn 0.7047 0.0131 -0.7094
vn -0.4105 0.8432 -0.3472
vn -0.6327 -0.2158 -0.7437
vn 0.2463 -0.8027 -0.5431
vn 0.2216 -0.5996 0.7690
vn 0.4064 0.8388 -0.3624
vn 0.6797 -0.6811 0.2723
vn -0.4518 0.8050 0.3844
vn -0.5510 0.6269 -0.5509
vn -0.6582 0.2318 0.7163
vn -0.5862 -0.3085 0.7491
vn -0.3410 -0.6586 -0.6708
vn -0.5765 -0.4579 -0.6767
vn -0.9353 0.1358 0.3269
vn 0.2476 -0.6445 0.7234
vn 0.6178 0.4686 -0.6314
vn 0.5518 0.3215 -0.7695
vn -0.4946 -0.2260 -0.8392
vn 0.3188 -0.7785 -0.5407
vn 0.3678 0.8953 0.2515
vn -0.5202 0.5206 -0.6770
vn 0.2489 -0.0307 0.9680
vn -0.9235 -0.3256 0.2028
vn -0.0078 -0.4936 0.8696
vn -0.2869 0.7733 -0.5654
vn -0.0594 -0.4814 -0.8745
vn 0.0399 -0.6787 -0.7333
vn 0.7326 0.6671 0.1353
vn 0.1714 0.8624 0.4764
vn -0.5475 -0.2758 -0.7900
vn 0.3765 0.2204 0.8998
vn -0.9819 -0.1556 -0.1082
vn -0.6424 0.5482 0.5355
vn 0.0765 -0.3797 0.9220
vn 0.7281 -0.4991 0.4698
vn 0.7025 0.7079 0.0740
vn 0.5403 0.6455 0.5398
vn -0.9190 0.3803 0.1034
vn -0.5718 -0.7450 0.3436
vn 0.2753 -0.8638 -0.4220
vn 0.5243 0.7336 0.4323
vn 0.5260 0.2123 0.8236
vn 0.5547 -0.6849 -0.4725
vn 0.8362 -0.2144 -0.5048
vn -0.5708 -0.7707 -0.2831
vn -0.9738 -0.2063 0.0955
vn 0.0611 0.9937 0.0945
vn 0.3661 0.3765 -0.8510
vn -0.3064 -0.1575 -0.9388
vn 0.7673 0.3285 0.5508
vn -0.8325 0.0245 0.5535
vn -0.5403 0.4922 -0.6825
vn 0.9973 0.0644 0.0354
vn 0.4928 -0.4989 -0.7129
vn -0.2192 -0.7080 -0.6714
vn -0.3100 0.4721 -0.8253
vn 0.8679 -0.0000 0.4968
vn 0.5702 0.8214 0.0123
vn 0.4897 -0.8698 -0.0595
vn -0.2195 0.7079 0.6713
vn 0.6692 -0.6491 -0.3617
vn -0.2737 0.6808 -0.6794
vn 0.2439 -0.2804 0.9284
vn 0.6043 0.6953 0.3890
vn 0.4063 0.8390 -0.3620
vn 0.4707 -0.8082 0.3540
vn -0.4523 0.8049 0.3841
vn 0.6715 0.6580 0.3408
vn -0.6584 0.2318 0.7161
vn -0.4151 -0.7997 0.4338
vn -0.3410 -0.6585 -0.6709
vn 0.0005 0.5349 -0.8449
vn 0.0003 -0.9893 0.1456
vn -0.7807 -0.0952 0.6176
vn 0.3328 -0.2072 0.9200
vn 0.8990 0.2084 -0.3853
vn -0.5992 0.7758 -0.1975
vn -0.6709 0.4047 -0.6213
vn -0.4710 0.8799 -0.0627
vn 0.1721 0.9844 0.0375
vn -0.1602 0.5247 -0.8361
vn 0.8574 0.4997 0.1229
vn -0.1469 -0.4521 -0.8798
vn -0.1988 0.6927 -0.6933
vn 0.6983 0.5813 -0.4176
vn -0.2472 -0.6683 -0.7016
vn -0.8634 -0.4125 -0.2904
vn 0.3324 0.2074 -0.9200
vn -0.0008 0.5342 -0.8453
vn -0.5994 -0.7759 0.1970
vn 0.8991 -0.2076 0.3855
vn -0.7810 0.0948 -0.6173
vn -0.7609 0.6440 -0.0794
vn 0.3818 0.4229 0.8218
vn 0.4484 0.0831 0.8900
vn -0.7228 0.5545 0.4124
vn -0.0943 -0.2550 0.9623
vn 0.7232 -0.5541 0.4122
vn -0.4228 -0.0583 0.9044
vn -0.3845 -0.8199 0.4243
vn 0.7531 -0.6449 -0.1302
vn -0.7842 0.5646 0.2576
vn -0.4829 -0.8572 0.1792
vn -0.2758 -0.3120 0.9092
vn -0.2773 0.7784 -0.5632
vn 0.8703 0.4251 -0.2487
vn -0.0454 -0.8452 0.5326
vn 0.7315 -0.6303 -0.2600
vn 0.6800 0.6443 0.3500
vn 0.8243 0.4966 -0.2718
vn 0.3898 -0.5058 0.7695
vn 0.5259 -0.8236 0.2125
vn -0.5260 0.2124 -0.8235
vn -0.1355 0.7005 0.7006
vn -0.0001 -0.9289 0.3703
vn 0.4032 -0.8239 0.3984
vn -0.6290 0.7068 -0.3238
vn -0.4614 0.3822 0.8007
vn 0.9796 -0.2004 -0.0141
vn 0.6287 0.7069 0.3239
vn 0.0304 0.7943 -0.6068
vn -0.9798 -0.1993 0.0144
vn 0.4620 0.3821 -0.8004
vn -0.0004 -0.9292 -0.3695
vn -0.4028 -0.8240 -0.3984
vn 0.1182 -0.9088 -0.4001
vn -0.9794 -0.1812 -0.0889
vn 0.1063 -0.9296 0.3529
vn 0.7134 -0.1503 -0.6844
vn -0.7132 -0.1501 0.6847
vn 0.9793 -0.1815 0.0897
vn 0.0021 0.8932 -0.4496
vn 0.5509 0.7736 0.3131
vn 0.2233 -0.1118 -0.9683
vn 0.3138 -0.6715 -0.6713
vn -0.9746 0.1583 0.1583
vn -0.5503 -0.3125 -0.7743
vn 0.2716 -0.7824 0.5605
vn -0.5503 0.3129 0.7741
vn -0.3136 0.6713 0.6716
vn 0.5509 -0.7738 -0.3126
vn -0.2234 0.9683 0.1117
vn 0.9746 -0.1585 -0.1581
vn 0.5477 0.8286 -0.1158
vn -0.9643 0.1202 -0.2361
vn 0.6892 0.3361 -0.6418
vn -0.6928 0.7080 -0.1370
vn 0.9868 -0.0724 -0.1446
vn -0.5874 0.4310 0.6850
vn -0.4381 -0.8757 -0.2029
vn -0.6987 0.6213 0.3545
vn -0.8352 -0.3554 0.4198
vn 0.3201 -0.9367 -0.1419
vn -0.9231 -0.2789 0.2649
vn -0.7642 -0.1032 0.6366
vn 0.6831 -0.6999 -0.2086
vn 0.6217 0.4255 -0.6576
vn 0.4576 -0.2591 -0.8506
vn -0.8740 0.1589 0.4593
vn -0.5461 0.1225 -0.8287
vn 0.6627 0.6862 0.2999
vn -0.1102 0.5286 0.8417
vn 0.6536 0.2512 0.7140
vn -0.4114 0.2985 -0.8612
vn -0.6356 -0.4707 -0.6119
vn -0.8509 0.5117 -0.1187
vn 0.6389 -0.7692 0.0062
vn 0.8490 -0.4743 0.2328
vn 0.4847 0.1003 -0.8689
vn 0.8769 -0.0926 -0.4717
vn 0.2614 0.9585 0.1135
vn -0.8196 0.1965 0.5382
vn -0.6292 -0.1826 -0.7555
vn 0.3506 0.7704 -0.5325
vn -0.1525 0.1744 -0.9728
vn 0.5918 0.4832 0.6452
vn 0.9189 -0.1821 0.3499
vn -0.6301 0.7263 -0.2746
vn 0.2357 0.1416 0.9615
vn -0.6255 -0.6935 -0.3574
vn 0.1516 0.7073 0.6904
vn -0.3026 -0.9181 -0.2560
vn -0.5171 0.3087 0.7983
vn 0.1762 -0.4357 0.8827
vn 0.5902 0.8028 0.0852
vn -0.8544 -0.5046 -0.1237
vn 0.8204 0.2233 -0.5263
vn -0.6561 -0.5776 -0.4857
vn -0.6652 0.6322 -0.3974
vn -0.7254 -0.6565 0.2067
vn 0.3441 -0.8330 0.4333
vn -0.0071 -0.1522 0.9883
vn -0.8473 0.4540 0.2758
vn -0.4655 0.8673 0.1762
vn 0.1370 -0.2269 -0.9642
vn -0.5578 0.3674 -0.7443
vn 0.4301 0.9028 -0.0006
vn 0.8140 -0.2953 -0.5001
vn 0.8427 -0.5384 0.0041
vn 0.3839 0.8444 0.3736
vn 0.6699 -0.7329 0.1190
vn -0.0845 0.6108 0.7873
vn -0.1540 0.9624 0.2237
vn 0.8597 0.3268 0.3926
vn 0.5466 0.3726 0.7499
vn 0.4733 0.8419 -0.2593
vn 0.5369 0.8390 0.0886
vn 0.9492 0.3142 0.0193
vn -0.4617 -0.8837 -0.0774
vn 0.0110 0.9840 -0.1778
vn -0.6257 -0.6934 0.3574
vn -0.9055 0.3084 -0.2913
vn 0.3092 0.9097 0.2772
vn 0.5153 0.4232 0.7452
vn 0.7252 0.6498 -0.2274
vn 0.8596 -0.2754 -0.4303
vn 0.6359 -0.3948 -0.6632
vn -0.0826 0.9247 0.3717
vn -0.0795 -0.8363 0.5424
vn 0.2614 0.9585 -0.1138
vn 0.3851 -0.6662 0.6387
vn 0.9191 -0.2782 -0.2789
vn 0.8176 0.3189 0.4795
vn -0.8630 -0.0857 0.4978
vn -0.9207 -0.1311 -0.3675
vn -0.3020 -0.5045 0.8089
vn 0.6788 0.5077 0.5306
vn 0.7414 0.4196 0.5237
vn -0.4572 0.1304 -0.8798
vn -0.4384 -0.5231 -0.7309
vn 0.6828 -0.6269 -0.3752
vn 0.1197 0.7567 -0.6428
vn 0.8301 -0.4439 -0.3374
vn -0.4978 0.3776 -0.7808
vn 0.9967 -0.0482 0.0654
vn -0.5895 0.1556 -0.7926
vn -0.6992 -0.7141 -0.0356
vn 0.6235 -0.5432 -0.5623
vn -0.1622 0.7853 -0.5975
vn -0.6968 0.5914 0.4058
vn -0.6969 0.1314 0.7050
vn 0.3755 -0.9215 -0.0987
vn 0.8622 -0.4655 -0.2000
vn -0.6992 -0.4800 -0.5299
vn -0.7957 0.2950 -0.5290
vn 0.5515 0.7642 0.3343
vn 0.6173 -0.2914 0.7308
vn 0.2307 0.7079 0.6676
vn 0.1368 0.9861 -0.0943
vn -0.1413 -0.3284 -0.9339
vn 0.1653 0.3415 -0.9252
vn 0.6142 0.7866 -0.0625
vn -0.5433 -0.8370 0.0655
vn -0.0375 -0.9184 -0.3938
vn 0.3943 -0.7722 0.4983
vn -0.6208 -0.6952 0.3623
vn 0.8773 -0.4750 -0.0682
vn -0.2910 0.5428 -0.7878
vn 0.8028 -0.1606 0.5742
vn -0.7708 -0.2096 -0.6016
vn -0.5421 0.3125 0.7800
vn -0.6166 0.1863 -0.7649
vn -0.6527 -0.2442 -0.7171
vn -0.1540 -0.3212 0.9344
vn -0.1939 0.0303 0.9805
vn -0.7155 0.5052 -0.4826
vn -0.6598 -0.7034 0.2646
vn -0.2643 0.2319 -0.9361
vn -0.7348 0.3737 -0.5660
vn -0.7863 -0.5382 0.3036
vn -0.6368 0.6250 0.4515
vn -0.1189 0.2884 -0.9501
vn -0.7970 -0.2583 0.5459
vn -0.3422 0.8838 0.3190
vn 0.9362 -0.0778 -0.3427
vn -0.5154 0.8192 0.2517
vn 0.4313 -0.8748 0.2208
vn -0.0621 0.5343 -0.8430
vn -0.6182 0.7687 -0.1640
vn -0.3861 -0.9224 0.0068
vn -0.8204 0.5591 -0.1196
vn 0.2231 -0.1567 -0.9621
vn -0.7354 0.1073 0.6691
vn -0.2073 0.9781 -0.0208
vn -0.7530 0.3189 -0.5756
vn 0.6677 -0.2816 -0.6892
vn 0.6789 0.4436 0.5851
vn -0.5809 0.5723 0.5788
vn -0.1661 0.9524 -0.2556
vn -0.2637 0.4066 -0.8748
vn -0.4693 -0.8799 0.0748
vn 0.8750 0.3135 0.3690
vn 0.5238 -0.8099 -0.2640
vn 0.9197 -0.3421 0.1926
vn 0.3125 -0.5492 0.7751
vn 0.2407 0.1973 -0.9503
vn -0.1089 -0.5047 0.8564
vn -0.1986 -0.6929 0.6932
vn -0.1753 0.0092 0.9845
vn -0.0883 -0.4669 0.8799
vn 0.8556 -0.4228 0.2987
vn 0.1984 -0.6930 0.6931
vn 0.2470 0.6685 0.7015
vn 0.0002 -0.5351 0.8448
vn -0.4905 -0.8706 -0.0380
vn -0.3843 -0.4246 -0.8198
vn 0.7004 0.0543 -0.7117
vn 0.2354 -0.1358 -0.9624
vn 0.7231 0.5545 -0.4120
vn -0.1463 0.3024 -0.9419
vn -0.7230 -0.5543 -0.4123
vn 0.4699 0.8827 -0.0068
vn -0.1014 0.9864 -0.1292
vn -0.6827 -0.1005 -0.7237
vn -0.0009 -0.5350 0.8449
vn -0.8418 -0.2601 0.4731
vn -0.1463 -0.8800 -0.4520
vn 0.7038 -0.3690 -0.6071
vn -0.6180 -0.3782 0.6892
vn 0.3478 -0.8166 -0.4606
vn -0.4434 0.1880 -0.8764
vn 0.5676 0.6759 -0.4701
vn -0.5041 0.8084 0.3040
vn -0.8940 -0.3836 -0.2314
vn -0.9717 -0.1305 0.1970
vn -0.9203 0.2341 0.3136
vn 0.9030 0.4047 -0.1440
vn 0.3760 0.6223 -0.6866
vn -0.7942 0.4808 0.3715
vn 0.6769 0.6857 -0.2676
vn -0.7942 0.5040 -0.3393
vn 0.8775 -0.0755 0.4736
vn -0.5234 0.6683 -0.5286
vn -0.2429 0.4758 -0.8454
vn -0.0499 -0.8920 0.4493
vn -0.9947 -0.0627 -0.0815
vn -0.7941 -0.3751 -0.4782
vn -0.1861 -0.6855 -0.7038
vn 0.2298 0.9413 -0.2473
vn 0.3397 0.7908 -0.5091
vn -0.0446 0.5685 0.8215
vn 0.6144 -0.7836 0.0919
vn -0.8764 -0.4540 0.1609
vn 0.6776 -0.3393 0.6525
vn -0.1182 0.9455 0.3035
vn -0.4583 -0.3959 -0.7958
vn -0.7861 0.1369 0.6028
vn 0.6394 -0.0063 -0.7688
vn 0.8151 -0.2202 -0.5358
vn 0.5454 0.8377 0.0276
vn -0.7629 0.6458 0.0314
vn -0.3757 -0.5894 -0.7152
vn -0.8459 0.2488 -0.4718
vn -0.9728 0.1295 -0.1921
vn -0.8187 -0.4977 -0.2863
vn 0.7420 -0.4311 0.5133
vn 0.2692 -0.6098 0.7454
vn 0.7680 0.5953 -0.2362
vn 0.4021 -0.5073 -0.7622
vn 0.4210 0.4830 0.7677
vn 0.6298 0.1912 -0.7529
vn -0.6295 0.4240 0.6511
vn 0.2157 0.6324 0.7440
vn 0.0503 0.0120 -0.9987
vn 0.0117 -0.7127 0.7014
vn -0.6808 0.2734 0.6795
vn 0.9470 0.2813 0.1554
vn 0.6267 -0.5509 -0.5511
vn 0.2322 0.7159 -0.6585
vn -0.7088 0.6082 -0.3574
vn 0.7040 0.6164 -0.3528
vn -0.6957 -0.6043 -0.3883
vn -0.6585 -0.6709 -0.3411
vn -0.8817 -0.3837 0.2747
vn -0.6812 0.7035 -0.2025
vn -0.3589 0.4870 0.7962
vn -0.7266 -0.6116 0.3132
vn -0.4366 -0.8517 -0.2899
vn -0.3846 -0.7150 -0.5838
vn 0.3872 0.6046 0.6961
vn 0.3897 0.6159 0.6847
vn 0.3289 -0.6782 -0.6572
vn 0.3222 -0.8602 0.3952
vn 0.3349 0.6907 0.6409
vn 0.6982 -0.7024 -0.1380
vn -0.8992 0.3536 0.2576
vn -0.3159 0.2409 0.9177
vn -0.6719 -0.7025 0.2344
vn 0.4767 -0.6057 -0.6370
vn 0.4856 -0.8186 0.3067
vn 0.0118 0.8111 -0.5848
vn 0.7624 -0.5466 -0.3465
vn 0.7093 -0.6776 0.1941
vn 0.2746 -0.7225 0.6345
vn 0.5120 0.8502 -0.1224
vn 0.8223 0.5085 0.2556
vn -0.7891 0.5193 -0.3281
vn -0.6544 -0.0142 -0.7561
vn -0.5001 0.8572 -0.1233
vn 0.6546 -0.0142 0.7559
vn 0.1112 -0.4025 -0.9086
vn -0.8224 0.5561 -0.1203
vn -0.2741 0.7224 0.6348
vn -0.4992 -0.8107 -0.3060
vn -0.7628 -0.5455 0.3472
vn 0.5133 -0.8071 -0.2918
vn -0.5163 -0.8039 0.2953
vn -0.6996 -0.0000 0.7145
vn 0.4208 0.8234 0.3807
vn -0.5847 0.6075 0.5376
vn 0.4212 -0.8232 0.3808
vn -0.4345 -0.3272 0.8391
vn -0.3895 0.8232 -0.4131
vn -0.8305 0.3277 0.4504
vn -0.3894 -0.8234 -0.4128
vn -0.5252 -0.6075 0.5959
vn 0.6996 -0.0000 -0.7145
vn 0.4355 -0.3268 -0.8388
vn 0.8301 0.3272 -0.4515
vn 0.8312 0.5542 -0.0445
vn 0.8160 -0.4340 0.3818
vn 0.4686 -0.7594 -0.4514
vn 0.7317 0.6294 -0.2616
vn -0.6807 0.7282 -0.0793
vn 0.6799 -0.7032 0.2078
vn -0.7317 -0.2615 0.6295
vn 0.1761 -0.0966 -0.9796
vn -0.2756 0.8634 -0.4225
vn -0.6507 -0.6796 -0.3387
vn -0.5258 -0.7327 0.4322
vn 0.5711 0.7449 0.3449
vn 0.6818 -0.3102 -0.6625
vn -0.4869 -0.7631 0.4250
vn -0.5613 0.4914 0.6659
vn -0.7833 -0.5625 -0.2645
vn 0.9392 0.2543 0.2309
vn 0.3229 0.1318 -0.9372
vn -0.6668 0.7365 -0.1139
vn -0.6571 -0.7244 -0.2087
vn 0.8586 0.5097 0.0549
vn -0.2161 -0.6734 0.7070
vn 0.3740 0.8755 -0.3059
vn 0.7863 -0.6158 0.0503
vn -0.7543 -0.6493 0.0968
vn 0.0479 0.9121 0.4071
vn -0.4734 0.7032 0.5304
vn -0.4226 0.7408 0.5222
vn 0.1624 -0.2781 -0.9467
vn 0.0936 -0.0504 -0.9943
vn 0.6211 0.7815 0.0587
vn 0.8378 -0.5449 -0.0348
vn 0.7233 -0.6866 -0.0735
vn 0.4083 0.4071 0.8170
vn 0.7373 0.2785 -0.6155
vn 0.0787 -0.4020 0.9123
vn -0.6996 0.0008 -0.7145
vn -0.3895 0.8233 0.4129
vn -0.5253 0.6077 -0.5956
vn -0.3895 -0.8233 0.4129
vn -0.8312 -0.3281 -0.4489
vn 0.4210 0.8233 -0.3808
vn -0.4355 0.3268 -0.8388
vn 0.4210 -0.8233 -0.3806
vn -0.5845 -0.6075 -0.5379
vn 0.6996 0.0005 0.7145
vn 0.8302 -0.3267 0.4516
vn 0.4333 0.3278 0.8395
vn -0.2389 0.9373 -0.2537
vn 0.4585 0.4475 0.7678
vn 0.4711 0.5264 0.7078
vn 0.0449 -0.5692 0.8210
vn -0.6143 0.7837 0.0917
vn -0.3398 -0.7905 -0.5095
vn 0.7966 -0.3909 -0.4610
vn 0.1858 0.6854 -0.7041
vn -0.6916 -0.1507 -0.7064
vn 0.0046 0.1931 -0.9812
vn 0.7513 -0.4834 0.4493
vn -0.2217 -0.9140 -0.3398
vn 0.6438 0.6863 0.3383
vn 0.2787 -0.7788 -0.5620
vn -0.7307 0.6313 -0.2598
vn -0.4513 0.7660 -0.4577
vn -0.6799 -0.6449 0.3491
vn 0.0465 0.8457 0.5317
vn -0.5520 0.2541 -0.7942
vn -0.5606 -0.7001 0.4423
vn 0.1763 0.0966 0.9796
vn 0.7270 -0.6254 0.2834
vn 0.4892 -0.8469 -0.2086
vn 0.6799 0.7031 -0.2081
vn 0.5649 -0.8203 0.0887
vn -0.5429 0.1041 -0.8333
vn -0.8193 -0.0496 -0.5712
vn 0.4623 -0.3293 -0.8233
vn -0.5156 0.8310 -0.2090
vn 0.9424 0.0573 0.3295
vn 0.7017 0.5055 0.5021
vn -0.9801 -0.1838 -0.0749
vn 0.3001 -0.1518 -0.9418
vn -0.5704 -0.4526 0.6854
vn 0.4348 0.8932 0.1142
vn 0.8790 -0.3559 0.3173
vn -0.3134 -0.0687 0.9471
vn 0.8492 0.1130 0.5158
vn -0.6375 0.0914 -0.7650
vn -0.5207 -0.1345 -0.8431
vn -0.6996 -0.0000 -0.7145
vn -0.3896 0.8233 0.4128
vn -0.5253 0.6075 -0.5958
vn -0.3893 -0.8234 0.4130
vn -0.8305 -0.3275 -0.4506
vn 0.4211 0.8233 -0.3807
vn -0.4351 0.3270 -0.8389
vn 0.4210 -0.8233 -0.3807
vn -0.5845 -0.6075 -0.5378
vn 0.6996 -0.0002 0.7145
vn 0.8302 -0.3266 0.4518
vn 0.4342 0.3276 0.8391
vn -0.7663 -0.3288 -0.5520
vn 0.3278 0.8165 -0.4753
vn 0.2330 -0.6348 -0.7367
vn -0.8679 -0.0000 0.4967
vn 0.3279 -0.8163 0.4755
vn -0.0319 -0.9115 -0.4100
vn -0.4902 0.8696 -0.0597
vn 0.3049 0.1532 0.9400
vn 0.1296 0.8174 -0.5614
vn -0.2183 -0.4290 -0.8765
vn -0.3051 -0.7763 -0.5516
vn 0.7268 0.5271 -0.4404
vn 0.5668 0.6818 0.4626
vn -0.5947 0.0016 -0.8039
vn 0.4706 0.2035 0.8586
vn -0.9434 0.3053 -0.1293
vn -0.3948 0.7977 0.4559
vn -0.2628 -0.9052 -0.3341
vn 0.4819 -0.8444 0.2339
vn 0.8456 0.4811 0.2311
vn -0.2868 0.7728 -0.5661
vn -0.0603 -0.4784 -0.8760
vn 0.0350 -0.6776 -0.7346
vn 0.7259 0.6749 0.1324
vn 0.1732 0.8614 0.4775
vn -0.5492 -0.2749 -0.7892
vn 0.3771 0.2164 0.9005
vn -0.9824 -0.1529 -0.1072
vn -0.6386 0.5516 0.5367
vn 0.0646 -0.3817 0.9220
vn 0.7288 -0.5050 0.4624
vn 0.7025 0.7082 0.0702
vn 0.2682 0.3006 0.9152
vn 0.0977 -0.8155 0.5704
vn 0.4943 0.4880 -0.7194
vn 0.6630 0.6122 -0.4309
vn -0.8236 -0.3854 -0.4161
vn -0.3185 0.9472 -0.0370
vn -0.7159 0.0230 -0.6978
vn -0.9261 0.2121 -0.3120
vn -0.7380 -0.6032 0.3026
vn 0.8255 -0.0519 -0.5620
vn 0.4617 0.6181 0.6362
vn -0.4752 -0.4982 0.7253
vn -0.0081 -0.6346 0.7728
vn -0.8142 -0.3519 -0.4617
vn -0.1457 0.7633 -0.6294
vn -0.2059 -0.6313 -0.7477
vn 0.2750 0.7863 0.5533
vn 0.6912 -0.3615 -0.6258
vn -0.0575 0.7225 -0.6890
vn 0.6192 -0.4267 -0.6591
vn -0.6595 0.2301 0.7156
vn 0.3876 -0.5833 -0.7139
vn 0.6961 0.6741 0.2470
vn -0.4867 -0.0470 0.8723
vn -0.6766 -0.0762 0.7324
vn 0.1781 0.9702 0.1641
vn -0.0954 0.9419 0.3220
vn -0.8025 -0.4224 0.4213
vn 0.5531 -0.6642 0.5029
vn 0.4185 0.8143 0.4022
vn -0.2162 -0.8231 0.5251
vn 0.0012 0.7012 0.7129
vn -0.0869 -0.0029 0.9962
vn -0.1084 0.6537 -0.7489
vn 0.4429 0.2844 -0.8503
vn 0.6490 -0.6408 -0.4101
vn -0.1457 0.9747 0.1695
vn 0.2933 0.9527 -0.0793
vn 0.3944 -0.2451 -0.8856
vn 0.5468 0.1887 -0.8157
vn -0.3222 0.5503 -0.7703
vn 0.6099 -0.7924 -0.0113
vn 0.5257 -0.5056 -0.6841
vn -0.9279 -0.3623 0.0883
vn 0.5466 -0.8158 -0.1891
vn -0.6545 -0.2196 -0.7235
vn 0.5468 -0.7107 0.4427
vn 0.9090 -0.1769 0.3773
vn -0.8081 -0.5249 -0.2672
vn 0.3163 -0.2768 0.9074
vn 0.4637 0.1756 0.8684
vn -0.8364 -0.5249 0.1578
vn -0.7869 0.3985 0.4711
vn 0.4302 0.4993 0.7521
vn -0.3839 0.5832 0.7159
vn -0.0005 0.7010 -0.7132
vn -0.1180 0.9784 0.1697
vn -0.4149 -0.5539 0.7219
vn 0.8254 -0.5556 0.0997
vn 0.3767 0.8468 0.3756
vn 0.1905 0.1688 -0.9671
vn 0.6464 -0.0569 -0.7609
vn 0.9881 -0.0957 0.1208
vn -0.0334 0.3479 -0.9369
vn 0.2351 0.6470 -0.7254
vn 0.6032 -0.0127 -0.7975
vn 0.5325 0.6398 -0.5542
vn -0.3979 0.9174 0.0078
vn 0.2933 0.7725 0.5632
vn -0.4420 0.8445 -0.3026
vn -0.8665 0.0537 0.4963
vn -0.8823 -0.2093 0.4217
vn 0.7120 0.0117 -0.7021
vn -0.3289 -0.7858 -0.5238
vn 0.3503 -0.2706 -0.8967
vn -0.1777 -0.1713 -0.9691
vn 0.5989 0.6930 -0.4013
vn 0.7863 0.4969 0.3672
vn -0.9192 -0.1580 0.3607
vn -0.3566 0.0405 0.9334
vn 0.8195 0.2192 0.5296
vn -0.9677 0.2506 -0.0276
vn 0.6646 0.0876 0.7420
vn 0.0068 -0.5558 -0.8313
vn -0.3365 0.8541 0.3965
vn 0.6722 -0.6348 0.3811
vn 0.1911 0.6313 -0.7516
vn 0.2826 0.8202 -0.4974
vn -0.5442 -0.7924 -0.2755
vn -0.6006 0.7073 0.3728
vn 0.0636 -0.4806 -0.8746
vn 0.2299 -0.6095 0.7587
vn 0.1154 -0.9080 0.4028
vn -0.9841 -0.1491 0.0966
vn -0.7193 -0.6021 0.3464
vn 0.1081 -0.8709 -0.4795
vn 0.9847 -0.1492 -0.0903
vn 0.7165 -0.6049 -0.3474
vn -0.4197 -0.8018 -0.4254
vn -0.0013 0.4707 -0.8823
vn 0.4726 0.4182 -0.7757
vn -0.0102 0.7069 -0.7072
vn 0.9818 -0.1897 -0.0041
vn -0.9800 -0.1990 0.0007
vn -0.6360 0.7024 -0.3197
vn -0.2748 0.5525 0.7869
vn 0.5255 -0.2155 0.8230
vn -0.4744 0.4037 0.7823
vn 0.0100 -0.9163 0.4003
vn 0.4135 -0.8106 0.4147
vn -0.5130 -0.4936 0.7023
vn -0.2756 0.4224 0.8635
vn -0.4050 0.7761 -0.4833
vn -0.5258 -0.4323 -0.7326
vn 0.4802 0.7608 -0.4365
vn 0.8699 -0.2496 0.4255
vn 0.5711 -0.3449 0.7449
vn 0.4685 0.4513 -0.7595
vn -0.4042 0.7806 0.4767
vn 0.9694 0.2394 -0.0546
vn 0.3529 0.9047 0.2386
vn 0.0655 0.7925 -0.6063
vn -0.5763 -0.3523 -0.7374
vn -0.6028 0.7792 0.1717
vn 0.3227 -0.3736 -0.8696
vn -0.2542 -0.6102 0.7503
vn 0.7618 -0.5831 -0.2823
vn 0.9130 0.2389 0.3306
vn 0.5150 0.2112 -0.8308
vn 0.1817 0.1692 -0.9687
vn -0.4218 -0.6160 0.6653
vn 0.6823 -0.6476 -0.3391
vn -0.6398 -0.7068 0.3018
vn -0.6954 0.6454 -0.3161
vn 0.3629 0.4529 0.8144
vn -0.8080 -0.2851 0.5155
vn -0.0457 -0.8939 0.4460
vn -0.1248 -0.0909 -0.9880
vn -0.5806 0.6387 -0.5049
vn -0.0030 0.9962 0.0873
vn 0.1683 -0.0242 -0.9854
vn -0.5626 -0.8241 0.0668
vn -0.5675 0.8217 -0.0525
vn -0.6364 0.6269 -0.4494
vn 0.7636 -0.5506 -0.3371
vn 0.3867 0.8826 0.2673
vn 0.4230 -0.3167 0.8490
vn 0.5934 -0.5489 -0.5888
vn -0.1816 -0.0089 0.9833
vn 0.0781 0.4526 -0.8883
vn 0.7160 -0.5945 -0.3660
vn -0.6969 -0.4059 0.5913
vn -0.6969 -0.7051 0.1310
vn 0.3789 0.1022 -0.9198
vn 0.8622 0.2000 -0.4655
vn 0.6236 0.5622 -0.5432
vn -0.7232 0.6303 -0.2824
vn -0.8088 0.5166 0.2811
vn 0.6625 -0.2611 0.7021
vn -0.1224 0.9229 0.3650
vn -0.1621 0.5974 0.7854
vn -0.6990 0.0349 -0.7143
vn 0.1570 0.4800 0.8631
vn -0.0002 -0.8929 0.4502
vn 0.5506 -0.7741 -0.3126
vn -0.2228 0.9685 0.1115
vn 0.9745 -0.1585 -0.1586
vn 0.5506 0.7739 0.3129
vn -0.0002 0.4503 -0.8929
vn -0.5505 -0.3131 -0.7739
vn 0.2233 -0.1117 -0.9683
vn 0.3132 -0.6715 -0.6716
vn -0.9746 0.1584 0.1582
vn -0.5503 0.3128 0.7742
vn -0.6839 -0.2838 -0.6721
vn -0.4023 0.2472 0.8815
vn -0.4623 0.6842 0.5641
vn -0.7815 0.5411 0.3106
vn 0.8888 0.3828 0.2520
vn -0.1407 -0.6993 0.7008
vn -0.2614 0.0665 0.9629
vn 0.6240 -0.6261 -0.4676
vn 0.8880 0.2132 0.4074
vn -0.4638 -0.8561 -0.2280
vn 0.0781 0.8883 0.4527
vn -0.6044 0.2506 0.7562
vn 0.3871 0.6045 0.6963
vn -0.2755 0.6358 0.7210
vn -0.5586 0.8265 -0.0692
vn 0.3285 -0.6790 -0.6566
vn 0.4677 -0.1370 0.8732
vn 0.3353 0.6902 0.6412
vn 0.7093 -0.6913 0.1375
vn -0.8987 0.3555 0.2569
vn -0.3120 0.2446 0.9180
vn -0.6770 -0.6975 0.2350
vn 0.4772 -0.6055 -0.6369
vn -0.7787 -0.4928 0.3884
vn -0.5148 -0.8417 -0.1628
vn -0.2494 0.3259 0.9119
vn -0.3869 -0.7139 -0.5836
vn 0.0026 0.8931 -0.4499
vn 0.5508 0.7737 0.3132
vn 0.2227 -0.1114 -0.9685
vn 0.1562 -0.8634 -0.4798
vn -0.9746 0.1582 0.1582
vn -0.5503 -0.3127 -0.7742
vn 0.2715 -0.7822 0.5608
vn -0.5502 0.3129 0.7742
vn -0.3131 0.6715 0.6716
vn 0.5507 -0.7739 -0.3127
vn -0.2231 0.9684 0.1116
vn 0.9746 -0.1582 -0.1582
vn 0.7265 0.1020 -0.6796
vn -0.8736 -0.3388 0.3493
vn -0.6435 0.1854 -0.7426
vn 0.0286 -0.0832 -0.9961
vn 0.0355 -0.2410 0.9699
vn -0.5819 -0.4329 -0.6885
vn -0.8680 0.3919 -0.3049
vn -0.7623 0.4458 0.4693
vn -0.1515 0.4792 0.8646
vn -0.5944 -0.1934 0.7805
vn 0.7197 -0.1542 0.6769
vn -0.1512 0.0832 -0.9850
vn 0.0102 0.7069 0.7072
vn -0.0101 -0.9163 0.4004
vn 0.4193 -0.8070 0.4158
vn -0.9818 -0.1897 0.0041
vn -0.4707 0.4074 0.7826
vn 0.9800 -0.1990 -0.0008
vn 0.6359 0.7024 0.3198
vn 0.2748 0.5525 -0.7869
vn -0.5255 -0.2155 -0.8230
vn 0.4742 0.4037 -0.7824
vn -0.0100 -0.9163 -0.4004
vn -0.4140 -0.8105 -0.4144
vn -0.1075 -0.8708 -0.4798
vn -0.9847 -0.1487 -0.0908
vn -0.1205 -0.8933 0.4331
vn 0.6980 -0.1188 -0.7062
vn -0.7001 -0.1156 0.7046
vn 0.9840 -0.1497 0.0969
vn 0.5495 0.4260 -0.7187
vn 0.7500 -0.6614 0.0077
vn 0.7088 -0.2614 0.6552
vn 0.6220 0.7822 -0.0362
vn 0.1443 -0.7646 -0.6282
vn -0.5510 -0.7899 0.2691
vn -0.6642 0.0566 -0.7454
vn -0.6487 -0.2337 0.7243
vn -0.3545 -0.3996 -0.8454
vn -0.3840 0.4241 0.8202
vn -0.3410 0.3513 0.8719
vn 0.3855 -0.3483 -0.8545
vn 0.2373 -0.7600 0.6050
vn -0.1423 -0.9556 -0.2579
vn 0.7491 -0.5681 -0.3409
vn -0.7869 0.1992 0.5840
vn -0.5648 -0.5108 0.6481
vn 0.1360 0.5268 0.8391
vn 0.6113 -0.7873 -0.0803
vn -0.5837 0.7721 -0.2512
vn 0.9471 -0.3016 -0.1099
vn 0.5839 0.7720 0.2511
vn 0.1490 0.5758 -0.8039
vn -0.9472 -0.3013 0.1099
vn 0.7869 0.1987 -0.5842
vn 0.2375 -0.7595 -0.6056
vn -0.6111 -0.7875 0.0806
vn 0.5647 -0.5111 -0.6479
vn 0.3716 -0.9236 0.0943
vn -0.7490 -0.5680 0.3412
vn -0.1407 -0.4041 -0.9038
vn -0.1250 -0.4029 -0.9067
vn 0.3005 0.3640 -0.8816
vn 0.9975 0.0135 -0.0690
vn -0.7317 -0.4712 0.4925
vn 0.8165 -0.1743 0.5505
vn -0.6969 0.7051 -0.1311
vn 0.3578 -0.5906 0.7234
vn -0.6275 0.7154 -0.3073
vn -0.5529 -0.5138 0.6560
vn -0.7110 -0.6895 -0.1376
vn -0.3407 -0.6968 -0.6312
vn 0.2760 0.9332 0.2300
vn -0.7909 0.1227 0.5996
vn 0.7246 0.4880 -0.4865
vn -0.7147 0.4953 0.4938
vn -0.2791 -0.5091 0.8142
vn 0.7043 -0.6404 -0.3062
vn 0.6404 0.7675 -0.0298
vn -0.2526 -0.4730 -0.8441
vn 0.5481 0.8285 -0.1153
vn -0.5882 0.2190 -0.7785
vn -0.5105 -0.5111 -0.6915
vn 0.9869 -0.0721 -0.1444
vn -0.5872 0.4309 0.6852
vn -0.4833 -0.8066 -0.3404
vn -0.6214 0.7358 0.2692
vn -0.8959 -0.2127 -0.3901
vn 0.1128 -0.9731 0.2011
vn -0.9231 -0.2788 0.2648
vn -0.7637 -0.1048 0.6370
vn 0.7040 -0.6967 -0.1378
vn 0.6219 0.4245 -0.6580
vn -0.8966 -0.2507 0.3650
vn -0.7226 -0.6899 -0.0419
vn -0.9755 0.0810 -0.2047
vn -0.4168 0.8827 -0.2170
vn -0.5355 -0.3259 0.7791
vn 0.1242 -0.7765 -0.6178
vn -0.5484 0.0486 -0.8348
vn 0.8853 -0.3556 0.2996
vn -0.1983 0.8354 -0.5126
vn 0.3155 0.9225 -0.2222
vn 0.4178 0.8450 0.3338
vn 0.8355 0.3753 0.4013
vn 0.8238 -0.3207 0.4673
vn -0.1530 0.8683 -0.4719
vn 0.9816 -0.1519 0.1156
vn 0.6116 0.5690 -0.5497
vn -0.0478 -0.3838 -0.9222
vn -0.5583 -0.5044 -0.6588
vn -0.3687 0.2176 -0.9037
vn 0.1242 -0.9277 0.3521
vn 0.0538 -0.4794 0.8760
vn -0.7002 0.7102 -0.0730
vn 0.2754 0.7814 0.5600
vn -0.7226 0.6773 -0.1381
vn 0.5416 -0.2754 0.7943
vn 0.6275 -0.7133 0.3121
vn 0.5713 0.7972 0.1950
vn 0.7125 -0.0165 -0.7015
vn 0.9165 -0.2928 0.2727
vn -0.4294 0.7324 0.5283
vn -0.4134 -0.5107 -0.7539
vn -0.6154 0.0438 0.7870
vn -0.2792 -0.6853 0.6726
vn -0.1117 0.9478 0.2988
vn -0.4655 -0.3985 -0.7903
vn 0.1243 -0.0982 0.9874
vn 0.6030 -0.7707 -0.2058
vn 0.9648 0.1224 0.2329
vn -0.3867 0.8832 0.2653
vn -0.6752 -0.6969 0.2416
vn -0.3467 0.3991 -0.8489
vn -0.4772 -0.4454 0.7576
vn -0.2375 -0.4565 -0.8574
vn 0.8147 0.5421 -0.2059
vn 0.5055 -0.2088 0.8372
vn -0.4820 -0.0191 -0.8760
vn -0.7664 0.4870 -0.4188
vn -0.8674 0.4656 0.1754
vn -0.5289 0.7453 0.4060
vn -0.1026 0.9557 0.2760
vn 0.7576 -0.6493 0.0674
vn 0.9262 -0.0787 -0.3688
vn -0.8266 -0.5094 0.2394
vn -0.0431 -0.5214 0.8522
vn 0.6953 0.6090 -0.3817
vn -0.3853 0.4498 -0.8057
vn -0.5093 0.1126 -0.8532
vn -0.3429 -0.9377 0.0564
vn 0.3684 0.1056 -0.9237
vn 0.9048 -0.3860 -0.1799
vn -0.1482 -0.9681 0.2021
vn -0.6184 -0.3779 0.6890
vn 0.3842 0.1537 -0.9104
vn 0.6645 0.0107 -0.7472
vn 0.3713 0.9170 0.1456
vn -0.9421 0.3293 -0.0633
vn -0.4664 -0.4972 0.7316
vn -0.0076 -0.6725 0.7400
vn -0.1469 -0.3913 0.9085
vn -0.1086 0.9221 0.3714
vn 0.3762 0.6223 -0.6864
vn -0.9855 -0.1560 -0.0671
vn 0.4924 0.4717 -0.7315
vn -0.3363 0.7779 0.5309
vn -0.5669 -0.3309 -0.7544
vn 0.7055 0.6833 0.1880
vn -0.8033 -0.5943 0.0387
vn -0.0588 0.9215 0.3839
vn -0.6356 0.1851 0.7495
vn 0.6324 -0.5954 0.4956
vn 0.6349 0.7266 0.2627
vn 0.1567 -0.8694 0.4685
vn -0.5443 -0.6211 -0.5639
vn -0.5816 -0.3154 0.7499
vn 0.4732 0.6174 0.6284
vn 0.1620 -0.2312 -0.9593
vn -0.2525 0.2327 -0.9392
vn 0.4131 -0.3330 -0.8476
vn -0.7275 0.4695 -0.5002
vn -0.8394 -0.2235 0.4955
vn -0.6219 -0.3263 -0.7119
vn -0.5498 0.8349 -0.0256
vn 0.6130 0.2375 0.7535
vn -0.8592 0.5086 -0.0551
vn 0.4785 -0.5475 -0.6865
vn 0.7775 0.4218 -0.4664
vn -0.4566 0.8164 0.3536
vn -0.7343 -0.6327 -0.2458
vn -0.7836 -0.6199 -0.0410
vn -0.5611 -0.4774 0.6762
vn -0.4037 0.4399 -0.8022
vn 0.2354 -0.9092 0.3433
vn 0.1163 0.9927 0.0316
vn 0.3795 -0.8004 0.4641
vn 0.4664 -0.7976 0.3825
vn -0.7251 -0.0090 0.6886
vn -0.5180 0.0990 0.8496
vn -0.7260 -0.3040 -0.6168
vn 0.2389 -0.1399 0.9609
vn 0.1820 -0.9110 -0.3700
vn 0.4692 -0.1084 -0.8764
vn -0.5445 -0.0214 0.8385
vn 0.4002 0.4418 0.8029
vn -0.4996 0.6069 -0.6181
vn -0.4737 -0.8711 -0.1299
vn -0.7648 0.0054 0.6442
vn -0.0338 0.6666 0.7447
vn 0.8464 0.0716 0.5276
vn 0.8553 0.2203 -0.4690
vn 0.7088 -0.1315 -0.6931
vn 0.6947 0.1612 -0.7010
vn -0.2875 -0.3865 -0.8763
vn -0.4490 0.7704 0.4527
vn 0.2330 -0.9556 0.1802
vn 0.5439 0.8384 0.0364
vn -0.2608 -0.2157 -0.9410
vn -0.4497 -0.8717 0.1949
vn 0.0351 0.6283 -0.7772
vn -0.0112 -0.9847 -0.1739
vn -0.0837 -0.9965 -0.0014
vn 0.9846 -0.0580 0.1648
vn 0.5526 0.3548 -0.7541
vn -0.1093 0.7408 0.6627
vn -0.4384 -0.4314 -0.7884
vn 0.5538 -0.2666 0.7888
vn -0.9132 -0.3728 -0.1649
vn -0.6381 0.1577 0.7536
vn 0.3187 -0.9322 0.1718
vn 0.4007 -0.9162 0.0018
vn -0.7772 0.5923 0.2125
vn -0.2303 -0.3463 -0.9094
vn -0.6999 -0.4521 -0.5530
vn -0.6723 -0.5157 0.5311
vn -0.4324 0.4015 0.8074
vn 0.2457 -0.3519 0.9032
vn 0.6717 -0.6696 -0.3170
vn -0.6411 -0.7262 -0.2481
vn 0.7394 0.4292 0.5187
vn 0.9656 0.1612 -0.2042
vn 0.6224 -0.3646 0.6926
vn 0.3579 0.9287 -0.0968
vn 0.8383 0.1348 -0.5282
vn -0.2969 -0.9493 0.1036
vn -0.3739 0.6433 0.6681
vn 0.1195 0.9789 -0.1659
vn 0.8667 -0.0328 0.4978
vn 0.7428 -0.6694 0.0102
vn -0.5629 -0.7433 0.3616
vn -0.8045 -0.4346 -0.4049
vn -0.1467 -0.0997 -0.9842
vn -0.6491 -0.7138 -0.2630
vn -0.1013 -0.0214 -0.9946
vn -0.1889 -0.8954 0.4032
vn -0.2900 -0.1520 0.9449
vn 0.9489 -0.3088 0.0658
vn 0.8402 0.5408 -0.0400
vn 0.4511 -0.7662 0.4576
vn 0.4363 0.1562 0.8861
vn -0.6599 -0.0487 0.7497
vn 0.4360 -0.8996 0.0238
vn 0.6354 -0.0248 -0.7718
vn 0.8048 0.0878 0.5870
vn -0.1804 -0.9779 -0.1055
vn -0.4863 -0.5757 -0.6573
vn 0.3661 0.2180 -0.9047
vn -0.1589 0.8660 0.4741
vn 0.9816 -0.1520 -0.1155
vn 0.5865 0.7514 0.3024
vn 0.2747 0.7823 -0.5590
vn -0.6572 -0.0619 -0.7511
vn -0.4167 0.8984 0.1387
vn 0.0531 -0.4788 -0.8763
vn 0.2411 -0.6200 0.7467
vn 0.9986 0.0521 0.0129
vn -0.5895 0.6706 -0.4504
vn 0.3789 -0.5779 -0.7228
vn -0.8635 -0.1718 -0.4742
vn 0.8391 0.2113 -0.5013
vn 0.3550 0.7189 -0.5976
vn 0.4920 -0.1587 0.8560
vn -0.4215 -0.3047 0.8541
vn 0.8322 0.2057 0.5149
vn -0.0845 0.6107 -0.7873
vn -0.1213 0.9782 -0.1685
vn 0.3587 0.6968 0.6212
vn -0.4672 -0.8834 -0.0357
vn 0.7281 0.3654 0.5800
vn -0.9301 0.3673 0.0035
vn -0.4182 -0.3104 -0.8536
vn -0.9553 -0.2942 0.0311
vn 0.3111 -0.5285 -0.7899
vn 0.4292 0.1986 0.8811
vn 0.2361 -0.0825 -0.9682
vn 0.1337 0.5583 -0.8188
vn 0.3379 0.8300 0.4436
vn -0.4362 0.4173 0.7972
vn -0.2150 0.7210 -0.6587
vn 1.0000 -0.0000 0.0003
vn 0.9406 -0.2038 0.2715
vn -0.4266 -0.7685 0.4769
vn -0.2303 -0.8923 0.3882
vn 0.0384 0.2083 0.9773
vn 0.8835 -0.4618 0.0792
vn 0.9218 -0.2087 0.3268
vn -0.8730 -0.2098 0.4403
vn 0.2794 -0.7660 0.5789
vn 0.1478 -0.9793 -0.1383
vn -1.0000 -0.0000 -0.0003
vn -0.0386 0.2097 -0.9770
vn 0.4297 -0.7676 -0.4756
vn -0.8473 -0.2634 -0.4612
vn 0.4026 -0.3350 -0.8519
vn -0.6969 -0.5913 -0.4059
vn 0.3711 0.7185 -0.5882
vn 0.6520 0.0001 0.7583
vn -0.7540 0.6173 0.2244
vn -0.9562 0.2895 0.0426
vn -0.3446 -0.6548 0.6727
vn -0.8531 -0.4767 0.2123
vn 0.3537 0.8955 -0.2700
vn 0.4914 0.8437 0.2162
vn -0.5972 0.8005 0.0499
vn -0.5465 0.7738 -0.3202
vn -0.1420 -0.5378 0.8310
vn 0.8156 0.3258 0.4782
vn 0.7095 0.6773 -0.1944
vn 0.2744 0.7225 -0.6346
vn 0.5076 -0.8528 0.1224
vn 0.6576 -0.6915 -0.2991
vn -0.6318 -0.6796 0.3727
vn -0.6543 0.0143 0.7561
vn -0.5002 -0.8572 0.1227
vn 0.6547 0.0143 -0.7558
vn 0.0061 0.8206 0.5715
vn -0.7277 -0.6819 -0.0740
vn -0.2743 -0.7224 -0.6348
vn -0.7630 0.5455 -0.3467
vn 0.5108 0.8041 -0.3041
vn 0.4915 0.8437 0.2161
vn -0.5111 0.8097 -0.2884
vn -0.1419 -0.5379 0.8310
vn 0.8156 0.3261 0.4779
vn 0.7094 0.6774 -0.1946
vn 0.2743 0.7225 -0.6346
vn 0.5120 -0.8503 0.1219
vn 0.8217 -0.5094 -0.2555
vn -0.6318 -0.6797 0.3726
vn -0.6544 0.0142 0.7560
vn -0.5001 -0.8572 0.1228
vn 0.6545 0.0144 -0.7560
vn 0.0059 0.8207 0.5713
vn -0.8222 -0.5564 0.1204
vn -0.7630 0.5455 -0.3468
vn -1.0000 -0.0000 -0.0005
vn -0.2361 0.9703 -0.0526
vn -0.2941 0.7037 -0.6467
vn 0.2693 0.9376 0.2197
vn 0.2892 0.5986 0.7470
vn 0.2466 -0.4093 -0.8785
vn 0.4257 0.7681 0.4783
vn -0.9871 0.0497 0.1520
vn -0.7600 -0.2675 -0.5923
vn -0.4479 -0.8276 -0.3382
vn -0.4828 -0.7725 0.4125
vn 1.0000 -0.0000 -0.0003
vn 0.8008 0.2233 -0.5558
vn -0.4298 0.7679 -0.4750
vn -0.2758 0.9228 -0.2691
vn -0.2895 0.5981 -0.7473
vn 0.1940 0.9806 -0.0281
vn 0.2077 0.7441 0.6349
vn -0.4971 0.8589 0.1229
vn 0.1112 -0.4026 -0.9086
vn -0.8193 0.5128 -0.2565
vn -0.8224 0.5560 -0.1202
vn -0.2742 0.7224 0.6348
vn -0.5227 -0.7971 -0.3022
vn -0.7630 -0.5453 0.3471
vn 0.4454 -0.8421 -0.3040
vn 0.5088 -0.8122 -0.2855
vn -0.5477 -0.8087 0.2147
vn 0.7622 -0.5468 -0.3464
vn 0.2745 -0.7224 0.6347
vn 0.4428 0.8906 0.1037
vn 0.7861 0.5349 0.3097
vn -0.6545 -0.0141 -0.7560
vn -0.1360 0.7004 -0.7006
vn 0.0007 -0.2841 -0.9588
vn -0.5394 0.0310 -0.8415
vn 0.9458 -0.0526 -0.3206
vn 0.4804 0.7579 -0.4414
vn 0.1364 0.7008 0.7001
vn -0.5403 0.0342 -0.8408
vn 0.5396 0.0352 0.8412
vn -0.9457 -0.0535 0.3207
vn -0.4804 0.7582 0.4409
vn -0.0001 -0.2835 0.9590
vn 0.5402 0.0309 0.8410
vn 0.1171 0.7020 0.7025
vn 0.5152 0.2137 0.8300
vn -0.7750 0.1769 0.6067
vn -0.3946 0.6218 0.6765
vn -0.2367 -0.4119 0.8800
vn 0.7502 -0.5768 0.3233
vn 0.1362 -0.9121 0.3867
vn 0.6248 -0.5318 -0.5717
vn -0.9796 0.1928 0.0563
vn -0.7738 -0.6334 0.0021
vn -0.0300 -0.5019 -0.8644
vn 0.9603 0.1948 -0.1998
vn -0.4088 -0.5009 -0.7629
vn -0.3847 0.2792 -0.8798
vn 0.9772 0.0583 -0.2039
vn -0.1360 -0.8472 -0.5135
vn 0.6967 0.1435 -0.7029
vn -0.9756 -0.1556 -0.1552
vn -0.8575 -0.2671 0.4398
vn -0.2353 -0.9624 -0.1361
vn 0.8577 -0.2662 -0.4400
vn -0.8575 0.1220 0.4997
vn -0.1604 -0.8359 0.5250
vn 0.1981 -0.6933 0.6928
vn -0.3313 0.4164 0.8467
vn -0.0853 -0.4672 0.8800
vn 0.5727 -0.5095 0.6423
vn -0.1226 -0.3247 0.9379
vn 0.7738 -0.6335 -0.0027
vn -0.9600 0.1954 0.2006
vn -0.6247 -0.5318 0.5717
vn -0.0299 -0.8645 -0.5017
vn 0.9797 0.1927 -0.0556
vn -0.4558 -0.6480 -0.6102
vn -0.3842 0.2790 -0.8801
vn 0.6577 0.6231 -0.4234
vn -0.1066 0.6664 -0.7379
vn 0.9370 0.3452 -0.0532
vn -0.7753 0.1766 -0.6063
vn 0.8189 0.2203 0.5300
vn -0.8699 0.4460 -0.2106
vn -0.7016 0.5846 0.4076
vn 0.6645 0.0856 0.7424
vn 0.3401 -0.3742 -0.8627
vn 0.0065 -0.5536 -0.8328
vn 0.7145 -0.0066 -0.6996
vn 0.6567 0.6275 -0.4183
vn -0.3179 -0.6022 -0.7323
vn -0.2002 -0.2068 -0.9577
vn 0.8603 0.4002 0.3160
vn -0.4234 0.0978 0.9007
vn 0.7691 -0.2768 -0.5761
vn -0.5373 -0.7377 0.4087
vn 0.1896 -0.5873 -0.7868
vn -0.8025 -0.4818 -0.3519
vn 0.6049 0.5236 0.6000
vn 0.1474 0.3495 -0.9253
vn -0.6960 0.2318 0.6796
vn -0.7123 0.4184 -0.5635
vn 0.9681 0.2273 -0.1051
vn -0.6103 0.1834 -0.7706
vn -0.2621 -0.7570 -0.5986
vn 0.8774 -0.4310 0.2107
vn -0.0876 0.9412 -0.3263
vn -0.9816 -0.0820 -0.1727
vn -0.8541 0.3314 -0.4009
vn -0.5435 0.7275 0.4188
vn -0.7064 0.5187 0.4816
vn -0.9952 0.0957 -0.0207
vn 0.1319 0.8321 0.5387
vn -0.2322 0.8384 0.4932
vn -0.9372 -0.3489 0.0003
vn -0.4141 0.6518 0.6353
vn 0.5768 -0.2014 -0.7917
vn 0.2109 -0.3122 -0.9263
vn 0.3123 -0.6894 0.6536
vn 0.1019 0.7299 0.6759
vn 0.6737 0.7113 0.2002
vn 0.5354 -0.3240 0.7799
vn -0.6660 0.4319 -0.6082
vn 0.2559 0.3489 0.9015
vn -0.8069 0.0562 -0.5880
vn 0.8392 -0.2047 0.5038
vn 0.6786 -0.3368 -0.6527
vn 0.5070 0.7660 -0.3952
vn -0.2631 -0.4956 0.8278
vn 0.1089 -0.5239 0.8448
vn 0.7509 -0.5452 -0.3728
vn -0.9746 -0.2224 -0.0246
vn 0.6942 -0.3923 0.6035
vn 0.7682 0.2159 0.6028
vn -0.5592 0.0812 0.8250
vn 0.0817 0.5638 -0.8219
vn -0.2641 0.5608 -0.7847
vn -0.1522 -0.8634 -0.4809
vn -0.2221 -0.9685 -0.1130
vn 0.5476 0.7742 0.3175
vn 0.2935 0.6074 0.7382
vn -0.5438 -0.3126 -0.7788
vn 0.2146 0.1113 0.9703
vn -0.9732 -0.1581 -0.1669
vn -0.5574 0.3129 0.7691
vn -0.0038 -0.8929 0.4502
vn 0.5536 -0.7737 -0.3080
vn 0.9732 0.1581 0.1669
vn -0.3382 -0.8436 0.4170
vn 0.3225 -0.9311 0.1702
vn 0.4140 -0.6588 0.6281
vn 0.4884 -0.8592 0.1523
vn 0.5707 -0.6829 -0.4560
vn -0.9999 0.0172 0.0006
vn -0.8580 0.0736 0.5084
vn -0.0210 -0.4648 -0.8852
vn -0.3907 0.8261 0.4061
vn -0.7131 0.5937 0.3727
vn -0.9682 0.1986 -0.1518
vn -0.8559 0.2276 0.4643
vn -0.9292 0.3073 0.2056
vn -0.9175 -0.3883 -0.0865
vn -0.6154 -0.6478 -0.4492
vn -0.9982 0.0606 0.0003
vn -0.7210 -0.6374 -0.2718
vn 0.5459 0.5380 0.6423
vn -0.6588 0.4069 0.6328
vn -0.9406 0.3388 -0.0208
vn -0.7605 -0.0738 -0.6452
vn 0.5040 0.8637 0.0001
vn -0.3241 0.6520 -0.6855
vn 0.9822 -0.1701 -0.0803
vn -0.9612 0.0786 -0.2645
vn 0.9824 -0.1505 0.1104
vn 0.4234 0.6880 -0.5894
vn 0.9113 -0.3884 -0.1363
vn 0.6810 -0.6829 -0.2645
vn 0.5094 -0.7352 0.4472
vn 0.1488 0.7325 -0.6643
vn 0.6699 0.6895 0.2752
vn 0.2442 -0.1627 -0.9560
vn 0.4104 -0.7297 -0.5469
vn -0.6722 -0.6551 0.3451
vn 0.0008 -0.9852 0.1717
vn -0.2839 -0.0752 0.9559
vn -0.0288 0.6759 0.7364
vn 0.4246 -0.8370 -0.3450
vn -0.4118 0.8688 -0.2750
vn 0.9132 -0.3727 -0.1649
vn -0.9846 -0.0577 0.1650
vn -0.8667 -0.1574 0.4734
vn 0.1872 0.9732 -0.1339
vn -0.7542 0.5670 0.3312
vn -0.7686 0.2876 -0.5714
vn 0.1480 -0.6693 -0.7281
vn -0.9181 -0.3538 0.1787
vn 0.4967 0.0660 -0.8654
vn 0.4600 -0.4321 0.7757
vn -0.6863 0.6876 -0.2372
vn 0.9608 0.1218 0.2491
vn 0.5020 -0.5109 0.6978
vn 0.6900 0.7089 0.1465
vn 0.6854 0.3340 -0.6470
vn 0.5984 0.4325 -0.6744
vn 0.4331 -0.8751 0.2158
vn 0.9224 -0.3560 0.1502
vn 0.8395 -0.3600 -0.4069
vn -0.1039 -0.9731 -0.2057
vn 0.9275 -0.2736 -0.2547
vn 0.7152 -0.5796 -0.3907
vn -0.6837 -0.7152 -0.1452
vn -0.4230 -0.4221 -0.8018
vn -0.4678 -0.2585 0.8452
vn 0.7503 -0.3112 0.5832
vn 0.9241 -0.2689 -0.2714
vn 0.7582 -0.0964 -0.6449
vn -0.6187 -0.2750 0.7360
vn 0.5918 -0.7589 0.2718
vn 0.6851 0.7027 0.1919
vn 0.1540 0.4550 -0.8771
vn 0.5466 -0.2782 -0.7898
vn -0.6343 0.7447 -0.2076
vn -0.3990 0.6137 -0.6813
vn -0.4132 0.7360 0.5362
vn -0.3229 -0.8611 -0.3928
vn -0.3429 0.6906 -0.6368
vn -0.6961 -0.7027 0.1470
vn 0.1938 0.7378 0.6466
vn -0.7097 -0.6708 0.2154
vn -0.6968 -0.4851 -0.5283
vn -0.7071 0.6995 -0.1034
vn -0.7103 -0.0714 0.7003
vn 0.7048 -0.6756 0.2164
vn -0.3688 0.8443 0.3888
vn 0.6827 0.7128 -0.1604
vn 0.6506 0.7375 -0.1813
vn 0.5488 -0.0433 -0.8348
vn 0.7127 0.5156 0.4757
vn 0.6629 -0.1072 0.7410
vn 0.5583 -0.3213 0.7649
vn -0.7722 -0.2873 -0.5667
vn 0.3823 0.0619 -0.9220
vn -0.6760 0.7250 0.1319
vn -0.8719 0.1478 0.4669
vn 0.2746 -0.5496 -0.7890
vn -0.2149 0.3766 0.9011
vn 0.1517 -0.9826 -0.1067
vn 0.4800 -0.0643 0.8749
vn -0.6473 -0.1569 0.7459
vn 0.6965 -0.5620 0.4461
vn -0.4495 0.7365 -0.5055
vn 0.8158 0.1705 0.5526
vn 0.7931 -0.6075 0.0440
vn -0.3120 0.2447 0.9180
vn 0.4270 -0.2827 0.8589
vn 0.4773 -0.6054 -0.6369
vn -0.7788 -0.4924 0.3885
vn -0.5149 -0.8417 -0.1627
vn -0.6915 0.7092 0.1373
vn -0.5708 0.6740 0.4690
vn -0.4530 0.4809 -0.7506
vn 0.6884 0.6882 -0.2292
vn -0.2683 0.5974 0.7558
vn 0.3286 -0.6786 -0.6569
vn -0.5106 -0.5109 0.6915
vn -0.1876 0.7368 -0.6496
vn 0.0002 0.8929 -0.4502
vn 0.5504 0.7741 0.3129
vn 0.2231 -0.1116 -0.9684
vn -0.9745 0.1587 0.1585
vn -0.5507 -0.3130 -0.7738
vn 0.2711 -0.7823 0.5609
vn -0.5504 0.3126 0.7742
vn -0.3131 0.6714 0.6717
vn 0.5505 -0.7740 -0.3129
vn -0.2233 0.9683 0.1117
vn 0.7067 -0.6940 -0.1374
vn -0.6853 -0.6886 0.2370
vn 0.4770 -0.6059 -0.6367
vn -0.3254 0.2406 0.9145
vn 0.6175 0.4136 -0.6691
vn 0.6882 0.6883 0.2293
vn -0.8961 -0.2516 0.3656
vn -0.6786 0.3286 0.6569
vn -0.5881 0.2205 -0.7782
vn -0.5107 -0.5108 -0.6915
vn -0.6915 0.7092 -0.1373
vn -0.5872 0.4319 0.6846
vn -0.4920 -0.8017 -0.3395
vn -0.6166 0.7392 0.2710
vn -0.8975 -0.2074 -0.3891
vn 0.7012 0.6976 0.1471
vn -0.1536 -0.8451 -0.5121
vn -0.7062 0.7080 0.0051
vn 0.2369 0.6656 -0.7077
vn 0.4454 -0.8694 0.2139
vn 0.4570 -0.6353 0.6225
vn 0.9164 -0.3683 0.1567
vn 0.8395 -0.3601 -0.4070
vn 0.9274 -0.2737 -0.2548
vn 0.7150 -0.5797 -0.3909
vn -0.6838 -0.7150 -0.1454
vn -0.4284 -0.4251 -0.7974
vn -0.4216 -0.3895 0.8189
vn 0.5860 0.7940 0.1619
vn 0.7504 -0.3113 0.5832
vn 0.9241 -0.2689 -0.2715
vn 0.7580 -0.0964 -0.6450
vn -0.6187 -0.2751 0.7359
vn 0.5819 -0.7664 0.2722
vn 0.7138 0.6851 -0.1457
vn 0.1675 0.5904 -0.7895
vn 0.8097 -0.1713 0.5613
vn -0.4633 0.3818 -0.7997
vn 0.2768 -0.2296 -0.9331
vn -0.6579 0.3623 0.6603
vn -0.3465 0.6093 0.7132
vn -0.2660 -0.9226 -0.2792
vn -0.6963 -0.7025 0.1470
vn -0.6255 0.2322 -0.7448
vn 0.0429 -0.7859 0.6168
vn -0.5147 -0.5662 -0.6438
vn -0.2186 0.3477 -0.9117
vn 0.8177 0.4771 -0.3220
vn 0.6386 -0.7629 -0.1009
vn 0.5315 0.4904 0.6907
vn -0.0751 0.1068 0.9914
vn 0.5720 -0.7231 -0.3872
vn -0.1486 -0.4799 0.8647
vn -0.2143 -0.1115 0.9704
vn 0.5436 0.3126 -0.7789
vn -0.1645 0.4799 -0.8618
vn -0.5478 -0.7739 0.3178
vn 0.2220 0.9684 -0.1135
vn -0.9732 -0.1583 0.1668
vn -0.5531 0.7741 -0.3080
vn -0.2662 0.7822 0.5633
vn 0.5575 -0.3128 0.7690
vn 0.9732 0.1583 -0.1669
vn -0.6927 0.7081 0.1370
vn -0.6329 0.7327 0.2501
vn -0.8960 -0.2122 -0.3902
vn -0.4970 -0.7995 -0.3373
vn -0.4515 0.4779 -0.7535
vn 0.6885 0.6881 -0.2289
vn -0.2690 0.5981 0.7550
vn 0.3290 -0.6775 -0.6578
vn 0.4029 -0.4237 0.8112
vn -0.5104 -0.5113 0.6914
vn 0.6982 -0.7025 -0.1380
vn -0.1900 0.7345 -0.6515
vn -0.3161 0.2407 0.9177
vn -0.6719 -0.7025 0.2346
vn 0.4784 -0.6048 -0.6367
vn -0.4817 0.8135 0.3259
vn -0.2179 0.9422 0.2544
vn -0.7402 0.3640 -0.5654
vn -0.1931 -0.6096 -0.7689
vn 0.8645 0.4772 0.1576
vn -0.6750 -0.2483 0.6948
vn 0.7449 0.6612 0.0886
vn 0.7271 -0.6325 -0.2671
vn -0.5981 0.6325 0.4921
vn 0.7114 -0.2067 -0.6717
vn 0.7722 0.4146 0.4814
vn -0.7089 -0.3091 -0.6339
vn 0.6145 0.7187 0.3254
vn -0.4544 0.6630 -0.5950
vn 0.2832 0.0764 0.9560
vn -0.3758 -0.2030 0.9042
vn 0.2039 0.9511 -0.2319
vn 0.6583 -0.6691 0.3448
vn 0.8451 -0.4318 0.3152
vn -0.6199 0.4132 0.6670
vn 0.6241 -0.3263 0.7100
vn -0.4905 0.6047 0.6275
vn -0.7981 0.2282 -0.5577
vn 0.5807 -0.3159 -0.7504
vn 0.8743 -0.1113 -0.4725
vn 0.4997 -0.4786 -0.7220
vn -0.5033 0.2881 -0.8146
vn -0.4315 0.8043 -0.4084
vn 0.0173 0.6609 0.7503
vn 0.9064 -0.2209 0.3600
vn 0.9174 0.1203 0.3792
vn -0.9337 -0.2083 0.2911
vn 0.6895 -0.0487 -0.7227
vn -0.8683 -0.4754 -0.1416
vn 0.3124 -0.9344 -0.1711
vn -0.5636 0.7587 -0.3265
vn 0.1465 0.9149 -0.3763
vn -0.6711 0.6583 -0.3410
vn -0.2947 0.7145 0.6346
vn -0.7375 0.6198 0.2681
vn 0.2274 -0.7151 0.6611
vn -0.2725 -0.7640 0.5848
vn 0.3755 0.8040 0.4610
vn -0.1311 -0.9849 0.1129
vn 0.2789 0.9261 0.2540
vn -0.4925 0.8330 -0.2521
vn 0.7076 -0.6370 -0.3059
vn -0.6829 -0.7157 -0.1463
vn 0.6267 0.7059 0.3299
vn -0.5227 -0.2095 -0.8263
vn -0.7540 0.2779 0.5952
vn -0.5522 -0.4607 0.6949
vn -0.3446 -0.9387 0.0126
vn -0.8441 -0.4979 -0.1990
vn 0.4883 -0.6095 -0.6246
vn 0.8166 0.5504 0.1742
vn -0.7143 0.6864 0.1361
vn -0.4914 -0.8019 -0.3398
vn -0.6490 0.1677 -0.7420
vn -0.6168 0.7391 0.2709
vn -0.8973 -0.2079 -0.3894
vn 0.1073 -0.9736 0.2014
vn -0.9248 -0.2764 0.2615
vn -0.7652 -0.0940 0.6369
vn 0.6878 -0.7129 0.1368
vn -0.0785 -0.8355 0.5438
vn 0.6044 0.3876 -0.6960
vn -0.8532 -0.5049 0.1305
vn -0.6792 0.3284 0.6564
vn -0.4111 0.8154 0.4076
vn 0.7689 0.6383 -0.0371
vn -0.3764 -0.2291 -0.8977
vn -0.7619 0.0400 0.6465
vn 0.4107 0.9117 -0.0141
vn 0.3704 0.8515 0.3711
vn -0.5509 -0.7899 -0.2693
vn 0.7165 -0.4663 -0.5189
vn 0.4336 0.5801 -0.6895
vn -0.3239 -0.9403 -0.1041
vn -0.6346 -0.0841 -0.7683
vn 0.5511 0.7899 0.2690
vn 0.8707 -0.0321 0.4908
vn 0.7221 0.0558 -0.6895
vn 0.1601 0.6955 -0.7005
vn -0.6171 0.2250 -0.7540
vn -0.4113 -0.6244 -0.6640
vn 0.2394 0.6574 0.7145
vn -0.5936 -0.3908 -0.7035
vn 0.6747 -0.6955 0.2470
vn 0.5502 0.8346 -0.0275
vn 0.1037 0.9669 -0.2330
vn -0.5887 0.0063 0.8083
vn 0.5376 -0.6670 0.5159
vn -0.3202 -0.3194 -0.8919
vn 0.4741 0.5347 0.6996
vn 0.9435 0.2325 -0.2360
vn -0.2324 -0.8912 0.3895
vn -0.5278 -0.5774 -0.6230
vn -0.6181 -0.3781 -0.6892
vn -0.1471 -0.3912 -0.9085
vn -0.9038 0.3480 -0.2492
vn 0.9298 -0.1308 -0.3441
vn -0.5764 -0.6040 0.5504
vn 0.3840 0.1538 0.9104
vn 0.4542 0.6186 0.6411
vn 0.3759 0.6225 0.6865
vn 0.7441 0.6667 -0.0426
vn 0.5035 -0.3555 0.7875
vn -0.5479 -0.6803 0.4868
vn 0.6717 -0.2718 -0.6892
vn 0.9598 -0.1105 0.2582
vn 0.5562 -0.8309 -0.0175
vn -0.0128 -0.9400 0.3409
vn 0.3891 0.3550 0.8501
vn -0.7481 0.6630 -0.0286
vn -0.2849 0.8329 -0.4745
vn -0.3097 -0.9383 -0.1539
vn 0.2860 -0.9360 -0.2052
vn 0.1314 0.8762 -0.4636
vn -0.6492 0.3586 -0.6708
vn -0.1780 0.0980 0.9791
vn 0.6259 -0.7783 0.0493
vn 0.4707 0.1899 -0.8616
vn -0.5573 -0.4253 0.7132
vn 0.1763 -0.9635 -0.2013
vn 0.9448 -0.2084 0.2529
vn 0.0573 0.8024 -0.5940
vn 0.1132 0.3746 -0.9203
vn -0.6916 0.7103 -0.1308
vn 0.0001 -0.7006 -0.7135
vn 0.8586 0.0942 0.5040
vn -0.5407 -0.2493 -0.8034
vn -0.6452 -0.6453 -0.4091
vn -0.0000 -0.7009 0.7132
vn -0.6915 -0.5990 0.4037
vn -0.1574 0.7042 0.6924
vn -0.1605 0.3445 0.9250
vn 0.8032 0.0085 -0.5956
vn -0.8033 0.0087 0.5955
vn -0.7956 0.0240 0.6053
vn -0.6015 0.5502 -0.5791
vn 0.2671 -0.5508 -0.7908
vn 0.0716 0.6522 0.7546
vn -0.9004 0.4153 -0.1299
vn 0.1509 -0.9826 -0.1080
vn 0.1596 -0.1647 0.9733
vn 0.5922 0.1040 -0.7991
vn -0.4584 0.7585 -0.4632
vn 0.8494 0.1010 -0.5180
vn -0.7262 -0.4662 0.5053
vn -0.4683 0.4513 0.7596
vn 0.5396 -0.5396 0.6462
vn -0.5708 -0.3449 -0.7451
vn 0.2755 0.4227 -0.8634
vn 0.5258 -0.4326 0.7324
vn -0.7694 -0.0981 -0.6312
vn 0.1580 -0.1608 -0.9743
vn -0.6810 0.7215 0.1252
vn 0.1507 -0.9827 0.1081
vn -0.7485 -0.5850 -0.3123
vn -0.3607 -0.4341 0.8255
vn -0.2244 0.3768 0.8987
vn 0.5929 0.1020 0.7988
vn 0.5028 -0.8494 -0.1602
vn -0.7118 -0.6782 0.1829
vn -0.8090 0.0498 0.5857
vn -0.6994 -0.6624 -0.2683
vn -0.1669 -0.4284 -0.8880
vn -0.2831 -0.2540 -0.9249
vn -0.6815 0.3956 0.6157
vn -0.2209 0.9711 -0.0897
vn 0.2646 -0.0037 -0.9644
vn 0.7860 0.6146 -0.0675
vn 0.9507 0.2514 -0.1818
vn -0.4991 0.7785 -0.3805
vn 0.8975 -0.0080 -0.4409
vn 0.7515 -0.5851 0.3049
vn -0.4537 -0.0287 -0.8907
vn -0.0628 0.6535 -0.7543
vn -0.4477 0.4860 0.7506
vn 0.8630 0.1694 0.4759
vn 0.9010 0.4101 0.1411
vn -0.1491 -0.9832 -0.1053
vn 0.5325 0.2670 -0.8032
vn -0.6299 -0.4722 -0.6166
vn -0.8200 0.0389 0.5711
vn 0.6414 0.7263 0.2471
vn -0.0005 -0.8660 -0.5001
vn -0.5198 -0.6349 -0.5716
vn -0.7333 -0.5738 -0.3647
vn 0.6166 0.5564 0.5570
vn 0.8127 -0.5264 -0.2498
vn -0.8425 0.4307 0.3235
vn -0.8115 -0.3041 -0.4990
vn 0.8032 -0.1454 -0.5777
vn -0.5257 0.4732 -0.7070
vn -0.5960 0.8030 0.0004
vn 0.6973 -0.3928 -0.5996
vn -0.2745 0.0418 -0.9607
vn -0.0012 0.1849 0.9827
vn 0.4052 -0.6652 0.6271
vn -0.7587 -0.0546 -0.6491
vn 0.7236 0.2164 0.6554
vn -0.7384 0.2391 0.6305
vn -0.1915 -0.1604 -0.9683
vn -0.6264 -0.7780 -0.0484
vn 0.1262 -0.0278 0.9916
vn 0.5576 -0.4248 -0.7132
vn 0.7515 -0.5772 0.3195
vn 0.2365 -0.1008 -0.9664
vn 0.4085 -0.3553 0.8408
vn 0.4702 -0.2205 -0.8546
vn -0.6512 -0.3384 -0.6792
vn -0.6937 -0.6741 0.2538
vn 0.7021 0.6672 0.2488
vn 0.8158 -0.3820 -0.4341
vn 0.5520 0.2543 0.7941
vn -0.3866 0.6607 0.6435
vn 0.6884 -0.2788 -0.6696
vn -0.7373 -0.6343 -0.2327
vn -0.1922 0.9547 0.2273
vn -0.6508 0.3384 -0.6797
vn 0.7816 0.6138 -0.1114
vn 0.5328 -0.7692 -0.3528
vn -0.6692 0.6815 -0.2963
vn -0.5460 -0.7029 0.4559
vn 0.8718 -0.3858 0.3019
vn -0.9361 -0.2022 0.2879
vn 0.4978 -0.4817 -0.7212
vn 0.4806 -0.7223 -0.4974
vn -0.4262 0.8039 -0.4149
vn 0.9183 0.1148 0.3788
vn 0.0350 -0.6775 -0.7347
vn -0.3301 0.3148 -0.8899
vn 0.7024 0.7083 0.0702
vn -0.7211 0.5113 0.4675
vn 0.7287 -0.5051 0.4624
vn -0.6385 0.5516 0.5366
vn -0.7420 0.6086 0.2812
vn -0.2240 0.5339 -0.8153
vn -0.7946 0.4196 0.4387
vn -0.3995 -0.6786 -0.6164
vn 0.0583 -0.6327 0.7722
vn -0.7764 -0.4127 -0.4763
vn 0.6721 -0.6357 -0.3795
vn -0.3554 -0.4450 -0.8220
vn 0.3723 -0.6335 0.6783
vn 0.2234 0.6054 -0.7639
vn 0.4503 -0.8230 0.3463
vn -0.3359 0.7085 0.6206
vn -0.1379 -0.1683 -0.9760
vn 0.5060 0.5340 -0.6774
vn -0.5437 0.8385 -0.0365
vn -0.7468 0.0801 0.6602
vn 0.5135 -0.6927 -0.5065
vn 0.8999 0.0198 0.4355
vn -0.4387 -0.7557 -0.4862
vn -0.6916 0.1506 0.7064
vn -0.6623 0.7148 0.2245
vn 0.2591 0.6605 -0.7047
vn 0.7438 0.6553 0.1315
vn -0.1540 -0.8468 -0.5092
vn -0.6964 -0.7025 -0.1468
vn 0.5851 0.7941 0.1646
vn 0.9025 -0.4287 -0.0410
vn 0.3343 0.2438 -0.9104
vn -0.4283 -0.4250 -0.7974
vn 0.6882 -0.6879 -0.2306
vn -0.0996 -0.9145 0.3920
vn 0.7843 -0.4916 -0.3784
vn 0.5065 -0.8449 0.1719
vn 0.9591 -0.2411 0.1483
vn 0.4476 0.4883 0.7491
vn -0.6579 0.3623 0.6602
vn 0.7651 -0.1253 0.6316
vn -0.3465 0.6093 0.7133
vn 0.6941 0.7083 0.1286
vn -0.4634 0.3818 -0.7997
vn 0.2769 -0.2297 -0.9331
vn 0.5019 -0.7991 0.3309
vn 0.2675 0.6366 -0.7233
vn 0.8279 -0.1238 0.5470
vn -0.6186 -0.2750 0.7360
vn 0.9242 -0.2689 -0.2714
vn -0.6838 -0.7151 0.1451
vn -0.2947 -0.9174 -0.2673
vn -0.6257 0.2324 -0.7447
vn 0.3827 0.2152 0.8985
vn 0.1182 -0.8222 0.5568
vn 0.4715 -0.8392 0.2709
vn 0.7894 0.1530 -0.5945
vn -0.8796 0.4708 -0.0678
vn -0.5372 -0.7168 0.4444
vn -0.5747 -0.4784 -0.6640
vn -0.6956 0.5159 0.5000
vn 0.8704 0.4252 0.2484
vn 0.4415 -0.8670 -0.2309
vn -0.7843 0.5643 -0.2579
vn -0.3898 -0.5058 -0.7695
vn -0.7169 0.2418 0.6539
vn -0.6142 -0.5758 -0.5397
vn 0.3776 0.6672 0.6421
vn 0.4706 -0.8542 0.2211
vn 0.8684 0.1571 0.4703
vn -0.1515 -0.9827 -0.1063
vn 0.7515 -0.5845 0.3061
vn 0.7683 -0.2897 -0.5707
vn -0.0606 0.6502 -0.7574
vn 0.8998 0.4138 0.1380
vn -0.4657 -0.0435 -0.8839
vn -0.4297 0.4699 0.7711
vn 0.0711 -0.3802 0.9222
vn -0.0561 -0.4755 -0.8779
vn -0.2877 0.7716 -0.5673
vn 0.7266 0.6741 0.1331
vn 0.1716 0.8621 0.4768
vn -0.5491 -0.2748 -0.7893
vn 0.3768 0.2167 0.9006
vn -0.9824 -0.1531 -0.1071
vn -0.7000 0.7135 0.0287
vn -0.8620 0.3971 -0.3151
vn -0.7428 -0.6694 -0.0099
vn 0.2800 0.5638 0.7770
vn 0.5620 -0.7435 -0.3625
vn 0.3362 0.6368 0.6938
vn 0.9749 0.1035 0.1969
vn -0.7777 -0.3113 -0.5462
vn 0.9052 -0.2265 0.3597
vn -0.9361 -0.2024 0.2878
vn 0.4978 -0.4816 -0.7213
vn 0.3181 -0.2329 -0.9190
vn -0.4263 0.8038 -0.4149
vn 0.9184 0.1149 0.3787
vn -0.6427 0.6476 -0.4092
vn -0.1191 0.8706 0.4774
vn 0.7941 0.3748 -0.4785
vn 0.6275 -0.6971 0.3470
vn 0.3997 -0.9055 -0.1425
vn 0.2627 -0.4291 0.8642
vn 0.7593 -0.2301 -0.6087
vn 0.7166 0.2612 0.6467
vn -0.5129 -0.2451 -0.8227
vn -0.3320 0.6791 0.6547
vn 0.0782 0.4977 0.8638
vn 0.3499 0.2160 0.9115
vn -0.7074 -0.3793 -0.5964
vn 0.5185 -0.8435 0.1405
vn 0.6901 0.7088 0.1460
vn 0.5897 0.7921 0.1577
vn 0.6039 0.4342 -0.6684
vn 0.9885 0.0138 0.1503
vn -0.1512 -0.8445 -0.5138
vn -0.1999 -0.5958 -0.7778
vn -0.7073 -0.6915 -0.1467
vn -0.6042 0.2371 -0.7607
vn 0.3204 0.2482 -0.9142
vn 0.6798 -0.6967 -0.2291
vn -0.1003 -0.9146 0.3917
vn 0.7843 -0.4916 -0.3785
vn 0.4945 -0.8518 0.1729
vn 0.9633 -0.2288 0.1404
vn 0.6852 0.7028 0.1913
vn -0.2943 0.7041 0.6462
vn -0.7048 0.7094 -0.0048
vn -0.2931 0.5414 -0.7880
vn 0.5125 -0.7930 0.3293
vn 0.5394 -0.2751 -0.7959
vn 0.2429 0.5125 -0.8236
vn 0.8279 -0.1236 0.5471
vn -0.5251 -0.2569 0.8113
vn 0.9219 -0.2794 -0.2682
vn 0.7581 -0.0965 -0.6450
vn -0.7050 -0.6834 -0.1898
vn -0.0187 -0.8124 -0.5827
vn 0.8947 -0.2542 -0.3673
vn -0.5610 0.3095 -0.7678
vn -0.6996 0.0014 0.7145
vn 0.4209 0.8234 0.3806
vn -0.4348 -0.3270 0.8391
vn -0.3894 0.8233 -0.4131
vn -0.8303 0.3277 0.4507
vn -0.3893 -0.8235 -0.4128
vn 0.6996 0.0005 -0.7145
vn 0.4356 -0.3266 -0.8388
vn 0.8300 0.3273 -0.4516
vn 0.7047 0.0132 -0.7094
vn -0.3188 0.9079 0.2721
vn -0.7914 0.1768 -0.5852
vn 0.2464 -0.8027 -0.5431
vn 0.6039 0.6969 0.3868
vn 0.4063 0.8388 -0.3624
vn 0.4705 -0.8081 0.3543
vn -0.5511 0.6268 -0.5508
vn -0.6582 0.2321 0.7162
vn -0.5864 -0.3085 0.7490
vn -0.3409 -0.6586 -0.6709
vn 0.7697 0.6384 -0.0018
vn 0.5100 0.0128 -0.8601
vn 0.4284 -0.6720 -0.6041
vn 0.5950 -0.6540 0.4672
vn 0.2610 -0.9575 -0.1227
vn -0.4691 -0.2528 0.8462
vn -0.4331 0.3851 0.8149
vn 0.1626 0.2721 0.9484
vn -0.7324 -0.2003 -0.6508
vn -0.4585 -0.7965 0.3942
vn 0.3727 0.6037 0.7047
vn 0.6088 -0.1565 0.7777
vn -0.5601 0.6894 0.4593
vn 0.9435 0.3051 -0.1292
vn 0.1337 0.9299 0.3428
vn -0.1288 0.8169 -0.5622
vn -0.5272 0.0785 -0.8461
vn -0.6462 0.5778 0.4986
vn 0.2321 0.6822 -0.6933
vn 0.2236 -0.4290 -0.8752
vn -0.8364 -0.5082 0.2054
vn 0.9026 -0.4290 0.0348
vn -0.4955 0.8466 0.1945
vn 0.5142 -0.8271 0.2268
vn 0.8680 0.1241 0.4808
vn -0.6289 0.1429 -0.7642
vn 0.6897 0.3357 -0.6416
vn -0.7016 0.6991 0.1376
vn 0.9869 -0.0722 -0.1445
vn -0.4111 0.8155 0.4074
vn -0.4917 -0.8017 -0.3398
vn -0.6165 0.7392 0.2710
vn -0.8976 -0.2073 -0.3891
vn 0.3121 -0.9394 -0.1417
vn -0.9247 -0.2766 0.2616
vn -0.7653 -0.0940 0.6367
vn 0.7055 -0.6786 0.2045
vn -0.0794 -0.8350 0.5444
vn -0.8961 -0.2518 0.3656
vn 0.7068 -0.6940 0.1374
vn -0.3124 0.2445 0.9180
vn 0.4686 -0.1378 0.8726
vn -0.6768 -0.6977 0.2351
vn 0.4774 -0.6055 -0.6368
vn -0.7789 -0.4924 0.3885
vn -0.5150 -0.8416 -0.1628
vn -0.6810 0.7036 -0.2030
vn -0.2492 0.3259 0.9120
vn -0.4531 0.4810 -0.7505
vn 0.6883 0.6882 -0.2291
vn -0.2686 0.5976 0.7554
vn 0.3287 -0.6786 -0.6568
vn 0.3353 0.6901 0.6413
vn 0.5479 0.8286 -0.1155
vn -0.9640 0.1217 -0.2364
vn -0.5108 -0.5107 -0.6915
vn -0.6914 0.7093 -0.1373
vn -0.5875 0.4319 0.6843
vn -0.4915 -0.8019 -0.3398
vn -0.8973 -0.2080 -0.3892
vn 0.1073 -0.9736 0.2013
vn -0.9248 -0.2766 0.2614
vn -0.7652 -0.0939 0.6369
vn 0.7093 -0.6913 -0.1377
vn 0.6170 0.4166 -0.6677
vn 0.4369 -0.3405 -0.8326
vn 0.2046 -0.9117 -0.3564
vn -0.3208 0.6618 0.6776
vn -0.4083 -0.8459 -0.3431
vn 0.4762 -0.8498 0.2260
vn 0.6884 0.6882 -0.2291
vn -0.2754 0.6359 0.7210
vn -0.7855 0.6153 0.0670
vn 0.3287 -0.6784 -0.6571
vn 0.4677 -0.1367 0.8732
vn -0.5108 -0.5109 0.6914
vn -0.3120 0.2448 0.9180
vn -0.6770 -0.6975 0.2349
vn -0.7788 -0.4928 0.3882
vn -0.5147 -0.8417 -0.1628
vn -0.5712 0.6739 0.4686
vn -0.4531 0.4810 -0.7506
vn 0.2761 -0.2308 0.9330
vn -0.4887 0.2487 0.8362
vn 0.2189 -0.9755 -0.0212
vn 0.7236 0.3021 -0.6206
vn 0.5457 0.5617 0.6219
vn -0.4504 -0.6117 -0.6503
vn -0.7458 0.1079 -0.6573
vn 0.3664 0.9192 -0.1440
vn 0.7603 0.5726 0.3067
vn 0.6905 0.1496 -0.7077
vn 0.4815 -0.5255 -0.7014
vn -0.9158 0.0846 -0.3925
vn -0.4247 0.7945 -0.4341
vn -0.6968 -0.1185 -0.7074
vn -0.7999 -0.5964 0.0673
vn 0.9947 0.0641 -0.0807
vn -0.3179 0.1438 -0.9371
vn -0.8558 0.1043 0.5067
vn 0.5347 0.4676 0.7039
vn -0.4472 -0.8732 0.1936
vn -0.3749 0.8779 0.2980
vn -0.7906 -0.5571 -0.2540
vn 0.6544 -0.6641 0.3616
vn 0.7603 0.4576 -0.4610
vn 0.8653 0.3276 0.3795
vn 0.7614 -0.4327 -0.4827
vn -0.4542 0.5950 0.6631
vn -0.3673 -0.9056 -0.2121
vn 0.7430 -0.0739 -0.6651
vn -0.6144 0.5068 -0.6047
vn 0.5807 -0.8096 -0.0855
vn -0.5486 -0.6817 0.4841
vn 0.2448 0.9620 0.1205
vn 0.4044 -0.2650 0.8753
vn 0.7036 -0.6539 0.2783
vn 0.6065 -0.1336 -0.7837
vn -0.7467 -0.5659 0.3495
vn -0.5466 -0.6491 0.5291
vn 0.8335 -0.2179 -0.5077
vn -0.4107 0.8668 0.2829
vn -0.5894 0.8055 -0.0614
vn -0.7408 -0.4816 0.4682
vn 0.1756 -0.7831 0.5966
vn 0.6745 0.6321 -0.3814
vn 0.5948 -0.7985 0.0929
vn -0.8416 -0.2901 -0.4555
vn 0.7416 0.6269 0.2389
vn -0.7430 -0.0738 0.6652
vn 0.8419 -0.5396 -0.0011
vn 0.8470 0.3753 -0.3763
vn 0.4302 0.9027 0.0017
vn -0.3641 0.7359 0.5709
vn -0.4493 0.8493 -0.2772
vn -0.4653 0.8676 -0.1754
vn 0.1371 -0.2270 0.9642
vn 0.3464 -0.8452 -0.4070
vn 0.4734 0.8730 -0.1169
vn 0.7044 -0.6693 0.2363
vn -0.5164 -0.6283 0.5819
vn -0.5988 0.3518 -0.7195
vn 0.1819 0.9111 -0.3700
vn 0.3100 0.4720 -0.8253
vn 0.3064 -0.1576 -0.9388
vn -0.9801 0.1839 0.0751
vn 0.9625 -0.2159 -0.1641
vn -0.5647 -0.6489 0.5100
vn 0.1187 -0.6901 0.7139
vn 0.4624 0.3294 0.8232
vn 0.7985 0.3785 -0.4681
vn 0.2882 -0.3852 -0.8767
vn -0.4293 -0.6760 -0.5990
vn 0.7007 -0.6212 -0.3508
vn 0.5382 0.8363 -0.1044
vn -0.8508 0.4203 -0.3154
vn -0.1137 0.7502 -0.6513
vn -0.1840 -0.2008 -0.9622
vn -0.3071 0.1598 0.9382
vn 0.7659 -0.3290 -0.5524
vn 0.0326 -0.9116 -0.4099
vn -0.2330 -0.6348 -0.7367
vn -0.6180 -0.3782 -0.6892
vn 0.7392 0.0825 -0.6684
vn -0.2362 0.4741 0.8482
vn -0.8063 -0.5901 0.0416
vn 0.9205 0.0844 0.3815
vn 0.3753 0.6224 0.6869
vn -0.1106 -0.4101 0.9053
vn 0.2872 -0.9567 -0.0468
vn 0.8504 0.1209 0.5120
vn -0.2772 0.6617 0.6966
vn -0.3679 0.1202 0.9221
vn -0.3174 -0.6021 -0.7326
vn -0.9605 0.2757 -0.0370
vn 0.4291 -0.7184 -0.5475
vn 0.8595 0.4005 0.3175
vn -0.0124 0.9317 -0.3629
vn 0.6525 0.2144 -0.7269
vn 0.4627 -0.0163 -0.8864
vn -0.0617 -0.6226 -0.7801
vn -0.6991 0.6832 -0.2107
vn 0.4264 -0.4952 0.7570
vn 0.0514 0.7231 0.6888
vn -0.6264 -0.4255 0.6531
vn -0.2756 -0.7666 0.5800
vn 0.6880 0.2288 0.6887
vn 0.2815 -0.9470 0.1550
vn 0.3408 -0.6581 0.6713
vn 0.7159 -0.2319 -0.6586
vn 0.3538 0.8082 0.4708
vn -0.7399 0.0774 -0.6682
vn -0.4708 -0.8081 -0.3540
vn -0.6045 0.6957 -0.3882
vn -0.6709 0.6585 -0.3409
vn -0.3610 0.6492 0.6695
vn 0.7276 0.0649 0.6829
vn -0.1046 0.4764 -0.8730
vn 0.8071 0.1537 0.5701
vn 0.4256 -0.7177 -0.5512
vn 0.5136 -0.7136 0.4764
vn -0.7675 0.1979 -0.6098
vn 0.6911 -0.3614 -0.6259
vn -0.2830 0.6771 0.6793
vn 0.6932 0.5025 0.5167
vn 0.0897 0.8097 -0.5799
vn -0.0575 0.7224 -0.6890
vn -0.2041 -0.6271 -0.7517
vn 0.6192 -0.4270 -0.6590
vn -0.6590 0.2291 0.7164
vn 0.3879 -0.5834 -0.7136
vn 0.6959 0.6744 0.2466
vn -0.4867 -0.0469 0.8723
vn 0.0459 -0.5884 0.8073
vn -0.5528 0.0715 0.8302
vn 0.9241 0.3660 0.1101
vn -0.7402 -0.0351 -0.6714
vn -0.8097 0.5859 -0.0319
vn -0.5755 0.7659 0.2865
vn 0.2862 -0.5560 0.7804
vn -0.1244 -0.3419 0.9315
vn 0.5904 0.0305 -0.8065
vn -0.2123 0.8223 0.5280
vn 0.3656 0.3269 -0.8715
vn 0.5383 -0.4513 -0.7117
vn 0.0011 0.7148 -0.6993
vn -0.0730 0.6667 0.7418
vn -0.7587 0.5891 -0.2782
vn 0.1925 -0.2157 -0.9573
vn 0.0011 -0.7231 0.6908
vn 0.7260 -0.1265 -0.6760
vn -0.5308 -0.7526 -0.3896
vn 0.4675 -0.5877 0.6604
vn -0.2495 -0.2254 -0.9418
vn -0.0593 0.7227 -0.6886
vn -0.8159 -0.3308 -0.4741
vn -0.1993 -0.6298 -0.7507
vn 0.6178 -0.4293 -0.6588
vn -0.6586 0.2306 0.7163
vn 0.3843 -0.5805 -0.7179
vn 0.6965 0.6736 0.2473
vn -0.9598 0.2558 0.1157
vn -0.4912 -0.0541 0.8694
vn 0.0477 -0.5901 0.8059
vn 0.6630 0.5226 0.5360
vn 0.6908 -0.3576 -0.6284
vn 0.8617 0.1726 0.4772
vn -0.3764 0.0786 0.9231
vn 0.8998 0.4136 0.1391
vn 0.7516 -0.5843 0.3060
vn 0.7695 -0.2889 -0.5696
vn -0.0616 0.6510 -0.7565
vn -0.4715 -0.0534 -0.8802
vn -0.0010 0.8657 0.5005
vn -0.3587 -0.3037 -0.8827
vn -0.4447 -0.7648 0.4662
vn 0.5421 0.7586 0.3615
vn 0.6597 -0.2300 0.7155
vn -0.2865 0.0643 0.9559
vn 0.4481 0.6454 0.6185
vn 0.7530 0.6416 -0.1462
vn 0.4674 0.8444 -0.2618
vn 0.5050 0.7959 -0.3340
vn -0.4201 0.3616 -0.8323
vn -0.5451 0.3863 0.7440
vn 0.3511 0.0327 -0.9358
vn -0.4948 -0.2052 -0.8445
vn -0.4809 0.8654 -0.1410
vn 0.5540 -0.7364 -0.3883
vn -0.2276 -0.9721 -0.0575
vn -0.5022 0.5246 -0.6875
vn 0.7416 -0.5340 0.4062
vn -0.6011 -0.7970 0.0582
vn -0.4369 -0.1188 -0.8916
vn 0.3483 -0.6813 -0.6438
vn -0.2167 0.6713 -0.7088
vn 0.9779 0.0484 0.2034
vn 0.1746 0.7071 0.6852
vn -0.3714 0.9222 -0.1082
vn 0.7883 0.5947 -0.1582
vn -0.0665 0.6585 0.7496
vn -0.4907 0.2797 -0.8252
vn 0.1126 0.1817 0.9769
vn 0.4159 0.8803 0.2282
vn 0.2135 0.6681 0.7128
vn 0.1976 0.9408 0.2753
vn -0.5628 -0.7011 0.4379
vn -0.1957 0.5378 0.8200
vn -0.2442 0.0404 0.9689
vn 0.0869 -0.1340 0.9872
vn -0.0222 -0.7472 0.6643
vn -0.2439 -0.6549 0.7153
vn -0.1353 -0.7302 0.6697
vn -0.3268 -0.8966 0.2988
vn -0.2432 -0.9690 0.0429
vn 0.2523 -0.5399 0.8030
vn -0.2291 -0.6662 -0.7098
vn -0.5713 -0.8198 -0.0395
vn 0.6572 -0.6797 -0.3258
vn 0.8495 -0.1704 0.4993
vn 0.3401 -0.3742 -0.8628
vn 0.7145 -0.0066 -0.6997
vn 0.1204 0.9879 -0.0978
vn 0.6567 0.6274 -0.4183
vn -0.2003 -0.2067 -0.9577
vn -0.9312 -0.1225 0.3433
vn -0.9999 0.0172 0.0004
vn -0.9458 0.2505 -0.2065
vn -0.6680 0.6370 -0.3847
vn -0.3241 0.8705 0.3704
vn -0.7129 0.5936 0.3734
vn 0.4837 -0.5932 -0.6436
vn -0.0215 -0.4651 -0.8850
vn -0.9608 -0.0211 0.2763
vn -0.5570 -0.7186 -0.4164
vn 0.5538 -0.8190 -0.1500
vn -0.5089 -0.3643 0.7800
vn 0.0963 -0.9028 -0.4191
vn 0.8741 -0.4014 -0.2735
vn -0.0362 -0.4359 0.8993
vn 0.8361 0.5467 0.0450
vn 0.5465 -0.7528 -0.3668
vn 0.9936 0.1021 -0.0481
vn 0.6105 -0.5292 0.5893
vn 0.5037 0.8639 -0.0000
vn -0.9608 0.0807 -0.2654
vn -0.7018 -0.3098 -0.6415
vn -0.3246 0.6507 -0.6864
vn 0.0305 0.9993 0.0211
vn 0.3482 0.6802 0.6451
vn -0.9982 0.0606 -0.0010
vn -0.6589 0.4073 0.6324
vn -0.4953 -0.7438 -0.4489
vn -0.7212 -0.6369 -0.2723
vn -0.9449 -0.2939 0.1440
vn -0.7156 0.5351 0.4490
vn -0.0304 -0.9660 0.2566
vn 0.9796 0.1930 0.0561
vn 0.4561 -0.6482 0.6098
vn 0.4750 -0.0002 0.8800
vn -0.6576 0.6229 0.4236
vn -0.1176 0.7048 0.6996
vn -0.9373 0.3443 0.0538
vn 0.7753 0.1766 0.6064
vn 0.5404 0.0297 0.8409
vn 0.0003 0.9945 0.1050
vn -0.4805 0.7579 0.4413
vn -0.1365 0.7006 0.7004
vn -0.8071 0.5518 -0.2099
vn 0.9458 -0.0535 0.3204
vn 0.8066 0.5525 0.2101
vn 0.1366 0.7004 -0.7005
vn -0.9457 -0.0527 -0.3209
vn 0.4812 0.7576 -0.4411
vn -0.0005 -0.2841 -0.9588
vn -0.5396 0.0306 -0.8414
vn 0.1061 0.7388 -0.6655
vn -0.5159 0.2131 -0.8297
vn 0.7755 0.1766 -0.6062
vn 0.3945 0.6218 -0.6766
vn 0.3839 -0.2793 -0.8801
vn -0.7500 -0.5770 -0.3233
vn 0.1357 -0.9153 -0.3792
vn -0.9796 0.1930 -0.0560
vn 0.1192 -0.4405 0.8898
vn 0.5225 -0.1010 -0.8466
vn -0.5308 0.3441 0.7745
vn 0.9599 0.1956 0.2007
vn 0.4086 -0.5013 0.7627
vn 0.4711 -0.0625 0.8799
vn -0.9771 0.0584 0.2046
vn 0.1583 -0.8370 0.5239
vn -0.8575 0.1228 0.4997
vn 0.2354 -0.9624 -0.1359
vn 0.1987 -0.6933 0.6927
vn -0.8574 -0.2663 0.4403
vn 0.1357 -0.5138 -0.8471
vn 0.8575 -0.2671 -0.4398
vn -0.6967 -0.7029 0.1432
vn 0.9757 -0.1549 -0.1551
vn 0.8935 0.3803 -0.2386
vn 0.3844 -0.2796 -0.8798
vn -0.5726 -0.5098 -0.6421
vn -0.1191 -0.3180 -0.9406
vn -0.9603 0.1947 -0.1996
vn 0.5311 0.3440 -0.7743
vn -0.5224 -0.1010 0.8467
vn 0.4879 0.6248 0.6095
vn 0.6325 -0.3259 -0.7026
vn 0.6520 -0.7583 0.0001
vn -0.9294 0.3691 -0.0001
vn -0.7540 -0.2245 0.6173
vn -0.5525 -0.8168 0.1657
vn 0.3835 -0.3733 -0.8447
vn -0.8532 -0.2124 -0.4765
vn -0.9372 -0.3489 -0.0003
vn 0.4165 -0.7365 0.5330
vn 0.6832 -0.2252 0.6947
vn 0.5267 -0.0491 -0.8487
vn -0.9003 -0.2000 -0.3866
vn 0.2677 0.3905 0.8808
vn -0.3283 0.7657 0.5531
vn -0.6761 0.7345 0.0588
vn -0.8609 -0.1242 -0.4934
vn -0.8091 0.3586 0.4656
vn -0.9905 -0.0215 -0.1360
vn -0.4884 0.7864 0.3781
vn -0.4863 0.7474 0.4526
vn -0.8873 0.2004 -0.4153
vn 0.6846 0.7159 0.1371
vn 0.4889 0.6850 0.5401
vn 0.1891 0.6611 -0.7260
vn 0.6225 -0.2024 0.7560
vn -0.3623 -0.9288 0.0783
vn 0.9346 -0.1201 0.3347
vn 0.4140 -0.3581 -0.8369
vn 0.2181 0.3705 -0.9029
vn -0.9166 -0.1196 -0.3814
vn -0.4555 0.4994 0.7370
vn 0.1582 -0.9481 -0.2758
vn 0.9780 -0.0710 0.1960
vn -0.3128 0.6716 0.6717
vn 0.0057 -0.8931 0.4499
vn 0.5508 -0.7737 -0.3130
vn -0.2228 0.9685 0.1114
vn 0.9747 -0.1582 -0.1582
vn 0.5505 0.7740 0.3129
vn 0.2712 0.7821 -0.5610
vn -0.5507 -0.3129 -0.7738
vn 0.1562 -0.8633 -0.4799
vn -0.9746 0.1583 0.1582
vn -0.5501 0.3123 0.7745
vn -0.7190 -0.2416 0.6517
vn 0.8284 0.2986 -0.4738
vn 0.3989 -0.9156 0.0500
vn -0.2491 0.9611 0.1189
vn 0.6237 0.0417 0.7805
vn 0.1383 0.7699 0.6230
vn -0.3502 -0.0575 -0.9349
vn -0.3795 0.6286 -0.6789
vn 0.0026 0.8931 -0.4498
vn 0.2228 -0.1115 -0.9685
vn 0.1563 -0.8633 -0.4798
vn -0.9746 0.1580 0.1586
vn -0.5502 -0.3126 -0.7743
vn 0.2710 -0.7823 0.5609
vn -0.5505 0.3127 0.7741
vn -0.2229 0.9685 0.1115
vn 0.9747 -0.1583 -0.1581
vn 0.5199 0.1635 -0.8384
vn -0.8545 -0.2319 -0.4649
vn -0.7576 -0.6473 -0.0838
vn -0.6965 0.2576 -0.6698
vn -0.3332 0.8548 0.3979
vn -0.4015 -0.5782 0.7103
vn -0.9529 -0.2573 0.1604
vn -0.9524 -0.3027 0.0375
vn 0.3037 0.8874 -0.3468
vn 0.7891 0.0287 0.6136
vn 0.9728 0.0676 0.2215
vn 0.1781 -0.8453 0.5037
vn 0.7446 0.1385 -0.6530
vn -0.7050 0.2110 0.6771
vn -0.5799 -0.5056 -0.6388
vn -0.4988 -0.1282 0.8572
vn 0.4883 0.6246 -0.6095
vn -0.8205 -0.5463 -0.1680
vn 0.1026 0.0257 0.9944
vn -0.5523 -0.6948 -0.4607
vn 0.5769 0.2488 -0.7780
vn -0.6783 -0.0395 -0.7337
vn -0.4581 0.5293 0.7141
vn 0.8559 0.3425 0.3874
vn 0.8879 -0.1875 -0.4200
vn -0.1720 0.9495 -0.2623
vn -0.2837 0.6312 0.7219
vn 0.9375 -0.0295 0.3467
vn 0.0286 -0.7782 -0.6273
vn -0.3317 0.6334 -0.6991
vn -0.7606 0.2850 -0.5833
vn 0.1638 0.9728 -0.1640
vn 0.9107 0.0127 -0.4129
vn 0.4450 -0.7750 0.4487
vn -0.3019 0.6801 0.6681
vn 0.8515 -0.0174 0.5241
vn 0.4470 -0.7628 0.4673
vn -0.5271 0.8148 0.2414
vn 0.1928 0.1338 0.9721
vn -0.3970 -0.8373 -0.3758
vn 0.2662 0.5956 -0.7579
vn -0.6455 -0.6650 -0.3757
vn -0.2398 0.9559 0.1695
vn -0.7410 -0.5344 0.4066
vn 0.7107 -0.6623 -0.2370
vn -0.8665 -0.2776 0.4149
vn 0.3452 -0.5250 0.7780
vn -0.5922 -0.1502 -0.7916
vn 0.2082 -0.0771 -0.9750
vn -0.6711 -0.1111 -0.7330
vn -0.4995 0.2768 0.8209
vn 0.9347 -0.2395 0.2626
vn 0.9239 0.1846 -0.3352
vn -0.4765 -0.8660 -0.1516
vn -0.5592 -0.3698 0.7420
vn -0.1311 -0.2099 0.9689
vn -0.5290 -0.6046 -0.5955
vn 0.8158 0.5526 -0.1706
vn 0.7326 0.3501 0.5837
vn -0.5784 0.8104 0.0934
vn -0.5904 -0.5173 0.6196
vn -0.6818 0.5205 -0.5140
vn 0.8764 0.2069 0.4349
vn 0.3759 0.9042 -0.2030
vn -0.4768 0.8581 0.1907
vn -0.4305 -0.6030 -0.6716
vn 0.6188 0.7426 -0.2560
vn 0.6375 0.0122 -0.7704
vn 0.6324 -0.5954 -0.4956
vn -0.3325 -0.9302 0.1553
vn 0.3606 -0.9138 -0.1868
vn 0.0316 0.9339 0.3561
vn 0.3028 -0.6972 0.6498
vn 0.3820 0.8894 -0.2509
vn -0.3291 -0.4037 -0.8536
vn 0.0899 0.9851 -0.1465
vn -0.3645 0.6356 0.6805
vn 0.8233 0.3611 0.4380
vn -0.1068 -0.8891 0.4452
vn -0.0008 0.4328 0.9015
vn -0.4614 0.3811 0.8012
vn 0.7223 -0.5949 -0.3527
vn 0.4018 -0.8249 0.3977
vn -0.9790 -0.1836 0.0892
vn -0.7221 -0.5957 0.3518
vn -0.1186 -0.9097 -0.3979
vn 0.9792 -0.1827 -0.0885
vn -0.4020 -0.8247 -0.3978
vn 0.0001 0.4336 -0.9011
vn 0.4610 0.3811 -0.8014
vn -0.1362 0.7003 -0.7007
vn 0.9798 -0.1995 0.0152
vn 0.1365 0.7002 0.7008
vn -0.5221 -0.2261 -0.8223
vn 0.5217 -0.2255 0.8228
vn -0.9797 -0.2001 -0.0151
vn 0.1037 0.6731 -0.7322
vn -0.4685 -0.4755 -0.7446
vn 0.2471 0.6907 0.6796
vn -0.2759 -0.5921 0.7572
vt 0.000000 0.000000
s 1
f 1484/1/1 1483/1/2 195/1/3
f 1483/1/2 1484/1/1 198/1/4
f 1485/1/5 1484/1/1 197/1/6
f 1484/1/1 1485/1/5 192/1/7
f 1485/1/5 191/1/8 193/1/9
f 1486/1/10 194/1/11 192/1/7
f 1486/1/10 193/1/9 195/1/3
f 1483/1/2 196/1/12 194/1/11
f 1488/1/13 793/1/14 1487/1/15
f 1487/1/15 798/1/16 1488/1/13
f 1488/1/13 791/1/17 797/1/18
f 1489/1/19 798/1/16 792/1/20
f 1489/1/19 795/1/21 791/1/17
f 1490/1/22 792/1/20 796/1/23
f 1487/1/15 795/1/21 1490/1/22
f 1490/1/22 794/1/24 1487/1/15
f 1492/1/25 1491/1/26 933/1/27
f 1491/1/26 1492/1/25 930/1/28
f 1492/1/25 929/1/29 921/1/30
f 1493/1/31 922/1/32 930/1/28
f 1494/1/33 1493/1/31 921/1/30
f 1493/1/31 1494/1/33 926/1/34
f 1491/1/26 1494/1/33 925/1/35
f 1494/1/33 1491/1/26 934/1/36
f 1496/1/37 1495/1/38 1287/1/39
f 1495/1/38 1496/1/37 1294/1/40
f 1497/1/41 1496/1/37 1293/1/42
f 1496/1/37 1497/1/41 1290/1/43
f 1497/1/41 1289/1/44 1291/1/45
f 1498/1/46 1292/1/47 1290/1/43
f 1498/1/46 1291/1/45 1287/1/39
f 1495/1/38 1288/1/48 1292/1/47
f 1500/1/49 1027/1/50 1499/1/51
f 1499/1/51 1030/1/52 1500/1/49
f 1501/1/53 1029/1/54 1500/1/49
f 1500/1/49 1024/1/55 1501/1/53
f 1501/1/53 1025/1/56 1023/1/57
f 1502/1/58 1024/1/55 1026/1/59
f 1502/1/58 1027/1/50 1025/1/56
f 1499/1/51 1026/1/59 1028/1/60
f 1504/1/61 363/1/62 1503/1/63
f 1503/1/63 366/1/64 1504/1/61
f 1505/1/65 365/1/66 1504/1/61
f 1504/1/61 362/1/67 1505/1/65
f 1506/1/68 361/1/69 1505/1/65
f 1505/1/65 356/1/70 1506/1/68
f 1506/1/68 363/1/62 355/1/71
f 1503/1/63 356/1/70 364/1/72
f 1508/1/73 1507/1/74 185/1/75
f 1507/1/74 1508/1/73 190/1/76
f 1509/1/77 1508/1/73 189/1/78
f 1508/1/73 1509/1/77 188/1/79
f 1509/1/77 187/1/80 183/1/81
f 1510/1/82 184/1/83 188/1/79
f 1510/1/82 183/1/81 185/1/75
f 1507/1/74 186/1/84 184/1/83
f 1512/1/85 1511/1/86 471/1/87
f 1511/1/86 1512/1/85 476/1/88
f 1512/1/85 475/1/89 467/1/90
f 1513/1/91 468/1/92 476/1/88
f 1513/1/91 467/1/90 469/1/93
f 1513/1/91 1514/1/94 470/1/95
f 1511/1/86 1514/1/94 469/1/93
f 1514/1/94 1511/1/86 472/1/96
f 1516/1/97 1515/1/98 1167/1/99
f 1516/1/97 1174/1/100 1168/1/101
f 1516/1/97 1173/1/102 1169/1/103
f 1517/1/104 1170/1/105 1174/1/100
f 1518/1/106 1517/1/104 1169/1/103
f 1517/1/104 1518/1/106 1172/1/107
f 1515/1/98 1518/1/106 1171/1/108
f 1518/1/106 1515/1/98 1168/1/101
f 1520/1/109 583/1/110 1519/1/51
f 1519/1/51 590/1/111 1520/1/109
f 1521/1/112 589/1/113 1520/1/109
f 1520/1/109 586/1/114 1521/1/112
f 1521/1/112 587/1/115 585/1/116
f 1522/1/117 586/1/114 588/1/118
f 1522/1/117 583/1/110 587/1/115
f 1519/1/51 588/1/118 584/1/119
f 1524/1/120 1523/1/121 37/1/122
f 1524/1/120 26/1/123 38/1/124
f 1524/1/120 25/1/125 41/1/126
f 1524/1/120 1525/1/127 42/1/128
f 1526/1/129 1525/1/127 41/1/126
f 1525/1/127 1526/1/129 46/1/130
f 1527/1/131 1526/1/129 45/1/132
f 1526/1/129 1527/1/131 56/1/133
f 1528/1/134 1527/1/131 55/1/135
f 1528/1/134 48/1/136 56/1/133
f 1529/1/137 1528/1/134 47/1/138
f 1529/1/137 40/1/139 48/1/136
f 1529/1/137 39/1/140 51/1/141
f 1529/1/137 1530/1/142 52/1/143
f 1530/1/142 51/1/141 53/1/144
f 1531/1/145 54/1/146 52/1/143
f 1531/1/145 53/1/144 49/1/147
f 1532/1/148 50/1/149 54/1/146
f 1523/1/121 1532/1/148 49/1/147
f 1523/1/121 38/1/124 50/1/149
f 1534/1/150 1533/1/151 909/1/152
f 1533/1/151 1534/1/150 918/1/153
f 1535/1/154 1534/1/150 917/1/155
f 1534/1/150 1535/1/154 914/1/156
f 1535/1/154 913/1/157 905/1/158
f 1536/1/159 906/1/160 914/1/156
f 1533/1/151 1536/1/159 905/1/158
f 1536/1/159 1533/1/151 910/1/161
f 1538/1/162 1537/1/163 7/1/164
f 1538/1/162 6/1/165 8/1/166
f 1538/1/162 5/1/167 1/1/168
f 1539/1/169 2/1/170 6/1/165
f 1539/1/169 1/1/168 3/1/171
f 1539/1/169 1540/1/172 4/1/173
f 1541/1/174 1540/1/172 3/1/171
f 1541/1/174 10/1/175 4/1/173
f 1542/1/176 1541/1/174 9/1/177
f 1541/1/174 1542/1/176 12/1/178
f 1542/1/176 11/1/179 7/1/164
f 1542/1/176 1537/1/163 8/1/166
f 1543/1/180 1391/1/181 1393/1/182
f 1544/1/183 1394/1/184 1392/1/185
f 1545/1/186 1544/1/183 1393/1/182
f 1544/1/183 1545/1/186 1388/1/187
f 1546/1/188 1545/1/186 1387/1/189
f 1545/1/186 1546/1/188 1390/1/190
f 1546/1/188 1389/1/191 1391/1/181
f 1543/1/180 1392/1/185 1390/1/190
f 1547/1/192 817/1/193 815/1/194
f 1548/1/195 816/1/196 818/1/197
f 1548/1/195 811/1/198 817/1/193
f 1548/1/195 812/1/199 1549/1/200
f 1549/1/200 813/1/201 811/1/198
f 1549/1/200 814/1/202 1550/1/203
f 1551/1/204 813/1/201 1550/1/203
f 1551/1/204 814/1/202 810/1/205
f 1547/1/192 809/1/206 1551/1/204
f 1551/1/204 816/1/196 1547/1/192
f 1553/1/207 781/1/208 1552/1/209
f 1552/1/209 778/1/210 1553/1/207
f 1553/1/207 771/1/211 777/1/212
f 1554/1/213 778/1/210 772/1/214
f 1555/1/215 771/1/211 1554/1/213
f 1554/1/213 774/1/216 1555/1/215
f 1552/1/209 773/1/217 1555/1/215
f 1555/1/215 782/1/218 1552/1/209
f 1557/1/219 115/1/220 1556/1/221
f 1557/1/219 116/1/222 120/1/223
f 1557/1/219 111/1/224 119/1/225
f 1557/1/219 112/1/226 1558/1/227
f 1559/1/228 111/1/224 1558/1/227
f 1559/1/228 112/1/226 108/1/229
f 1559/1/228 115/1/220 107/1/230
f 1559/1/228 116/1/222 1556/1/221
f 1560/1/231 115/1/220 113/1/232
f 1561/1/233 114/1/234 116/1/222
f 1561/1/233 107/1/230 115/1/220
f 1562/1/235 116/1/222 108/1/229
f 1563/1/236 107/1/230 1562/1/235
f 1562/1/235 110/1/237 1563/1/236
f 1560/1/231 109/1/238 1563/1/236
f 1563/1/236 114/1/234 1560/1/231
f 1564/1/239 487/1/240 495/1/241
f 1565/1/242 496/1/243 488/1/244
f 1566/1/245 1565/1/242 495/1/241
f 1565/1/242 1566/1/245 494/1/246
f 1567/1/247 1566/1/245 493/1/248
f 1566/1/245 1567/1/247 492/1/249
f 1567/1/247 491/1/250 487/1/240
f 1564/1/239 488/1/244 492/1/249
f 1568/1/251 123/1/252 121/1/253
f 1568/1/251 124/1/254 1569/1/255
f 1569/1/255 119/1/225 123/1/252
f 1570/1/256 124/1/254 120/1/223
f 1571/1/257 119/1/225 1570/1/256
f 1571/1/257 120/1/223 116/1/222
f 1568/1/251 115/1/220 1571/1/257
f 1571/1/257 122/1/258 1568/1/251
f 1573/1/259 89/1/260 1572/1/261
f 1573/1/259 90/1/262 104/1/263
f 1573/1/259 91/1/264 103/1/265
f 1573/1/259 92/1/266 1574/1/267
f 1575/1/268 91/1/264 1574/1/267
f 1575/1/268 92/1/266 94/1/269
f 1575/1/268 89/1/260 93/1/270
f 1575/1/268 90/1/262 1572/1/261
f 1576/1/271 1445/1/272 1453/1/273
f 1577/1/274 1454/1/275 1446/1/276
f 1577/1/274 1443/1/277 1445/1/272
f 1578/1/278 1446/1/276 1444/1/279
f 1579/1/280 1443/1/277 1578/1/278
f 1578/1/278 1452/1/281 1579/1/280
f 1576/1/271 1451/1/282 1579/1/280
f 1579/1/280 1454/1/275 1576/1/271
f 1581/1/283 1580/1/284 69/1/285
f 1581/1/283 74/1/286 70/1/287
f 1581/1/283 73/1/288 65/1/289
f 1582/1/290 66/1/291 74/1/286
f 1582/1/290 65/1/289 57/1/292
f 1582/1/290 1583/1/293 58/1/294
f 1580/1/284 1583/1/293 57/1/292
f 1583/1/293 1580/1/284 70/1/287
f 1584/1/295 127/1/296 125/1/297
f 1585/1/298 126/1/299 128/1/300
f 1586/1/301 127/1/296 1585/1/298
f 1586/1/301 128/1/300 130/1/302
f 1586/1/301 125/1/297 129/1/303
f 1586/1/301 126/1/299 1584/1/295
f 1587/1/304 131/1/305 127/1/296
f 1588/1/306 128/1/300 132/1/307
f 1589/1/308 131/1/305 1588/1/306
f 1589/1/308 132/1/307 130/1/302
f 1589/1/308 127/1/296 129/1/303
f 1589/1/308 128/1/300 1587/1/304
f 1590/1/309 125/1/297 133/1/310
f 1591/1/311 134/1/312 126/1/299
f 1592/1/313 125/1/297 1591/1/311
f 1592/1/313 126/1/299 130/1/302
f 1592/1/313 133/1/310 129/1/303
f 1592/1/313 134/1/312 1590/1/309
f 1594/1/314 131/1/305 1593/1/315
f 1593/1/315 136/1/316 1594/1/314
f 1595/1/317 135/1/318 1594/1/314
f 1595/1/317 136/1/316 130/1/302
f 1595/1/317 131/1/305 129/1/303
f 1595/1/317 132/1/307 1593/1/315
f 1596/1/319 133/1/310 137/1/320
f 1597/1/321 138/1/322 134/1/312
f 1598/1/323 133/1/310 1597/1/321
f 1598/1/323 134/1/312 130/1/302
f 1598/1/323 137/1/320 129/1/303
f 1596/1/319 130/1/302 138/1/322
f 1600/1/324 135/1/318 1599/1/325
f 1599/1/325 140/1/326 1600/1/324
f 1601/1/327 139/1/328 1600/1/324
f 1601/1/327 140/1/326 130/1/302
f 1601/1/327 135/1/318 129/1/303
f 1601/1/327 136/1/316 1599/1/325
f 1602/1/329 137/1/320 141/1/330
f 1603/1/331 142/1/332 138/1/322
f 1603/1/331 129/1/303 137/1/320
f 1604/1/333 138/1/322 130/1/302
f 1604/1/333 141/1/330 129/1/303
f 1602/1/329 130/1/302 142/1/332
f 1605/1/334 141/1/330 139/1/328
f 1606/1/335 140/1/326 142/1/332
f 1607/1/336 141/1/330 1606/1/335
f 1607/1/336 142/1/332 130/1/302
f 1607/1/336 139/1/328 129/1/303
f 1607/1/336 140/1/326 1605/1/334
f 1608/1/337 89/1/260 95/1/338
f 1609/1/339 96/1/340 90/1/262
f 1609/1/339 93/1/270 89/1/260
f 1609/1/339 94/1/269 1610/1/341
f 1611/1/342 93/1/270 1610/1/341
f 1610/1/341 98/1/343 1611/1/342
f 1608/1/337 97/1/344 1611/1/342
f 1608/1/337 98/1/343 96/1/340
f 1612/1/345 31/1/346 29/1/347
f 1613/1/348 30/1/349 32/1/350
f 1614/1/351 1613/1/348 29/1/347
f 1614/1/351 26/1/123 30/1/349
f 1615/1/352 1614/1/351 25/1/125
f 1615/1/352 38/1/124 26/1/123
f 1615/1/352 37/1/122 33/1/353
f 1615/1/352 1616/1/354 34/1/355
f 1617/1/356 1616/1/354 33/1/353
f 1616/1/354 1617/1/356 28/1/357
f 1618/1/358 1617/1/356 27/1/359
f 1617/1/356 1618/1/358 36/1/360
f 1619/1/361 1618/1/358 35/1/362
f 1619/1/361 40/1/139 36/1/360
f 1620/1/363 1619/1/361 39/1/140
f 1620/1/363 48/1/136 40/1/139
f 1620/1/363 47/1/138 43/1/364
f 1620/1/363 1621/1/365 44/1/366
f 1621/1/365 43/1/364 31/1/346
f 1612/1/345 32/1/350 44/1/366
f 1623/1/367 1223/1/368 1622/1/369
f 1623/1/367 1224/1/370 1226/1/371
f 1623/1/367 1215/1/372 1225/1/373
f 1623/1/367 1216/1/374 1624/1/375
f 1625/1/376 1215/1/372 1624/1/375
f 1625/1/376 1216/1/374 1220/1/377
f 1625/1/376 1223/1/368 1219/1/378
f 1625/1/376 1224/1/370 1622/1/369
f 1626/1/379 967/1/380 963/1/381
f 1627/1/382 964/1/383 968/1/384
f 1628/1/385 1627/1/382 963/1/381
f 1627/1/382 1628/1/385 958/1/386
f 1629/1/387 1628/1/385 957/1/388
f 1628/1/385 1629/1/387 956/1/389
f 1629/1/387 955/1/390 967/1/380
f 1626/1/379 968/1/384 956/1/389
f 1631/1/391 797/1/18 1630/1/392
f 1630/1/392 794/1/24 1631/1/391
f 1631/1/391 785/1/393 793/1/14
f 1632/1/394 794/1/24 786/1/395
f 1633/1/396 785/1/393 1632/1/394
f 1632/1/394 790/1/397 1633/1/396
f 1630/1/392 789/1/398 1633/1/396
f 1633/1/396 798/1/16 1630/1/392
f 1634/1/399 845/1/400 843/1/401
f 1634/1/399 846/1/402 1635/1/403
f 1636/1/404 845/1/400 1635/1/403
f 1635/1/403 840/1/405 1636/1/404
f 1637/1/406 839/1/407 1636/1/404
f 1637/1/406 840/1/405 842/1/408
f 1637/1/406 843/1/401 841/1/409
f 1634/1/399 842/1/408 844/1/410
f 1639/1/411 861/1/412 1638/1/413
f 1638/1/413 860/1/414 1639/1/411
f 1639/1/411 855/1/415 859/1/416
f 1640/1/417 860/1/414 856/1/418
f 1640/1/417 857/1/419 855/1/415
f 1641/1/420 856/1/418 858/1/421
f 1638/1/413 857/1/419 1641/1/420
f 1641/1/420 862/1/422 1638/1/413
f 1643/1/423 801/1/424 1642/1/425
f 1643/1/423 802/1/426 806/1/427
f 1644/1/428 805/1/429 1643/1/423
f 1643/1/423 804/1/430 1644/1/428
f 1644/1/428 799/1/431 803/1/432
f 1645/1/433 804/1/430 800/1/434
f 1645/1/433 807/1/435 799/1/431
f 1645/1/433 808/1/436 1646/1/437
f 1642/1/425 807/1/435 1646/1/437
f 1642/1/425 808/1/436 802/1/426
f 1647/1/438 577/1/439 575/1/440
f 1647/1/438 578/1/441 1648/1/442
f 1649/1/443 577/1/439 1648/1/442
f 1649/1/443 578/1/441 572/1/444
f 1649/1/443 579/1/445 571/1/446
f 1650/1/447 572/1/444 580/1/448
f 1650/1/447 581/1/449 579/1/445
f 1650/1/447 582/1/450 1651/1/451
f 1652/1/452 581/1/449 1651/1/451
f 1652/1/452 582/1/450 574/1/453
f 1647/1/438 573/1/454 1652/1/452
f 1652/1/452 576/1/455 1647/1/438
f 1654/1/456 1039/1/457 1653/1/458
f 1654/1/456 1040/1/459 1046/1/460
f 1654/1/456 1041/1/461 1045/1/462
f 1654/1/456 1042/1/463 1655/1/464
f 1656/1/465 1041/1/461 1655/1/464
f 1656/1/465 1042/1/463 1044/1/466
f 1656/1/465 1039/1/457 1043/1/467
f 1656/1/465 1040/1/459 1653/1/458
f 1658/1/468 1657/1/469 923/1/470
f 1657/1/469 1658/1/468 932/1/471
f 1659/1/472 1658/1/468 931/1/473
f 1658/1/468 1659/1/472 928/1/474
f 1659/1/472 927/1/475 919/1/476
f 1660/1/477 920/1/478 928/1/474
f 1657/1/469 1660/1/477 919/1/476
f 1660/1/477 1657/1/469 924/1/479
f 1661/1/480 987/1/481 989/1/482
f 1662/1/483 990/1/484 988/1/485
f 1663/1/486 987/1/481 1662/1/483
f 1662/1/483 980/1/487 1663/1/486
f 1664/1/488 979/1/489 1663/1/486
f 1663/1/486 984/1/490 1664/1/488
f 1664/1/488 989/1/482 983/1/491
f 1661/1/480 984/1/490 990/1/484
f 1665/1/492 901/1/493 895/1/494
f 1666/1/495 896/1/496 902/1/497
f 1667/1/498 901/1/493 1666/1/495
f 1666/1/495 900/1/499 1667/1/498
f 1668/1/500 899/1/501 1667/1/498
f 1667/1/498 898/1/502 1668/1/500
f 1668/1/500 895/1/494 897/1/503
f 1665/1/492 898/1/502 896/1/496
f 1670/1/504 1031/1/505 1669/1/506
f 1670/1/504 1032/1/507 1038/1/508
f 1670/1/504 1033/1/509 1037/1/510
f 1670/1/504 1034/1/511 1671/1/512
f 1672/1/513 1033/1/509 1671/1/512
f 1672/1/513 1034/1/511 1036/1/514
f 1672/1/513 1031/1/505 1035/1/515
f 1672/1/513 1032/1/507 1669/1/506
f 1674/1/516 1673/1/517 975/1/518
f 1673/1/517 1674/1/516 974/1/519
f 1674/1/516 973/1/520 977/1/521
f 1675/1/522 978/1/523 974/1/519
f 1675/1/522 977/1/521 971/1/524
f 1676/1/525 972/1/526 978/1/523
f 1673/1/517 1676/1/525 971/1/524
f 1673/1/517 976/1/527 972/1/526
f 1677/1/528 489/1/529 497/1/530
f 1678/1/531 498/1/532 490/1/533
f 1678/1/531 497/1/530 485/1/534
f 1679/1/535 486/1/536 498/1/532
f 1679/1/535 485/1/534 481/1/537
f 1679/1/535 1680/1/538 482/1/539
f 1677/1/528 1680/1/538 481/1/537
f 1680/1/538 1677/1/528 490/1/533
f 1682/1/540 1681/1/541 1175/1/542
f 1681/1/541 1682/1/540 1188/1/543
f 1682/1/540 1187/1/544 1183/1/545
f 1682/1/540 1683/1/546 1184/1/547
f 1684/1/548 1683/1/546 1183/1/545
f 1683/1/546 1684/1/548 1180/1/549
f 1684/1/548 1179/1/550 1175/1/542
f 1681/1/541 1176/1/551 1180/1/549
f 1685/1/552 111/1/224 107/1/230
f 1685/1/552 112/1/226 1686/1/553
f 1687/1/554 111/1/224 1686/1/553
f 1686/1/553 92/1/266 1687/1/554
f 1688/1/555 91/1/264 1687/1/554
f 1688/1/555 92/1/266 104/1/263
f 1688/1/555 107/1/230 103/1/265
f 1685/1/552 104/1/263 108/1/229
f 1690/1/556 1055/1/557 1689/1/558
f 1690/1/556 1056/1/559 1062/1/560
f 1690/1/556 1057/1/561 1061/1/562
f 1690/1/556 1058/1/563 1691/1/564
f 1692/1/565 1057/1/561 1691/1/564
f 1692/1/565 1058/1/563 1060/1/566
f 1692/1/565 1055/1/557 1059/1/567
f 1692/1/565 1056/1/559 1689/1/558
f 1693/1/568 1187/1/544 1185/1/569
f 1694/1/570 1186/1/571 1188/1/543
f 1694/1/570 1185/1/569 1189/1/572
f 1694/1/570 1695/1/573 1190/1/574
f 1696/1/575 1695/1/573 1189/1/572
f 1695/1/573 1696/1/575 1184/1/547
f 1696/1/575 1183/1/545 1187/1/544
f 1696/1/575 1693/1/568 1188/1/543
f 1698/1/576 1697/1/577 1161/1/578
f 1697/1/577 1698/1/576 1166/1/579
f 1699/1/580 1698/1/576 1165/1/581
f 1698/1/576 1699/1/580 1164/1/582
f 1699/1/580 1163/1/583 1159/1/584
f 1700/1/585 1160/1/586 1164/1/582
f 1700/1/585 1159/1/584 1161/1/578
f 1697/1/577 1162/1/587 1160/1/586
f 1702/1/588 1701/1/589 211/1/590
f 1701/1/589 1702/1/588 214/1/591
f 1703/1/592 1702/1/588 213/1/593
f 1702/1/588 1703/1/592 208/1/594
f 1703/1/592 207/1/595 209/1/596
f 1704/1/597 210/1/598 208/1/594
f 1704/1/597 209/1/596 211/1/590
f 1701/1/589 212/1/599 210/1/598
f 1705/1/600 153/1/601 151/1/602
f 1706/1/603 152/1/604 154/1/605
f 1707/1/606 1706/1/603 151/1/602
f 1706/1/603 1707/1/606 146/1/607
f 1708/1/608 1707/1/606 145/1/609
f 1707/1/606 1708/1/608 144/1/610
f 1708/1/608 143/1/611 153/1/601
f 1705/1/600 154/1/605 144/1/610
f 1709/1/612 1253/1/613 1247/1/614
f 1710/1/615 1248/1/616 1254/1/617
f 1711/1/618 1253/1/613 1710/1/615
f 1710/1/615 1250/1/619 1711/1/618
f 1712/1/620 1249/1/621 1711/1/618
f 1711/1/618 1252/1/622 1712/1/620
f 1712/1/620 1247/1/614 1251/1/623
f 1709/1/612 1252/1/622 1248/1/616
f 1714/1/624 289/1/625 1713/1/626
f 1713/1/626 298/1/627 1714/1/624
f 1715/1/628 297/1/629 1714/1/624
f 1715/1/628 298/1/627 302/1/630
f 1716/1/631 301/1/632 1715/1/628
f 1716/1/631 302/1/630 310/1/633
f 1716/1/631 305/1/634 309/1/635
f 1716/1/631 306/1/636 1717/1/637
f 1717/1/637 293/1/638 305/1/634
f 1718/1/639 306/1/636 294/1/640
f 1718/1/639 283/1/641 293/1/638
f 1719/1/642 294/1/640 284/1/643
f 1720/1/644 283/1/641 1719/1/642
f 1719/1/642 286/1/645 1720/1/644
f 1721/1/646 285/1/647 1720/1/644
f 1720/1/644 288/1/648 1721/1/646
f 1722/1/649 287/1/650 1721/1/646
f 1721/1/646 296/1/651 1722/1/649
f 1723/1/652 295/1/653 1722/1/649
f 1722/1/649 308/1/654 1723/1/652
f 1724/1/655 307/1/656 1723/1/652
f 1724/1/655 308/1/654 312/1/657
f 1724/1/655 303/1/658 311/1/659
f 1724/1/655 304/1/660 1725/1/661
f 1725/1/661 299/1/662 303/1/658
f 1725/1/661 300/1/663 1726/1/664
f 1726/1/664 291/1/665 299/1/662
f 1727/1/666 300/1/663 292/1/667
f 1727/1/666 281/1/668 291/1/665
f 1728/1/669 292/1/667 282/1/670
f 1728/1/669 289/1/625 281/1/668
f 1713/1/626 282/1/670 290/1/671
f 1729/1/672 1269/1/673 1265/1/674
f 1730/1/675 1266/1/676 1270/1/677
f 1731/1/678 1269/1/673 1730/1/675
f 1730/1/675 1268/1/679 1731/1/678
f 1732/1/680 1267/1/681 1731/1/678
f 1731/1/678 1264/1/682 1732/1/680
f 1732/1/680 1265/1/674 1263/1/683
f 1729/1/672 1264/1/682 1266/1/676
f 1733/1/684 157/1/685 155/1/686
f 1734/1/687 156/1/688 158/1/689
f 1734/1/687 155/1/686 151/1/602
f 1735/1/690 152/1/604 156/1/688
f 1736/1/691 1735/1/690 151/1/602
f 1735/1/690 1736/1/691 154/1/605
f 1733/1/684 1736/1/691 153/1/601
f 1736/1/691 1733/1/684 158/1/689
f 1737/1/692 1383/1/693 1385/1/694
f 1738/1/695 1386/1/696 1384/1/697
f 1738/1/695 1385/1/694 1379/1/698
f 1738/1/695 1739/1/699 1380/1/700
f 1740/1/701 1739/1/699 1379/1/698
f 1740/1/701 1382/1/702 1380/1/700
f 1740/1/701 1381/1/703 1375/1/704
f 1740/1/701 1741/1/705 1376/1/706
f 1741/1/705 1375/1/704 1377/1/707
f 1741/1/705 1742/1/708 1378/1/709
f 1737/1/692 1742/1/708 1377/1/707
f 1737/1/692 1384/1/697 1378/1/709
f 1743/1/710 903/1/711 909/1/152
f 1744/1/712 910/1/161 904/1/713
f 1745/1/714 1744/1/712 909/1/152
f 1744/1/712 1745/1/714 906/1/160
f 1746/1/715 1745/1/714 905/1/158
f 1745/1/714 1746/1/715 908/1/716
f 1746/1/715 907/1/717 903/1/711
f 1743/1/710 904/1/713 908/1/716
f 1747/1/718 161/1/719 159/1/720
f 1748/1/721 160/1/722 162/1/723
f 1748/1/721 159/1/720 155/1/686
f 1749/1/724 156/1/688 160/1/722
f 1750/1/725 1749/1/724 155/1/686
f 1749/1/724 1750/1/725 158/1/689
f 1747/1/718 1750/1/725 157/1/685
f 1750/1/725 1747/1/718 162/1/723
f 1752/1/726 1411/1/727 1751/1/728
f 1751/1/728 1428/1/729 1752/1/726
f 1753/1/730 1427/1/731 1752/1/726
f 1753/1/730 1428/1/729 1424/1/732
f 1754/1/733 1423/1/734 1753/1/730
f 1753/1/730 1420/1/735 1754/1/733
f 1754/1/733 1411/1/727 1419/1/736
f 1754/1/733 1412/1/737 1751/1/728
f 1755/1/738 1437/1/739 1425/1/740
f 1756/1/741 1426/1/742 1438/1/743
f 1756/1/741 1433/1/744 1437/1/739
f 1756/1/741 1434/1/745 1757/1/746
f 1757/1/746 1429/1/747 1433/1/744
f 1757/1/746 1430/1/748 1758/1/749
f 1755/1/738 1429/1/747 1758/1/749
f 1755/1/738 1430/1/748 1426/1/742
f 1759/1/750 59/1/751 67/1/752
f 1760/1/753 68/1/754 60/1/755
f 1760/1/753 67/1/752 63/1/756
f 1760/1/753 1761/1/757 64/1/758
f 1762/1/759 1761/1/757 63/1/756
f 1761/1/757 1762/1/759 62/1/760
f 1759/1/750 1762/1/759 61/1/761
f 1759/1/750 60/1/755 62/1/760
f 1764/1/762 1763/1/763 327/1/764
f 1763/1/763 1764/1/762 334/1/765
f 1764/1/762 333/1/766 331/1/767
f 1765/1/768 332/1/769 334/1/765
f 1765/1/768 331/1/767 329/1/770
f 1766/1/771 330/1/772 332/1/769
f 1763/1/763 1766/1/771 329/1/770
f 1766/1/771 1763/1/763 328/1/773
f 1768/1/774 1413/1/775 1767/1/776
f 1767/1/776 1422/1/777 1768/1/774
f 1768/1/774 1417/1/778 1421/1/779
f 1768/1/774 1418/1/780 1769/1/781
f 1769/1/781 1415/1/782 1417/1/778
f 1769/1/781 1416/1/783 1770/1/784
f 1767/1/776 1415/1/782 1770/1/784
f 1767/1/776 1416/1/783 1414/1/785
f 1772/1/786 753/1/787 1771/1/788
f 1771/1/788 756/1/789 1772/1/786
f 1772/1/786 749/1/790 755/1/791
f 1773/1/792 756/1/789 750/1/793
f 1773/1/792 747/1/794 749/1/790
f 1773/1/792 748/1/795 1774/1/796
f 1775/1/797 747/1/794 1774/1/796
f 1775/1/797 748/1/795 752/1/798
f 1771/1/788 751/1/799 1775/1/797
f 1771/1/788 752/1/798 754/1/800
f 1776/1/801 341/1/802 335/1/803
f 1777/1/804 336/1/805 342/1/806
f 1778/1/807 1777/1/804 335/1/803
f 1777/1/804 1778/1/807 338/1/808
f 1779/1/809 1778/1/807 337/1/810
f 1778/1/807 1779/1/809 340/1/811
f 1779/1/809 339/1/812 341/1/802
f 1776/1/801 342/1/806 340/1/811
f 1781/1/813 1465/1/814 1780/1/815
f 1780/1/815 1470/1/816 1781/1/813
f 1782/1/817 1469/1/818 1781/1/813
f 1781/1/813 1468/1/819 1782/1/817
f 1782/1/817 1463/1/820 1467/1/821
f 1783/1/822 1468/1/819 1464/1/823
f 1783/1/822 1465/1/814 1463/1/820
f 1780/1/815 1464/1/823 1466/1/824
f 1785/1/825 1784/1/826 163/1/827
f 1785/1/825 172/1/828 164/1/829
f 1785/1/825 171/1/830 173/1/831
f 1785/1/825 1786/1/832 174/1/833
f 1786/1/832 173/1/831 165/1/834
f 1786/1/832 1787/1/835 166/1/836
f 1788/1/837 1787/1/835 165/1/834
f 1788/1/837 170/1/838 166/1/836
f 1789/1/839 1788/1/837 169/1/840
f 1788/1/837 1789/1/839 168/1/841
f 1789/1/839 167/1/842 163/1/827
f 1789/1/839 1784/1/826 164/1/829
f 1791/1/843 423/1/844 1790/1/845
f 1790/1/845 430/1/846 1791/1/843
f 1791/1/843 425/1/847 429/1/848
f 1792/1/849 430/1/846 426/1/850
f 1792/1/849 427/1/851 425/1/847
f 1793/1/852 426/1/850 428/1/853
f 1790/1/845 427/1/851 1793/1/852
f 1793/1/852 424/1/854 1790/1/845
f 1795/1/855 1794/1/856 345/1/857
f 1795/1/855 350/1/858 346/1/859
f 1796/1/860 1795/1/855 349/1/861
f 1796/1/860 348/1/862 350/1/858
f 1796/1/860 347/1/863 343/1/864
f 1797/1/865 344/1/866 348/1/862
f 1797/1/865 343/1/864 353/1/867
f 1797/1/865 1798/1/868 354/1/869
f 1798/1/868 353/1/867 351/1/870
f 1798/1/868 1799/1/871 352/1/872
f 1794/1/856 1799/1/871 351/1/870
f 1799/1/871 1794/1/856 346/1/859
f 1801/1/873 1800/1/874 69/1/285
f 1800/1/874 1801/1/873 82/1/875
f 1802/1/876 1801/1/873 81/1/877
f 1802/1/876 78/1/878 82/1/875
f 1802/1/876 77/1/879 73/1/288
f 1803/1/880 74/1/286 78/1/878
f 1803/1/880 73/1/288 69/1/285
f 1803/1/880 1800/1/874 70/1/287
f 1805/1/881 1133/1/882 1804/1/883
f 1804/1/883 1142/1/884 1805/1/881
f 1806/1/885 1141/1/886 1805/1/881
f 1805/1/881 1138/1/887 1806/1/885
f 1806/1/885 1129/1/888 1137/1/889
f 1807/1/890 1138/1/887 1130/1/891
f 1807/1/890 1133/1/882 1129/1/888
f 1804/1/883 1130/1/891 1134/1/892
f 1808/1/893 837/1/894 835/1/895
f 1809/1/195 836/1/896 838/1/897
f 1809/1/195 831/1/898 837/1/894
f 1809/1/195 832/1/899 1810/1/900
f 1810/1/900 833/1/901 831/1/898
f 1810/1/900 834/1/902 1811/1/903
f 1812/1/904 833/1/901 1811/1/903
f 1812/1/904 834/1/902 830/1/905
f 1808/1/893 829/1/906 1812/1/904
f 1812/1/904 836/1/896 1808/1/893
f 1814/1/907 881/1/908 1813/1/909
f 1813/1/909 878/1/910 1814/1/907
f 1815/1/911 877/1/912 1814/1/907
f 1814/1/907 870/1/913 1815/1/911
f 1815/1/911 879/1/914 869/1/915
f 1816/1/916 870/1/913 880/1/917
f 1816/1/916 881/1/908 879/1/914
f 1813/1/909 880/1/917 882/1/918
f 1817/1/919 379/1/920 381/1/921
f 1818/1/922 382/1/923 380/1/924
f 1818/1/922 381/1/921 375/1/925
f 1819/1/926 376/1/927 382/1/923
f 1820/1/928 1819/1/926 375/1/925
f 1819/1/926 1820/1/928 378/1/929
f 1817/1/919 1820/1/928 377/1/930
f 1820/1/928 1817/1/919 380/1/924
f 1822/1/931 1131/1/932 1821/1/933
f 1821/1/933 1140/1/934 1822/1/931
f 1822/1/931 1135/1/935 1139/1/936
f 1823/1/937 1140/1/934 1136/1/938
f 1823/1/937 1127/1/939 1135/1/935
f 1824/1/940 1136/1/938 1128/1/941
f 1821/1/933 1127/1/939 1824/1/940
f 1824/1/940 1132/1/942 1821/1/933
f 1826/1/943 873/1/944 1825/1/945
f 1825/1/945 876/1/946 1826/1/943
f 1826/1/943 871/1/947 875/1/948
f 1827/1/949 876/1/946 872/1/950
f 1827/1/949 867/1/951 871/1/947
f 1828/1/952 872/1/950 868/1/953
f 1825/1/945 867/1/951 1828/1/952
f 1828/1/952 874/1/954 1825/1/945
f 1830/1/955 1829/1/956 13/1/957
f 1830/1/955 20/1/958 14/1/959
f 1830/1/955 19/1/960 15/1/961
f 1831/1/962 16/1/963 20/1/958
f 1831/1/962 15/1/961 17/1/964
f 1831/1/962 1832/1/965 18/1/966
f 1829/1/956 1832/1/965 17/1/964
f 1832/1/965 1829/1/956 14/1/959
f 1834/1/967 1833/1/968 399/1/969
f 1834/1/967 402/1/970 400/1/971
f 1834/1/967 401/1/972 391/1/973
f 1834/1/967 1835/1/974 392/1/975
f 1836/1/976 1835/1/974 391/1/973
f 1836/1/976 396/1/977 392/1/975
f 1836/1/976 395/1/978 399/1/969
f 1836/1/976 1833/1/968 400/1/971
f 1837/1/979 101/1/980 99/1/981
f 1838/1/982 100/1/983 102/1/984
f 1838/1/982 89/1/260 101/1/980
f 1839/1/985 102/1/984 90/1/262
f 1840/1/986 89/1/260 1839/1/985
f 1839/1/985 96/1/340 1840/1/986
f 1837/1/979 95/1/338 1840/1/986
f 1840/1/986 100/1/983 1837/1/979
f 1842/1/987 439/1/988 1841/1/989
f 1841/1/989 442/1/990 1842/1/987
f 1842/1/987 445/1/991 441/1/992
f 1843/1/993 442/1/990 446/1/994
f 1843/1/993 443/1/995 445/1/991
f 1844/1/996 446/1/994 444/1/997
f 1841/1/989 443/1/995 1844/1/996
f 1844/1/996 440/1/998 1841/1/989
f 1846/1/999 997/1/1000 1845/1/1001
f 1845/1/1001 996/1/1002 1846/1/999
f 1846/1/999 991/1/1003 995/1/1004
f 1847/1/1005 996/1/1002 992/1/1006
f 1847/1/1005 993/1/1007 991/1/1003
f 1847/1/1005 994/1/1008 1848/1/1009
f 1845/1/1001 993/1/1007 1848/1/1009
f 1848/1/1009 998/1/1010 1845/1/1001
f 1850/1/1011 447/1/1012 1849/1/1013
f 1849/1/1013 444/1/997 1850/1/1011
f 1851/1/1014 443/1/995 1850/1/1011
f 1850/1/1011 446/1/994 1851/1/1014
f 1851/1/1014 449/1/1015 445/1/991
f 1852/1/1016 446/1/994 450/1/1017
f 1849/1/1013 449/1/1015 1852/1/1016
f 1852/1/1016 448/1/1018 1849/1/1013
f 1853/1/1019 109/1/238 105/1/1020
f 1854/1/1021 106/1/1022 110/1/237
f 1854/1/1021 107/1/230 109/1/238
f 1855/1/1023 110/1/237 108/1/229
f 1856/1/1024 107/1/230 1855/1/1023
f 1855/1/1023 104/1/263 1856/1/1024
f 1853/1/1019 103/1/265 1856/1/1024
f 1856/1/1024 106/1/1022 1853/1/1019
f 1857/1/1025 957/1/388 961/1/1026
f 1858/1/1027 962/1/1028 958/1/386
f 1859/1/1029 1858/1/1027 961/1/1026
f 1858/1/1027 1859/1/1029 960/1/1030
f 1860/1/1031 1859/1/1029 959/1/1032
f 1859/1/1029 1860/1/1031 956/1/389
f 1860/1/1031 955/1/390 957/1/388
f 1857/1/1025 958/1/386 956/1/389
f 1862/1/1033 1861/1/1034 239/1/1035
f 1862/1/1033 246/1/1036 240/1/1037
f 1863/1/1038 1862/1/1033 245/1/1039
f 1862/1/1033 1863/1/1038 242/1/1040
f 1863/1/1038 241/1/1041 243/1/1042
f 1863/1/1038 1864/1/1043 244/1/1044
f 1864/1/1043 243/1/1042 239/1/1035
f 1861/1/1034 240/1/1037 244/1/1044
f 1865/1/1045 437/1/1046 431/1/1047
f 1866/1/1048 432/1/1049 438/1/1050
f 1867/1/1051 437/1/1046 1866/1/1048
f 1866/1/1048 434/1/1052 1867/1/1051
f 1868/1/1053 433/1/1054 1867/1/1051
f 1867/1/1051 436/1/1055 1868/1/1053
f 1868/1/1053 431/1/1047 435/1/1056
f 1865/1/1045 436/1/1055 432/1/1049
f 1870/1/1057 981/1/1058 1869/1/1059
f 1869/1/1059 986/1/1060 1870/1/1057
f 1870/1/1057 983/1/491 985/1/1061
f 1871/1/1062 986/1/1060 984/1/490
f 1871/1/1062 979/1/489 983/1/491
f 1872/1/1063 984/1/490 980/1/487
f 1869/1/1059 979/1/489 1872/1/1063
f 1872/1/1063 982/1/1064 1869/1/1059
f 1874/1/1065 1873/1/1066 471/1/87
f 1873/1/1066 1874/1/1065 484/1/1067
f 1875/1/1068 1874/1/1065 483/1/1069
f 1874/1/1065 1875/1/1068 480/1/1070
f 1875/1/1068 479/1/1071 475/1/89
f 1876/1/1072 476/1/88 480/1/1070
f 1876/1/1072 475/1/89 471/1/87
f 1873/1/1066 472/1/96 476/1/88
f 1878/1/1073 1133/1/882 1877/1/1074
f 1877/1/1074 1130/1/891 1878/1/1073
f 1878/1/1073 1121/1/1075 1129/1/888
f 1879/1/1076 1130/1/891 1122/1/1077
f 1879/1/1076 1125/1/1078 1121/1/1075
f 1880/1/1079 1122/1/1077 1126/1/1080
f 1877/1/1074 1125/1/1078 1880/1/1079
f 1880/1/1079 1134/1/892 1877/1/1074
f 1881/1/1081 393/1/1082 397/1/1083
f 1882/1/1084 398/1/1085 394/1/1086
f 1882/1/1084 397/1/1083 395/1/978
f 1883/1/1087 396/1/977 398/1/1085
f 1884/1/1088 1883/1/1087 395/1/978
f 1883/1/1087 1884/1/1088 392/1/975
f 1881/1/1081 1884/1/1088 391/1/973
f 1884/1/1088 1881/1/1081 394/1/1086
f 1886/1/1089 1885/1/1090 57/1/292
f 1886/1/1089 66/1/291 58/1/294
f 1886/1/1089 65/1/289 59/1/751
f 1887/1/1091 60/1/755 66/1/291
f 1887/1/1091 59/1/751 61/1/761
f 1887/1/1091 1888/1/1092 62/1/760
f 1885/1/1090 1888/1/1092 61/1/761
f 1888/1/1092 1885/1/1090 58/1/294
f 1890/1/1093 1889/1/1094 487/1/240
f 1889/1/1094 1890/1/1093 492/1/249
f 1890/1/1093 491/1/250 479/1/1071
f 1891/1/1095 480/1/1070 492/1/249
f 1891/1/1095 479/1/1071 483/1/1069
f 1892/1/1096 484/1/1067 480/1/1070
f 1889/1/1094 1892/1/1096 483/1/1069
f 1892/1/1096 1889/1/1094 488/1/244
f 1893/1/1097 503/1/1098 505/1/1099
f 1894/1/1100 506/1/1101 504/1/1102
f 1894/1/1100 505/1/1099 501/1/1103
f 1895/1/1104 502/1/1105 506/1/1101
f 1896/1/1106 1895/1/1104 501/1/1103
f 1895/1/1104 1896/1/1106 500/1/1107
f 1893/1/1097 1896/1/1106 499/1/1108
f 1896/1/1106 1893/1/1097 504/1/1102
f 1898/1/1109 517/1/1110 1897/1/1111
f 1897/1/1111 514/1/1112 1898/1/1109
f 1899/1/1113 513/1/1114 1898/1/1109
f 1899/1/1113 514/1/1112 516/1/1115
f 1899/1/1113 511/1/1116 515/1/1117
f 1899/1/1113 512/1/1118 1900/1/1119
f 1900/1/1119 519/1/1120 511/1/1116
f 1901/1/1121 512/1/1118 520/1/1122
f 1902/1/1123 519/1/1120 1901/1/1121
f 1902/1/1123 520/1/1122 522/1/1124
f 1902/1/1123 517/1/1110 521/1/1125
f 1902/1/1123 518/1/1126 1897/1/1111
f 1903/1/1127 67/1/752 75/1/1128
f 1904/1/1129 76/1/1130 68/1/754
f 1904/1/1129 75/1/1128 71/1/1131
f 1904/1/1129 1905/1/1132 72/1/1133
f 1905/1/1132 71/1/1131 63/1/756
f 1906/1/1134 64/1/758 72/1/1133
f 1903/1/1127 1906/1/1134 63/1/756
f 1903/1/1127 68/1/754 64/1/758
f 1908/1/1135 529/1/1136 1907/1/1137
f 1907/1/1137 526/1/1138 1908/1/1135
f 1908/1/1135 527/1/1139 525/1/1140
f 1908/1/1135 528/1/1141 1909/1/1142
f 1910/1/1143 527/1/1139 1909/1/1142
f 1910/1/1143 528/1/1141 524/1/1144
f 1910/1/1143 531/1/1145 523/1/1146
f 1911/1/1147 524/1/1144 532/1/1148
f 1911/1/1147 533/1/1149 531/1/1145
f 1911/1/1147 534/1/1150 1912/1/1151
f 1907/1/1137 533/1/1149 1912/1/1151
f 1907/1/1137 534/1/1150 530/1/1152
f 1914/1/1153 541/1/1154 1913/1/1137
f 1913/1/1137 538/1/1155 1914/1/1153
f 1914/1/1153 539/1/1156 537/1/1157
f 1914/1/1153 540/1/1158 1915/1/1159
f 1916/1/1160 539/1/1156 1915/1/1159
f 1916/1/1160 540/1/1158 536/1/1161
f 1916/1/1160 543/1/1162 535/1/1163
f 1917/1/1164 536/1/1161 544/1/1165
f 1917/1/1164 545/1/1166 543/1/1162
f 1917/1/1164 546/1/1167 1918/1/1151
f 1913/1/1137 545/1/1166 1918/1/1151
f 1913/1/1137 546/1/1167 542/1/1168
f 1920/1/1169 555/1/1170 1919/1/1171
f 1920/1/1169 556/1/1172 558/1/1173
f 1920/1/1169 553/1/1174 557/1/1175
f 1920/1/1169 554/1/1176 1921/1/1177
f 1922/1/1178 553/1/1174 1921/1/1177
f 1921/1/1177 550/1/1179 1922/1/1178
f 1923/1/1180 549/1/1181 1922/1/1178
f 1923/1/1180 550/1/1179 552/1/1182
f 1923/1/1180 547/1/1183 551/1/1184
f 1923/1/1180 548/1/1185 1924/1/1186
f 1924/1/1186 555/1/1170 547/1/1183
f 1919/1/1171 548/1/1185 556/1/1172
f 1925/1/1187 569/1/1188 567/1/1189
f 1925/1/1187 570/1/1190 1926/1/1191
f 1927/1/1192 569/1/1188 1926/1/1191
f 1927/1/1192 570/1/1190 562/1/1193
f 1928/1/1194 561/1/1195 1927/1/1192
f 1927/1/1192 564/1/1196 1928/1/1194
f 1928/1/1194 565/1/439 563/1/1197
f 1928/1/1194 566/1/441 1929/1/1198
f 1930/1/1199 565/1/439 1929/1/1198
f 1930/1/1199 566/1/441 560/1/1200
f 1930/1/1199 567/1/1189 559/1/1201
f 1925/1/1187 560/1/1200 568/1/448
f 1932/1/1202 1931/1/1203 253/1/1204
f 1932/1/1202 252/1/1205 254/1/1206
f 1933/1/1207 1932/1/1202 251/1/1208
f 1932/1/1202 1933/1/1207 248/1/1209
f 1933/1/1207 247/1/1210 249/1/1211
f 1933/1/1207 1934/1/1212 250/1/1213
f 1935/1/1214 1934/1/1212 249/1/1211
f 1935/1/1214 262/1/1215 250/1/1213
f 1935/1/1214 261/1/1216 269/1/1217
f 1936/1/1218 270/1/1219 262/1/1215
f 1937/1/1220 1936/1/1218 269/1/1217
f 1937/1/1220 272/1/1221 270/1/1219
f 1937/1/1220 271/1/1222 273/1/1223
f 1938/1/1224 274/1/1225 272/1/1221
f 1938/1/1224 273/1/1223 265/1/1226
f 1938/1/1224 1939/1/1227 266/1/1228
f 1940/1/1229 1939/1/1227 265/1/1226
f 1939/1/1227 1940/1/1229 258/1/1230
f 1940/1/1229 257/1/1231 255/1/1232
f 1941/1/1233 256/1/1234 258/1/1230
f 1941/1/1233 255/1/1232 259/1/1235
f 1942/1/1236 260/1/1237 256/1/1234
f 1942/1/1236 259/1/1235 267/1/1238
f 1943/1/1239 268/1/1240 260/1/1237
f 1944/1/1241 1943/1/1239 267/1/1238
f 1944/1/1241 280/1/1242 268/1/1240
f 1944/1/1241 279/1/1243 277/1/1244
f 1945/1/1245 278/1/1246 280/1/1242
f 1945/1/1245 277/1/1244 275/1/1247
f 1945/1/1245 1946/1/1248 276/1/1249
f 1947/1/1250 1946/1/1248 275/1/1247
f 1946/1/1248 1947/1/1250 264/1/1251
f 1947/1/1250 263/1/1252 253/1/1204
f 1947/1/1250 1931/1/1203 254/1/1206
f 1949/1/1253 1239/1/1254 1948/1/1255
f 1948/1/1255 1246/1/1256 1949/1/1253
f 1949/1/1253 1243/1/1257 1245/1/1258
f 1950/1/1259 1246/1/1256 1244/1/1260
f 1950/1/1259 1241/1/1261 1243/1/1257
f 1951/1/1262 1244/1/1260 1242/1/1263
f 1948/1/1255 1241/1/1261 1951/1/1262
f 1951/1/1262 1240/1/1264 1948/1/1255
f 1952/1/1265 689/1/1266 687/1/1267
f 1953/1/1268 688/1/1269 690/1/1270
f 1954/1/1271 689/1/1266 1953/1/1268
f 1953/1/1268 684/1/1272 1954/1/1271
f 1955/1/1273 683/1/1274 1954/1/1271
f 1954/1/1271 686/1/1275 1955/1/1273
f 1955/1/1273 687/1/1267 685/1/1276
f 1952/1/1265 686/1/1275 688/1/1269
f 1956/1/1277 605/1/1278 611/1/1279
f 1956/1/1277 606/1/1280 1957/1/1281
f 1957/1/1281 607/1/1282 605/1/1278
f 1957/1/1281 608/1/1283 1958/1/1284
f 1959/1/1285 607/1/1282 1958/1/1284
f 1959/1/1285 608/1/1283 610/1/1286
f 1959/1/1285 603/1/1287 609/1/1288
f 1959/1/1285 604/1/1289 1960/1/1290
f 1961/1/1291 603/1/1287 1960/1/1290
f 1960/1/1290 614/1/1292 1961/1/1291
f 1961/1/1291 611/1/1279 613/1/1293
f 1961/1/1291 612/1/1294 1956/1/1277
f 1963/1/1295 1209/1/1296 1962/1/1297
f 1962/1/1297 1214/1/1298 1963/1/1295
f 1963/1/1295 1211/1/1299 1213/1/1300
f 1963/1/1295 1212/1/1301 1964/1/1302
f 1964/1/1302 1207/1/1303 1211/1/1299
f 1965/1/1304 1212/1/1301 1208/1/1305
f 1965/1/1304 1209/1/1296 1207/1/1303
f 1965/1/1304 1210/1/1306 1962/1/1297
f 1967/1/1307 1966/1/1308 1283/1/1309
f 1966/1/1308 1967/1/1307 1286/1/1310
f 1968/1/1311 1967/1/1307 1285/1/1312
f 1967/1/1307 1968/1/1311 1280/1/1313
f 1968/1/1311 1279/1/1314 1281/1/1315
f 1969/1/1316 1282/1/1317 1280/1/1313
f 1969/1/1316 1281/1/1315 1283/1/1309
f 1966/1/1308 1284/1/1318 1282/1/1317
f 1971/1/1319 621/1/1320 1970/1/1321
f 1971/1/1319 622/1/1322 626/1/1323
f 1972/1/1324 625/1/1325 1971/1/1319
f 1972/1/1324 626/1/1323 624/1/1326
f 1972/1/1324 617/1/1327 623/1/1328
f 1972/1/1324 618/1/1329 1973/1/1330
f 1973/1/1330 627/1/1331 617/1/1327
f 1973/1/1330 628/1/1332 1974/1/1333
f 1975/1/1334 627/1/1331 1974/1/1333
f 1975/1/1334 628/1/1332 634/1/1335
f 1975/1/1334 629/1/1336 633/1/1337
f 1975/1/1334 630/1/1338 1976/1/1339
f 1977/1/1340 629/1/1336 1976/1/1339
f 1977/1/1340 630/1/1338 632/1/1341
f 1977/1/1340 619/1/1342 631/1/1343
f 1977/1/1340 620/1/1344 1978/1/1345
f 1979/1/1346 619/1/1342 1978/1/1345
f 1979/1/1346 620/1/1344 616/1/1347
f 1979/1/1346 621/1/1320 615/1/1348
f 1970/1/1321 616/1/1347 622/1/1322
f 1980/1/1349 1337/1/1350 1339/1/1351
f 1980/1/1349 1981/1/1352 1340/1/1353
f 1982/1/1354 1981/1/1352 1339/1/1351
f 1981/1/1352 1982/1/1354 1334/1/1355
f 1983/1/1356 1982/1/1354 1333/1/1357
f 1983/1/1356 1336/1/1358 1334/1/1355
f 1983/1/1356 1335/1/1359 1337/1/1350
f 1980/1/1349 1338/1/1360 1336/1/1358
f 1984/1/1361 23/1/1362 21/1/1363
f 1985/1/1364 22/1/1365 24/1/1366
f 1985/1/1364 21/1/1363 15/1/961
f 1986/1/1367 16/1/963 22/1/1365
f 1987/1/1368 1986/1/1367 15/1/961
f 1986/1/1367 1987/1/1368 20/1/958
f 1984/1/1361 1987/1/1368 19/1/960
f 1987/1/1368 1984/1/1361 24/1/1366
f 1988/1/1369 663/1/1370 655/1/1371
f 1989/1/1372 656/1/1373 664/1/1374
f 1989/1/1372 661/1/1375 663/1/1370
f 1989/1/1372 662/1/1376 1990/1/1377
f 1990/1/1377 657/1/1378 661/1/1375
f 1990/1/1377 658/1/1379 1991/1/1380
f 1992/1/1381 657/1/1378 1991/1/1380
f 1992/1/1381 658/1/1379 660/1/1382
f 1988/1/1369 659/1/1383 1992/1/1381
f 1992/1/1381 656/1/1373 1988/1/1369
f 1994/1/1384 671/1/1385 1993/1/1386
f 1994/1/1384 672/1/1387 668/1/1388
f 1995/1/1389 667/1/1390 1994/1/1384
f 1995/1/1389 668/1/1388 670/1/1391
f 1996/1/1392 669/1/1393 1995/1/1389
f 1995/1/1389 666/1/1394 1996/1/1392
f 1996/1/1392 673/1/1395 665/1/1396
f 1997/1/1397 666/1/1394 674/1/1398
f 1997/1/1397 671/1/1385 673/1/1395
f 1997/1/1397 672/1/1387 1993/1/1386
f 1999/1/1399 699/1/1400 1998/1/1401
f 1998/1/1401 706/1/1402 1999/1/1399
f 2000/1/1403 705/1/1404 1999/1/1399
f 1999/1/1399 702/1/1405 2000/1/1403
f 2001/1/1406 701/1/1407 2000/1/1403
f 2000/1/1403 704/1/1408 2001/1/1406
f 1998/1/1401 703/1/1409 2001/1/1406
f 1998/1/1401 704/1/1408 700/1/1410
f 2003/1/1411 2002/1/1412 145/1/609
f 2002/1/1412 2003/1/1411 150/1/1413
f 2004/1/1414 2003/1/1411 149/1/1415
f 2003/1/1411 2004/1/1414 148/1/1416
f 2004/1/1414 147/1/1417 143/1/611
f 2005/1/1418 144/1/610 148/1/1416
f 2002/1/1412 2005/1/1418 143/1/611
f 2005/1/1418 2002/1/1412 146/1/607
f 2007/1/1419 1411/1/727 2006/1/1420
f 2007/1/1419 1412/1/737 1420/1/735
f 2008/1/1421 1419/1/736 2007/1/1419
f 2007/1/1419 1414/1/785 2008/1/1421
f 2008/1/1421 1415/1/782 1413/1/775
f 2008/1/1421 1416/1/783 2009/1/1422
f 2006/1/1420 1415/1/782 2009/1/1422
f 2006/1/1420 1416/1/783 1412/1/737
f 2010/1/1423 707/1/1424 709/1/1425
f 2010/1/1423 708/1/795 2011/1/1426
f 2012/1/1427 707/1/1424 2011/1/1426
f 2012/1/1427 708/1/795 712/1/1428
f 2013/1/1429 711/1/1430 2012/1/1427
f 2013/1/1429 712/1/1428 714/1/1431
f 2014/1/1432 713/1/1433 2013/1/1429
f 2013/1/1429 716/1/1434 2014/1/1432
f 2014/1/1432 709/1/1425 715/1/1435
f 2010/1/1423 716/1/1434 710/1/1436
f 2015/1/1437 323/1/1438 325/1/1439
f 2016/1/771 326/1/1440 324/1/1441
f 2017/1/1442 2016/1/771 325/1/1439
f 2016/1/771 2017/1/1442 320/1/1443
f 2018/1/1444 2017/1/1442 319/1/1445
f 2017/1/1442 2018/1/1444 322/1/1446
f 2018/1/1444 321/1/191 323/1/1438
f 2015/1/1437 324/1/1441 322/1/1446
f 2020/1/1447 717/1/1448 2019/1/1449
f 2020/1/1447 718/1/1450 722/1/1451
f 2021/1/1452 721/1/1453 2020/1/1447
f 2020/1/1447 726/1/1454 2021/1/1452
f 2021/1/1452 723/1/1455 725/1/1456
f 2022/1/1457 726/1/1454 724/1/1458
f 2022/1/1457 719/1/1459 723/1/1455
f 2022/1/1457 720/1/1460 2023/1/1461
f 2023/1/1461 717/1/1448 719/1/1459
f 2023/1/1461 718/1/1450 2019/1/1449
f 2025/1/1462 727/1/1463 2024/1/1464
f 2024/1/1464 736/1/1465 2025/1/1462
f 2025/1/1462 733/1/1466 735/1/1467
f 2025/1/1462 734/1/1468 2026/1/1469
f 2026/1/1469 729/1/1378 733/1/1466
f 2026/1/1469 730/1/1470 2027/1/1471
f 2028/1/1472 729/1/1378 2027/1/1471
f 2028/1/1472 730/1/1470 732/1/1473
f 2024/1/1464 731/1/1474 2028/1/1472
f 2028/1/1472 728/1/1475 2024/1/1464
f 2030/1/1476 743/1/1477 2029/1/1478
f 2030/1/1476 744/1/1479 740/1/1480
f 2031/1/1481 739/1/1482 2030/1/1476
f 2031/1/1481 740/1/1480 742/1/1483
f 2031/1/1481 737/1/1484 741/1/1485
f 2032/1/1486 742/1/1483 738/1/1487
f 2032/1/1486 745/1/1488 737/1/1484
f 2033/1/1489 738/1/1487 746/1/1490
f 2033/1/1489 743/1/1477 745/1/1488
f 2033/1/1489 744/1/1479 2029/1/1478
f 2034/1/1491 361/1/69 355/1/71
f 2035/1/1492 356/1/70 362/1/67
f 2035/1/1492 357/1/1493 361/1/69
f 2036/1/1494 362/1/67 358/1/1495
f 2037/1/1496 357/1/1493 2036/1/1494
f 2036/1/1494 360/1/1497 2037/1/1496
f 2034/1/1491 359/1/1498 2037/1/1496
f 2037/1/1496 356/1/70 2034/1/1491
f 2039/1/37 2038/1/1499 199/1/1500
f 2038/1/1499 2039/1/37 206/1/1501
f 2040/1/1502 2039/1/37 205/1/1503
f 2039/1/37 2040/1/1502 202/1/1504
f 2040/1/1502 201/1/1505 203/1/1506
f 2041/1/1507 204/1/1508 202/1/1504
f 2041/1/1507 203/1/1506 199/1/1500
f 2038/1/1499 200/1/1509 204/1/1508
f 2043/1/1510 821/1/1511 2042/1/1512
f 2043/1/1510 822/1/1513 826/1/1514
f 2044/1/1515 825/1/1516 2043/1/1510
f 2043/1/1510 824/1/1517 2044/1/1515
f 2044/1/1515 819/1/1518 823/1/1519
f 2045/1/1520 824/1/1517 820/1/1521
f 2045/1/1520 827/1/1522 819/1/1518
f 2045/1/1520 828/1/1523 2046/1/1524
f 2042/1/1512 827/1/1522 2046/1/1524
f 2042/1/1512 828/1/1523 822/1/1513
f 2048/1/1525 779/1/1526 2047/1/1527
f 2047/1/1527 788/1/1528 2048/1/1525
f 2049/1/1529 787/1/1530 2048/1/1525
f 2048/1/1525 784/1/1531 2049/1/1529
f 2049/1/1529 775/1/1532 783/1/1533
f 2050/1/1534 784/1/1531 776/1/1535
f 2050/1/1534 779/1/1526 775/1/1532
f 2047/1/1527 776/1/1535 780/1/1536
f 2051/1/1537 771/1/211 773/1/217
f 2052/1/1538 774/1/216 772/1/214
f 2052/1/1538 767/1/1539 771/1/211
f 2053/1/1540 772/1/214 768/1/1541
f 2054/1/1542 767/1/1539 2053/1/1540
f 2053/1/1540 770/1/1543 2054/1/1542
f 2051/1/1537 769/1/1544 2054/1/1542
f 2054/1/1542 774/1/216 2051/1/1537
f 2055/1/1545 785/1/393 789/1/398
f 2056/1/1546 790/1/397 786/1/395
f 2056/1/1546 777/1/212 785/1/393
f 2057/1/1547 786/1/395 778/1/210
f 2058/1/1548 777/1/212 2057/1/1547
f 2057/1/1547 782/1/218 2058/1/1548
f 2055/1/1545 781/1/208 2058/1/1548
f 2058/1/1548 790/1/397 2055/1/1545
f 2059/1/1549 181/1/1550 185/1/75
f 2060/1/1551 186/1/84 182/1/1552
f 2061/1/1553 2060/1/1551 185/1/75
f 2060/1/1551 2061/1/1553 184/1/83
f 2062/1/1554 2061/1/1553 183/1/81
f 2061/1/1553 2062/1/1554 180/1/1555
f 2062/1/1554 179/1/1556 181/1/1550
f 2059/1/1549 182/1/1552 180/1/1555
f 2063/1/1557 413/1/1558 411/1/1559
f 2064/1/1560 412/1/1561 414/1/1562
f 2065/1/1563 413/1/1558 2064/1/1560
f 2064/1/1560 408/1/1564 2065/1/1563
f 2066/1/1565 407/1/1566 2065/1/1563
f 2065/1/1563 410/1/1567 2066/1/1565
f 2066/1/1565 411/1/1559 409/1/1568
f 2063/1/1557 410/1/1567 412/1/1561
f 2068/1/1569 795/1/21 2067/1/1570
f 2067/1/1570 792/1/20 2068/1/1569
f 2068/1/1569 783/1/1533 791/1/17
f 2069/1/1571 792/1/20 784/1/1531
f 2069/1/1571 787/1/1530 783/1/1533
f 2070/1/1572 784/1/1531 788/1/1528
f 2067/1/1570 787/1/1530 2070/1/1572
f 2070/1/1572 796/1/23 2067/1/1570
f 2071/1/1573 79/1/1574 83/1/1575
f 2071/1/1573 2072/1/1576 84/1/1577
f 2072/1/1576 83/1/1575 71/1/1131
f 2073/1/1578 72/1/1133 84/1/1577
f 2074/1/1579 2073/1/1578 71/1/1131
f 2074/1/1579 76/1/1130 72/1/1133
f 2074/1/1579 75/1/1128 79/1/1574
f 2074/1/1579 2071/1/1573 80/1/1580
f 2075/1/1581 759/1/1582 763/1/1583
f 2075/1/1581 760/1/1584 2076/1/1585
f 2076/1/1585 757/1/1586 759/1/1582
f 2076/1/1585 758/1/1587 2077/1/1588
f 2078/1/1589 757/1/1586 2077/1/1588
f 2078/1/1589 758/1/1587 762/1/1590
f 2079/1/1591 761/1/1592 2078/1/1589
f 2078/1/1589 766/1/1593 2079/1/1591
f 2079/1/1591 763/1/1583 765/1/1456
f 2075/1/1581 766/1/1593 764/1/1594
f 2081/1/1595 421/1/1596 2080/1/1597
f 2080/1/1597 420/1/1598 2081/1/1595
f 2081/1/1595 415/1/1599 419/1/1600
f 2082/1/1601 420/1/1598 416/1/1602
f 2082/1/1601 417/1/1603 415/1/1599
f 2083/1/1604 416/1/1602 418/1/1605
f 2080/1/1597 417/1/1603 2083/1/1604
f 2083/1/1604 422/1/1606 2080/1/1597
f 2085/1/1607 367/1/1608 2084/1/1609
f 2084/1/1609 374/1/1610 2085/1/1607
f 2086/1/1611 373/1/1612 2085/1/1607
f 2085/1/1607 372/1/1613 2086/1/1611
f 2086/1/1611 369/1/1614 371/1/1615
f 2087/1/1616 372/1/1613 370/1/1617
f 2087/1/1616 367/1/1608 369/1/1614
f 2084/1/1609 370/1/1617 368/1/1618
f 2089/1/1619 367/1/1608 2088/1/1620
f 2088/1/1620 370/1/1617 2089/1/1619
f 2090/1/1621 369/1/1614 2089/1/1619
f 2089/1/1619 360/1/1497 2090/1/1621
f 2090/1/1621 357/1/1493 359/1/1498
f 2091/1/1622 360/1/1497 358/1/1495
f 2091/1/1622 367/1/1608 357/1/1493
f 2088/1/1620 358/1/1495 368/1/1618
f 2093/1/1623 2092/1/1624 381/1/921
f 2093/1/1623 386/1/1625 382/1/923
f 2093/1/1623 385/1/1626 383/1/1627
f 2093/1/1623 2094/1/1628 384/1/1629
f 2095/1/1630 2094/1/1628 383/1/1627
f 2095/1/1630 376/1/927 384/1/1629
f 2095/1/1630 375/1/925 381/1/921
f 2095/1/1630 2092/1/1624 382/1/923
f 2096/1/1631 853/1/1632 847/1/1633
f 2096/1/1631 854/1/1634 2097/1/1635
f 2097/1/1635 849/1/1636 853/1/1632
f 2098/1/1637 854/1/1634 850/1/1638
f 2099/1/1639 849/1/1636 2098/1/1637
f 2099/1/1639 850/1/1638 852/1/1640
f 2096/1/1631 851/1/1641 2099/1/1639
f 2099/1/1639 848/1/1642 2096/1/1631
f 2101/1/1643 895/1/494 2100/1/1644
f 2100/1/1644 898/1/502 2101/1/1643
f 2101/1/1643 893/1/1645 897/1/503
f 2102/1/1646 898/1/502 894/1/1647
f 2103/1/1648 893/1/1645 2102/1/1646
f 2102/1/1646 888/1/1649 2103/1/1648
f 2100/1/1644 887/1/1650 2103/1/1648
f 2103/1/1648 896/1/496 2100/1/1644
f 2104/1/1651 309/1/635 315/1/1652
f 2104/1/1651 310/1/633 2105/1/1653
f 2106/1/1654 309/1/635 2105/1/1653
f 2106/1/1654 310/1/633 302/1/630
f 2106/1/1654 313/1/1655 301/1/632
f 2106/1/1654 314/1/1656 2107/1/1657
f 2108/1/1658 313/1/1655 2107/1/1657
f 2108/1/1658 314/1/1656 304/1/660
f 2108/1/1658 311/1/659 303/1/658
f 2108/1/1658 312/1/657 2109/1/1659
f 2110/1/1660 311/1/659 2109/1/1659
f 2110/1/1660 312/1/657 318/1/1661
f 2110/1/1660 315/1/1652 317/1/1662
f 2104/1/1651 318/1/1661 316/1/1663
f 2112/1/1664 2111/1/1665 403/1/1666
f 2112/1/1664 406/1/1667 404/1/1668
f 2112/1/1664 405/1/1669 401/1/972
f 2113/1/1670 402/1/970 406/1/1667
f 2114/1/1671 2113/1/1670 401/1/972
f 2114/1/1671 400/1/971 402/1/970
f 2111/1/1665 2114/1/1671 399/1/969
f 2114/1/1671 2111/1/1665 404/1/1668
f 2116/1/1672 2115/1/1673 481/1/537
f 2115/1/1673 2116/1/1672 486/1/536
f 2117/1/1674 2116/1/1672 485/1/534
f 2116/1/1672 2117/1/1674 478/1/1675
f 2118/1/1676 2117/1/1674 477/1/1677
f 2117/1/1674 2118/1/1676 474/1/1678
f 2118/1/1676 473/1/1679 481/1/537
f 2115/1/1673 482/1/539 474/1/1678
f 2120/1/1680 2119/1/1681 385/1/1626
f 2119/1/1681 2120/1/1680 390/1/1682
f 2120/1/1680 389/1/1683 387/1/1684
f 2120/1/1680 2121/1/1685 388/1/1686
f 2121/1/1685 387/1/1684 383/1/1627
f 2122/1/1687 384/1/1629 388/1/1686
f 2122/1/1687 383/1/1627 385/1/1626
f 2122/1/1687 2119/1/1681 386/1/1625
f 2123/1/1688 891/1/1689 889/1/1690
f 2124/1/1691 890/1/1692 892/1/1693
f 2124/1/1691 885/1/1694 891/1/1689
f 2125/1/1695 892/1/1693 886/1/1696
f 2126/1/1697 885/1/1694 2125/1/1695
f 2125/1/1695 884/1/1698 2126/1/1697
f 2123/1/1688 883/1/1699 2126/1/1697
f 2126/1/1697 890/1/1692 2123/1/1688
f 2127/1/1700 177/1/1701 181/1/1550
f 2128/1/1702 182/1/1552 178/1/1703
f 2129/1/1704 2128/1/1702 181/1/1550
f 2128/1/1702 2129/1/1704 180/1/1555
f 2130/1/1705 2129/1/1704 179/1/1556
f 2129/1/1704 2130/1/1705 176/1/1706
f 2130/1/1705 175/1/1707 177/1/1701
f 2127/1/1700 178/1/1703 176/1/1706
f 2131/1/1708 473/1/1679 477/1/1677
f 2132/1/1709 478/1/1675 474/1/1678
f 2133/1/1710 2132/1/1709 477/1/1677
f 2132/1/1709 2133/1/1710 470/1/95
f 2134/1/1711 2133/1/1710 469/1/93
f 2133/1/1710 2134/1/1711 468/1/92
f 2134/1/1711 467/1/90 473/1/1679
f 2131/1/1708 474/1/1678 468/1/92
f 2136/1/1712 1305/1/1713 2135/1/1714
f 2136/1/1712 1306/1/1715 1314/1/1716
f 2136/1/1712 1309/1/1717 1313/1/1718
f 2136/1/1712 1310/1/1719 2137/1/1720
f 2137/1/1720 1295/1/1721 1309/1/1717
f 2137/1/1720 1296/1/1722 2138/1/1723
f 2139/1/1724 1295/1/1721 2138/1/1723
f 2139/1/1724 1296/1/1722 1304/1/1725
f 2139/1/1724 1305/1/1713 1303/1/1726
f 2139/1/1724 1306/1/1715 2135/1/1714
f 2140/1/1727 877/1/912 869/1/915
f 2141/1/1728 870/1/913 878/1/910
f 2141/1/1728 865/1/1729 877/1/912
f 2142/1/1730 878/1/910 866/1/1731
f 2143/1/1732 865/1/1729 2142/1/1730
f 2142/1/1730 864/1/1733 2143/1/1732
f 2140/1/1727 863/1/1734 2143/1/1732
f 2143/1/1732 870/1/913 2140/1/1727
f 2144/1/1735 931/1/473 929/1/29
f 2145/1/1736 930/1/28 932/1/471
f 2145/1/1736 929/1/29 933/1/27
f 2146/1/1737 934/1/36 930/1/28
f 2147/1/1738 2146/1/1737 933/1/27
f 2146/1/1737 2147/1/1738 928/1/474
f 2144/1/1735 2147/1/1738 927/1/475
f 2147/1/1738 2144/1/1735 932/1/471
f 2149/1/1739 2148/1/1740 907/1/717
f 2148/1/1740 2149/1/1739 916/1/1741
f 2150/1/1742 2149/1/1739 915/1/1743
f 2149/1/1739 2150/1/1742 912/1/1744
f 2150/1/1742 911/1/1745 903/1/711
f 2151/1/1746 904/1/713 912/1/1744
f 2148/1/1740 2151/1/1746 903/1/711
f 2151/1/1746 2148/1/1740 908/1/716
f 2153/1/1747 435/1/1056 2152/1/1748
f 2152/1/1748 442/1/990 2153/1/1747
f 2153/1/1747 439/1/988 441/1/992
f 2154/1/1749 442/1/990 440/1/998
f 2154/1/1749 431/1/1047 439/1/988
f 2155/1/1750 440/1/998 432/1/1049
f 2152/1/1748 431/1/1047 2155/1/1750
f 2155/1/1750 436/1/1055 2152/1/1748
f 2156/1/1751 233/1/1752 231/1/1753
f 2157/1/1754 232/1/1755 234/1/1756
f 2157/1/1754 231/1/1753 229/1/1757
f 2158/1/1758 230/1/1759 232/1/1755
f 2159/1/1760 2158/1/1758 229/1/1757
f 2158/1/1758 2159/1/1760 224/1/1761
f 2156/1/1751 2159/1/1760 223/1/1762
f 2159/1/1760 2156/1/1751 234/1/1756
f 2160/1/1763 465/1/1764 459/1/1765
f 2161/1/1766 460/1/1767 466/1/1768
f 2162/1/1769 465/1/1764 2161/1/1766
f 2161/1/1766 462/1/1770 2162/1/1769
f 2163/1/1771 461/1/1772 2162/1/1769
f 2162/1/1769 464/1/1773 2163/1/1771
f 2160/1/1763 463/1/1774 2163/1/1771
f 2163/1/1771 460/1/1767 2160/1/1763
f 2165/1/1775 2164/1/1776 961/1/1026
f 2164/1/1776 2165/1/1775 970/1/1777
f 2166/1/1778 2165/1/1775 969/1/1779
f 2166/1/1778 966/1/1780 970/1/1777
f 2167/1/1781 2166/1/1778 965/1/1782
f 2166/1/1778 2167/1/1781 960/1/1030
f 2167/1/1781 959/1/1032 961/1/1026
f 2164/1/1776 962/1/1028 960/1/1030
f 2169/1/1783 943/1/1784 2168/1/1785
f 2168/1/1785 938/1/1786 2169/1/1783
f 2170/1/1787 937/1/1788 2169/1/1783
f 2169/1/1783 942/1/1789 2170/1/1787
f 2170/1/1787 939/1/1790 941/1/1791
f 2170/1/1787 940/1/1792 2171/1/1793
f 2172/1/1794 939/1/1790 2171/1/1793
f 2172/1/1794 940/1/1792 936/1/1795
f 2168/1/1785 935/1/1796 2172/1/1794
f 2168/1/1785 936/1/1795 944/1/1797
f 2173/1/1798 953/1/1799 947/1/1800
f 2174/1/1801 948/1/1802 954/1/1803
f 2174/1/1801 951/1/1804 953/1/1799
f 2174/1/1801 952/1/1805 2175/1/1806
f 2175/1/1806 949/1/1807 951/1/1804
f 2175/1/1806 950/1/1808 2176/1/1386
f 2177/1/1809 949/1/1807 2176/1/1386
f 2177/1/1809 950/1/1808 946/1/1810
f 2177/1/1809 947/1/1800 945/1/1811
f 2173/1/1798 946/1/1810 948/1/1802
f 2178/1/1812 453/1/1813 449/1/1015
f 2179/1/1814 450/1/1017 454/1/1815
f 2179/1/1814 451/1/1816 453/1/1813
f 2180/1/1817 454/1/1815 452/1/1818
f 2181/1/1819 451/1/1816 2180/1/1817
f 2180/1/1817 448/1/1018 2181/1/1819
f 2178/1/1812 447/1/1012 2181/1/1819
f 2181/1/1819 450/1/1017 2178/1/1812
f 2183/1/1820 2182/1/1821 915/1/1743
f 2182/1/1821 2183/1/1820 924/1/479
f 2183/1/1820 923/1/470 919/1/476
f 2184/1/1822 920/1/478 924/1/479
f 2184/1/1822 919/1/476 911/1/1745
f 2185/1/1823 912/1/1744 920/1/478
f 2182/1/1821 2185/1/1823 911/1/1745
f 2185/1/1823 2182/1/1821 916/1/1741
f 2187/1/1824 2186/1/1825 917/1/155
f 2186/1/1825 2187/1/1824 926/1/34
f 2188/1/1826 2187/1/1824 925/1/35
f 2187/1/1824 2188/1/1826 922/1/32
f 2188/1/1826 921/1/30 913/1/157
f 2189/1/1827 914/1/156 922/1/32
f 2189/1/1827 913/1/157 917/1/155
f 2186/1/1825 918/1/153 914/1/156
f 2190/1/1828 235/1/1829 237/1/1830
f 2191/1/1831 238/1/1832 236/1/1833
f 2191/1/1831 237/1/1830 231/1/1753
f 2192/1/1834 232/1/1755 238/1/1832
f 2193/1/1835 2192/1/1834 231/1/1753
f 2192/1/1834 2193/1/1835 234/1/1756
f 2190/1/1828 2193/1/1835 233/1/1752
f 2193/1/1835 2190/1/1828 236/1/1833
f 2194/1/1836 223/1/1762 229/1/1757
f 2195/1/1837 230/1/1759 224/1/1761
f 2196/1/1838 2195/1/1837 229/1/1757
f 2195/1/1837 2196/1/1838 226/1/1839
f 2197/1/1840 2196/1/1838 225/1/1841
f 2196/1/1838 2197/1/1840 228/1/1842
f 2197/1/1840 227/1/1843 223/1/1762
f 2194/1/1836 224/1/1761 228/1/1842
f 2198/1/1844 995/1/1004 1001/1/1845
f 2199/1/1846 1002/1/1847 996/1/1002
f 2199/1/1846 997/1/1000 995/1/1004
f 2200/1/1848 996/1/1002 998/1/1010
f 2201/1/1849 997/1/1000 2200/1/1848
f 2200/1/1848 1000/1/1850 2201/1/1849
f 2201/1/1849 1001/1/1845 999/1/1851
f 2198/1/1844 1000/1/1850 1002/1/1847
f 2202/1/1852 215/1/1853 217/1/1854
f 2203/1/1855 218/1/1856 216/1/1857
f 2203/1/1855 217/1/1854 211/1/590
f 2204/1/1858 212/1/599 218/1/1856
f 2205/1/1859 2204/1/1858 211/1/590
f 2204/1/1858 2205/1/1859 210/1/598
f 2202/1/1852 2205/1/1859 209/1/596
f 2205/1/1859 2202/1/1852 216/1/1857
f 2207/1/1860 2206/1/1861 969/1/1779
f 2206/1/1861 2207/1/1860 978/1/523
f 2208/1/1862 2207/1/1860 977/1/521
f 2207/1/1860 2208/1/1862 974/1/519
f 2208/1/1862 973/1/520 965/1/1782
f 2209/1/1863 966/1/1780 974/1/519
f 2206/1/1861 2209/1/1863 965/1/1782
f 2209/1/1863 2206/1/1861 970/1/1777
f 2211/1/1864 989/1/482 2210/1/1865
f 2210/1/1865 994/1/1008 2211/1/1864
f 2211/1/1864 991/1/1003 993/1/1007
f 2212/1/1866 994/1/1008 992/1/1006
f 2212/1/1866 987/1/481 991/1/1003
f 2213/1/1867 992/1/1006 988/1/485
f 2210/1/1865 987/1/481 2213/1/1867
f 2213/1/1867 990/1/484 2210/1/1865
f 2214/1/1868 967/1/380 975/1/518
f 2214/1/1868 2215/1/1869 976/1/527
f 2216/1/1870 2215/1/1869 975/1/518
f 2216/1/1870 972/1/526 976/1/527
f 2217/1/1871 2216/1/1870 971/1/524
f 2216/1/1870 2217/1/1871 964/1/383
f 2214/1/1868 2217/1/1871 963/1/381
f 2217/1/1871 2214/1/1868 968/1/384
f 2218/1/1872 1005/1/1873 1011/1/1874
f 2219/1/1464 1012/1/1875 1006/1/1876
f 2219/1/1464 1009/1/1877 1005/1/1873
f 2220/1/1878 1006/1/1876 1010/1/1879
f 2220/1/1878 1007/1/1880 1009/1/1877
f 2220/1/1878 1008/1/1881 2221/1/1882
f 2222/1/1883 1007/1/1880 2221/1/1882
f 2222/1/1883 1008/1/1881 1004/1/1884
f 2218/1/1872 1003/1/1885 2222/1/1883
f 2218/1/1872 1004/1/1884 1012/1/1875
f 2224/1/1886 1015/1/1887 2223/1/1888
f 2223/1/1888 1022/1/1889 2224/1/1886
f 2224/1/1886 1019/1/1890 1021/1/1891
f 2224/1/1886 1020/1/1892 2225/1/1893
f 2225/1/1893 1017/1/1894 1019/1/1890
f 2225/1/1893 1018/1/1895 2226/1/1896
f 2227/1/1897 1017/1/1894 2226/1/1896
f 2227/1/1897 1018/1/1895 1014/1/1898
f 2223/1/1888 1013/1/1899 2227/1/1897
f 2227/1/1897 1016/1/1900 2223/1/1888
f 2229/1/1901 1063/1/1902 2228/1/458
f 2229/1/1901 1064/1/459 1070/1/1903
f 2229/1/1901 1065/1/1904 1069/1/1905
f 2229/1/1901 1066/1/1906 2230/1/464
f 2231/1/1907 1065/1/1904 2230/1/464
f 2231/1/1907 1066/1/1906 1068/1/1908
f 2231/1/1907 1063/1/1902 1067/1/1909
f 2231/1/1907 1064/1/459 2228/1/458
f 2233/1/1910 1051/1/1911 2232/1/1912
f 2232/1/1912 1054/1/1913 2233/1/1910
f 2234/1/1914 1053/1/1915 2233/1/1910
f 2233/1/1910 1048/1/1916 2234/1/1914
f 2234/1/1914 1049/1/56 1047/1/1917
f 2235/1/1918 1048/1/1916 1050/1/1919
f 2235/1/1918 1051/1/1911 1049/1/56
f 2232/1/1912 1050/1/1919 1052/1/1920
f 2237/1/1921 1115/1/1922 2236/1/1923
f 2236/1/1923 1124/1/1924 2237/1/1921
f 2237/1/1921 1119/1/1925 1123/1/1926
f 2238/1/1927 1124/1/1924 1120/1/1928
f 2238/1/1927 1111/1/1929 1119/1/1925
f 2239/1/1930 1120/1/1928 1112/1/1931
f 2236/1/1923 1111/1/1929 2239/1/1930
f 2239/1/1930 1116/1/1932 2236/1/1923
f 2240/1/1933 1151/1/1934 1149/1/1935
f 2241/1/1936 1150/1/1937 1152/1/1938
f 2241/1/1936 1149/1/1935 1145/1/1939
f 2242/1/1940 1146/1/1941 1150/1/1937
f 2243/1/1942 2242/1/1940 1145/1/1939
f 2242/1/1940 2243/1/1942 1144/1/1943
f 2240/1/1933 2243/1/1942 1143/1/1944
f 2243/1/1942 2240/1/1933 1152/1/1938
f 2244/1/1945 1077/1/1946 1079/1/1947
f 2245/1/1948 1080/1/1949 1078/1/1950
f 2245/1/1948 1073/1/1951 1077/1/1946
f 2245/1/1948 1074/1/1952 2246/1/1953
f 2246/1/1953 1071/1/1954 1073/1/1951
f 2246/1/1953 1072/1/1955 2247/1/1956
f 2248/1/1957 1071/1/1954 2247/1/1956
f 2248/1/1957 1072/1/1955 1076/1/1958
f 2244/1/1945 1075/1/1959 2248/1/1957
f 2248/1/1957 1080/1/1949 2244/1/1945
f 2249/1/1960 1083/1/1961 1081/1/1962
f 2249/1/1960 1084/1/1963 2250/1/1964
f 2251/1/1965 1083/1/1961 2250/1/1964
f 2251/1/1965 1084/1/1963 1086/1/1966
f 2252/1/1967 1085/1/1968 2251/1/1965
f 2252/1/1967 1086/1/1966 1088/1/1969
f 2253/1/1970 1087/1/1971 2252/1/1967
f 2252/1/1967 1090/1/1972 2253/1/1970
f 2253/1/1970 1081/1/1962 1089/1/1973
f 2249/1/1960 1090/1/1972 1082/1/1436
f 2254/1/1974 1097/1/1975 1099/1/1976
f 2255/1/1977 1100/1/1949 1098/1/1978
f 2255/1/1977 1093/1/1979 1097/1/1975
f 2255/1/1977 1094/1/1584 2256/1/1980
f 2256/1/1980 1091/1/1981 1093/1/1979
f 2256/1/1980 1092/1/1982 2257/1/1983
f 2258/1/1984 1091/1/1981 2257/1/1983
f 2258/1/1984 1092/1/1982 1096/1/1985
f 2254/1/1974 1095/1/1986 2258/1/1984
f 2258/1/1984 1100/1/1949 2254/1/1974
f 2260/1/1987 2259/1/1988 499/1/1108
f 2259/1/1988 2260/1/1987 502/1/1105
f 2260/1/1987 501/1/1103 497/1/530
f 2261/1/1989 498/1/532 502/1/1105
f 2262/1/1990 2261/1/1989 497/1/530
f 2261/1/1989 2262/1/1990 490/1/533
f 2259/1/1988 2262/1/1990 489/1/529
f 2262/1/1990 2259/1/1988 500/1/1107
f 2264/1/1991 1107/1/1992 2263/1/1993
f 2263/1/1993 1110/1/1994 2264/1/1991
f 2264/1/1991 1101/1/1995 1109/1/1996
f 2265/1/792 1110/1/1994 1102/1/1436
f 2265/1/792 1103/1/1997 1101/1/1995
f 2265/1/792 1104/1/1998 2266/1/1426
f 2267/1/1999 1103/1/1997 2266/1/1426
f 2267/1/1999 1104/1/1998 1106/1/2000
f 2263/1/1993 1105/1/2001 2267/1/1999
f 2263/1/1993 1106/1/2000 1108/1/2002
f 2269/1/2003 1125/1/1078 2268/1/2004
f 2268/1/2004 1122/1/1077 2269/1/2003
f 2269/1/2003 1113/1/2005 1121/1/1075
f 2270/1/2006 1122/1/1077 1114/1/2007
f 2270/1/2006 1117/1/2008 1113/1/2005
f 2271/1/2009 1114/1/2007 1118/1/2010
f 2268/1/2004 1117/1/2008 2271/1/2009
f 2271/1/2009 1126/1/1080 2268/1/2004
f 2272/1/2011 1153/1/2012 1157/1/2013
f 2273/1/2014 1158/1/2015 1154/1/2016
f 2274/1/2017 2273/1/2014 1157/1/2013
f 2273/1/2014 2274/1/2017 1156/1/2018
f 2275/1/2019 2274/1/2017 1155/1/2020
f 2274/1/2017 2275/1/2019 1148/1/2021
f 2275/1/2019 1147/1/2022 1153/1/2012
f 2272/1/2011 1154/1/2016 1148/1/2021
f 2276/1/2023 1117/1/2008 1111/1/1929
f 2277/1/2024 1112/1/1931 1118/1/2010
f 2278/1/2025 1117/1/2008 2277/1/2024
f 2277/1/2024 1114/1/2007 2278/1/2025
f 2279/1/2026 1113/1/2005 2278/1/2025
f 2278/1/2025 1116/1/1932 2279/1/2026
f 2279/1/2026 1111/1/1929 1115/1/1922
f 2276/1/2023 1116/1/1932 1112/1/1931
f 2281/1/2027 1123/1/1926 2280/1/2028
f 2280/1/2028 1132/1/942 2281/1/2027
f 2281/1/2027 1127/1/939 1131/1/932
f 2282/1/2029 1132/1/942 1128/1/941
f 2282/1/2029 1119/1/1925 1127/1/939
f 2283/1/2030 1128/1/941 1120/1/1928
f 2280/1/2028 1119/1/1925 2283/1/2030
f 2283/1/2030 1124/1/1924 2280/1/2028
f 2285/1/2031 887/1/1650 2284/1/2032
f 2284/1/2032 894/1/1647 2285/1/2031
f 2285/1/2031 883/1/1699 893/1/1645
f 2286/1/2033 894/1/1647 884/1/1698
f 2286/1/2033 885/1/1694 883/1/1699
f 2287/1/2034 884/1/1698 886/1/1696
f 2284/1/2032 885/1/1694 2287/1/2034
f 2287/1/2034 888/1/1649 2284/1/2032
f 2288/1/2035 457/1/2036 453/1/1813
f 2289/1/2037 454/1/1815 458/1/2038
f 2289/1/2037 455/1/2039 457/1/2036
f 2290/1/2040 458/1/2038 456/1/2041
f 2291/1/2042 455/1/2039 2290/1/2040
f 2290/1/2040 452/1/1818 2291/1/2042
f 2288/1/2035 451/1/1816 2291/1/2042
f 2291/1/2042 454/1/1815 2288/1/2035
f 2292/1/2043 105/1/1020 101/1/980
f 2293/1/2044 102/1/984 106/1/1022
f 2293/1/2044 103/1/265 105/1/1020
f 2294/1/2045 106/1/1022 104/1/263
f 2295/1/2046 103/1/265 2294/1/2045
f 2294/1/2045 90/1/262 2295/1/2046
f 2292/1/2043 89/1/260 2295/1/2046
f 2295/1/2046 102/1/984 2292/1/2043
f 2297/1/2047 867/1/951 2296/1/2048
f 2296/1/2048 872/1/950 2297/1/2047
f 2298/1/2049 871/1/947 2297/1/2047
f 2297/1/2047 864/1/1733 2298/1/2049
f 2299/1/2050 863/1/1734 2298/1/2049
f 2298/1/2049 866/1/1731 2299/1/2050
f 2299/1/2050 867/1/951 865/1/1729
f 2296/1/2048 866/1/1731 868/1/953
f 2300/1/2051 503/1/1098 509/1/2052
f 2301/1/2053 510/1/2054 504/1/1102
f 2301/1/2053 509/1/2052 507/1/2055
f 2302/1/2056 508/1/2057 510/1/2054
f 2303/1/2058 2302/1/2056 507/1/2055
f 2302/1/2056 2303/1/2058 506/1/1101
f 2300/1/2051 2303/1/2058 505/1/1099
f 2303/1/2058 2300/1/2051 504/1/1102
f 2304/1/2059 1137/1/889 1139/1/936
f 2305/1/2060 1140/1/934 1138/1/887
f 2305/1/2060 1141/1/886 1137/1/889
f 2306/1/2061 1138/1/887 1142/1/884
f 2307/1/2062 1141/1/886 2306/1/2061
f 2306/1/2061 1136/1/938 2307/1/2062
f 2304/1/2059 1135/1/935 2307/1/2062
f 2307/1/2062 1140/1/934 2304/1/2059
f 2308/1/2063 1189/1/572 1185/1/569
f 2309/1/2064 1186/1/571 1190/1/574
f 2310/1/2065 2309/1/2064 1185/1/569
f 2309/1/2064 2310/1/2065 1178/1/2066
f 2310/1/2065 1177/1/2067 1181/1/2068
f 2310/1/2065 2311/1/2069 1182/1/2070
f 2311/1/2069 1181/1/2068 1189/1/572
f 2308/1/2063 1190/1/574 1182/1/2070
f 2313/1/2071 2312/1/2072 1157/1/2013
f 2312/1/2072 2313/1/2071 1162/1/587
f 2314/1/2073 2313/1/2071 1161/1/578
f 2313/1/2071 2314/1/2073 1160/1/586
f 2314/1/2073 1159/1/584 1155/1/2020
f 2315/1/2074 1156/1/2018 1160/1/586
f 2315/1/2074 1155/1/2020 1157/1/2013
f 2312/1/2072 1158/1/2015 1156/1/2018
f 2317/1/2075 2316/1/2076 1167/1/99
f 2316/1/2076 2317/1/2075 1182/1/2070
f 2318/1/2077 2317/1/2075 1181/1/2068
f 2317/1/2075 2318/1/2077 1178/1/2066
f 2318/1/2077 1177/1/2067 1173/1/102
f 2318/1/2077 2319/1/2078 1174/1/100
f 2316/1/2076 2319/1/2078 1173/1/102
f 2319/1/2078 2316/1/2076 1168/1/101
f 2321/1/2079 2320/1/2080 1175/1/542
f 2321/1/2079 1180/1/549 1176/1/551
f 2321/1/2079 1179/1/550 1171/1/108
f 2322/1/2081 1172/1/107 1180/1/549
f 2323/1/2082 2322/1/2081 1171/1/108
f 2323/1/2082 1170/1/105 1172/1/107
f 2320/1/2080 2323/1/2082 1169/1/103
f 2323/1/2082 2320/1/2080 1176/1/551
f 2325/1/2083 1205/1/2084 2324/1/2085
f 2325/1/2083 1206/1/2086 1210/1/1306
f 2325/1/2083 1207/1/1303 1209/1/1296
f 2325/1/2083 1208/1/1305 2326/1/2087
f 2327/1/2088 1207/1/1303 2326/1/2087
f 2327/1/2088 1208/1/1305 1200/1/2089
f 2327/1/2088 1205/1/2084 1199/1/2090
f 2327/1/2088 1206/1/2086 2324/1/2085
f 2329/1/2091 1247/1/614 2328/1/2092
f 2328/1/2092 1258/1/2093 2329/1/2091
f 2329/1/2091 1255/1/2094 1257/1/2095
f 2330/1/2096 1258/1/2093 1256/1/2097
f 2330/1/2096 1253/1/613 1255/1/2094
f 2331/1/2098 1256/1/2097 1254/1/617
f 2328/1/2092 1253/1/613 2331/1/2098
f 2331/1/2098 1248/1/616 2328/1/2092
f 2332/1/2099 1205/1/2084 1203/1/2100
f 2333/1/2101 1204/1/2102 1206/1/2086
f 2333/1/2101 1199/1/2090 1205/1/2084
f 2334/1/2103 1206/1/2086 1200/1/2089
f 2335/1/2104 1199/1/2090 2334/1/2103
f 2334/1/2103 1202/1/2105 2335/1/2104
f 2332/1/2099 1201/1/2106 2335/1/2104
f 2335/1/2104 1204/1/2102 2332/1/2099
f 2336/1/2107 1197/1/2108 1191/1/2109
f 2337/1/2110 1192/1/2111 1198/1/2112
f 2337/1/2110 1193/1/2113 1197/1/2108
f 2338/1/2114 1198/1/2112 1194/1/2115
f 2339/1/2116 1193/1/2113 2338/1/2114
f 2338/1/2114 1196/1/2117 2339/1/2116
f 2336/1/2107 1195/1/2118 2339/1/2116
f 2339/1/2116 1192/1/2111 2336/1/2107
f 2340/1/2119 1241/1/1261 1239/1/1254
f 2341/1/2120 1240/1/1264 1242/1/1263
f 2341/1/2120 1235/1/2121 1241/1/1261
f 2342/1/2122 1242/1/1263 1236/1/2123
f 2343/1/2124 1235/1/2121 2342/1/2122
f 2342/1/2122 1234/1/2125 2343/1/2124
f 2340/1/2119 1233/1/2126 2343/1/2124
f 2343/1/2124 1240/1/1264 2340/1/2119
f 2345/1/2127 1235/1/2121 2344/1/2128
f 2344/1/2128 1238/1/2129 2345/1/2127
f 2346/1/2130 1237/1/2131 2345/1/2127
f 2345/1/2127 1232/1/2132 2346/1/2130
f 2346/1/2130 1233/1/2126 1231/1/2133
f 2347/1/2134 1232/1/2132 1234/1/2125
f 2347/1/2134 1235/1/2121 1233/1/2126
f 2344/1/2128 1234/1/2125 1236/1/2123
f 2349/1/2135 1227/1/2136 2348/1/2137
f 2349/1/2135 1228/1/2138 1230/1/2139
f 2349/1/2135 1225/1/373 1229/1/2140
f 2350/1/2141 1230/1/2139 1226/1/371
f 2351/1/2142 1225/1/373 2350/1/2141
f 2351/1/2142 1226/1/371 1224/1/370
f 2348/1/2137 1223/1/368 2351/1/2142
f 2351/1/2142 1228/1/2138 2348/1/2137
f 2352/1/2143 1221/1/2144 1217/1/2145
f 2353/1/2146 1218/1/2147 1222/1/2148
f 2353/1/2146 1219/1/378 1221/1/2144
f 2354/1/2149 1222/1/2148 1220/1/377
f 2355/1/2150 1219/1/378 2354/1/2149
f 2354/1/2149 1216/1/374 2355/1/2150
f 2352/1/2143 1215/1/372 2355/1/2150
f 2355/1/2150 1218/1/2147 2352/1/2143
f 2356/1/2151 1145/1/1939 1153/1/2012
f 2357/1/2152 1154/1/2016 1146/1/1941
f 2358/1/2153 2357/1/2152 1153/1/2012
f 2357/1/2152 2358/1/2153 1148/1/2021
f 2359/1/2154 2358/1/2153 1147/1/2022
f 2358/1/2153 2359/1/2154 1144/1/1943
f 2359/1/2154 1143/1/1944 1145/1/1939
f 2356/1/2151 1146/1/1941 1144/1/1943
f 2361/1/2155 1273/1/2156 2360/1/2157
f 2360/1/2157 1278/1/2158 2361/1/2155
f 2362/1/2159 1277/1/2160 2361/1/2155
f 2361/1/2155 1276/1/2161 2362/1/2159
f 2362/1/2159 1271/1/2162 1275/1/2163
f 2363/1/2164 1276/1/2161 1272/1/2165
f 2363/1/2164 1273/1/2156 1271/1/2162
f 2360/1/2157 1272/1/2165 1274/1/2166
f 2365/1/2167 2364/1/2168 215/1/1853
f 2364/1/2168 2365/1/2167 222/1/2169
f 2365/1/2167 221/1/1829 219/1/2170
f 2366/1/2171 220/1/2172 222/1/2169
f 2366/1/2171 219/1/2170 217/1/1854
f 2367/1/2173 218/1/1856 220/1/2172
f 2364/1/2168 2367/1/2173 217/1/1854
f 2367/1/2173 2364/1/2168 216/1/1857
f 2369/1/2174 1313/1/1718 2368/1/2175
f 2369/1/2174 1314/1/1716 1306/1/1715
f 2369/1/2174 1317/1/2176 1305/1/1713
f 2369/1/2174 1318/1/2177 2370/1/2178
f 2370/1/2178 1321/1/2179 1317/1/2176
f 2371/1/2180 1318/1/2177 1322/1/2181
f 2372/1/2182 1321/1/2179 2371/1/2180
f 2371/1/2180 1330/1/2183 2372/1/2182
f 2373/1/2184 1329/1/2185 2372/1/2182
f 2372/1/2182 1324/1/2186 2373/1/2184
f 2374/1/2187 1323/1/2188 2373/1/2184
f 2373/1/2184 1320/1/2189 2374/1/2187
f 2375/1/2190 1319/1/2191 2374/1/2187
f 2374/1/2187 1308/1/2192 2375/1/2190
f 2376/1/2193 1307/1/2194 2375/1/2190
f 2376/1/2193 1308/1/2192 1304/1/1725
f 2377/1/2195 1303/1/1726 2376/1/2193
f 2377/1/2195 1304/1/1725 1296/1/1722
f 2378/1/2196 1295/1/1721 2377/1/2195
f 2378/1/2196 1296/1/1722 1298/1/2197
f 2379/1/2198 1297/1/2199 2378/1/2196
f 2378/1/2196 1300/1/2200 2379/1/2198
f 2379/1/2198 1301/1/2201 1299/1/2202
f 2379/1/2198 1302/1/2203 2380/1/2204
f 2381/1/2205 1301/1/2201 2380/1/2204
f 2381/1/2205 1302/1/2203 1312/1/2206
f 2381/1/2205 1315/1/2207 1311/1/2208
f 2382/1/2209 1312/1/2206 1316/1/2210
f 2382/1/2209 1327/1/2211 1315/1/2207
f 2383/1/2212 1316/1/2210 1328/1/2213
f 2383/1/2212 1331/1/2214 1327/1/2211
f 2384/1/2215 1328/1/2213 1332/1/2216
f 2384/1/2215 1325/1/2217 1331/1/2214
f 2385/1/2218 1332/1/2216 1326/1/2219
f 2368/1/2175 1325/1/2217 2385/1/2218
f 2368/1/2175 1326/1/2219 1314/1/1716
f 2386/1/2220 1261/1/2221 1259/1/1258
f 2387/1/2222 1260/1/2223 1262/1/2224
f 2387/1/2222 1255/1/2094 1261/1/2221
f 2388/1/2225 1262/1/2224 1256/1/2097
f 2389/1/2226 1255/1/2094 2388/1/2225
f 2388/1/2225 1258/1/2093 2389/1/2226
f 2386/1/2220 1257/1/2095 2389/1/2226
f 2389/1/2226 1260/1/2223 2386/1/2220
f 2391/1/2227 641/1/2228 2390/1/2229
f 2391/1/2227 642/1/2230 638/1/2231
f 2391/1/2227 639/1/2232 637/1/2233
f 2391/1/2227 640/1/2234 2392/1/2235
f 2392/1/2235 635/1/2236 639/1/2232
f 2392/1/2235 636/1/2237 2393/1/2238
f 2394/1/2239 635/1/2236 2393/1/2238
f 2393/1/2238 644/1/2240 2394/1/2239
f 2394/1/2239 645/1/2241 643/1/2242
f 2394/1/2239 646/1/2243 2395/1/2244
f 2396/1/2245 645/1/2241 2395/1/2244
f 2396/1/2245 646/1/2243 654/1/2246
f 2396/1/2245 649/1/2247 653/1/2248
f 2396/1/2245 650/1/2249 2397/1/2250
f 2398/1/2251 649/1/2247 2397/1/2250
f 2398/1/2251 650/1/2249 652/1/2252
f 2398/1/2251 647/1/2253 651/1/2254
f 2398/1/2251 648/1/2255 2399/1/2256
f 2390/1/2229 647/1/2253 2399/1/2256
f 2390/1/2229 648/1/2255 642/1/2230
f 2400/1/2257 1371/1/2258 1369/1/2259
f 2400/1/2257 2401/1/2260 1370/1/2261
f 2402/1/2262 2401/1/2260 1369/1/2259
f 2401/1/2260 2402/1/2262 1358/1/2263
f 2402/1/2262 1357/1/2264 1347/1/2265
f 2402/1/2262 2403/1/2266 1348/1/2267
f 2404/1/2268 2403/1/2266 1347/1/2265
f 2404/1/2268 1344/1/2269 1348/1/2267
f 2404/1/2268 1343/1/2270 1341/1/2271
f 2405/1/2272 1342/1/2273 1344/1/2269
f 2405/1/2272 1341/1/2271 1345/1/2274
f 2405/1/2272 2406/1/2275 1346/1/2276
f 2407/1/2277 2406/1/2275 1345/1/2274
f 2407/1/2277 1356/1/2278 1346/1/2276
f 2407/1/2277 1355/1/2279 1363/1/2280
f 2408/1/2281 1364/1/2282 1356/1/2278
f 2409/1/2283 2408/1/2281 1363/1/2280
f 2409/1/2283 1366/1/2284 1364/1/2282
f 2410/1/2285 2409/1/2283 1365/1/2286
f 2409/1/2283 2410/1/2285 1368/1/2287
f 2410/1/2285 1367/1/2288 1359/1/2289
f 2410/1/2285 2411/1/2290 1360/1/2291
f 2412/1/2292 2411/1/2290 1359/1/2289
f 2411/1/2290 2412/1/2292 1352/1/2293
f 2413/1/2294 2412/1/2292 1351/1/2295
f 2412/1/2292 2413/1/2294 1350/1/2296
f 2414/1/2297 2413/1/2294 1349/1/2298
f 2413/1/2294 2414/1/2297 1354/1/2299
f 2414/1/2297 1353/1/2300 1361/1/2301
f 2415/1/2302 1362/1/2303 1354/1/2299
f 2416/1/2304 2415/1/2302 1361/1/2301
f 2416/1/2304 1374/1/2305 1362/1/2303
f 2400/1/2257 2416/1/2304 1373/1/2306
f 2416/1/2304 2400/1/2257 1372/1/2307
f 2418/1/2308 2417/1/2309 79/1/1574
f 2418/1/2308 88/1/2310 80/1/1580
f 2418/1/2308 87/1/2311 85/1/2312
f 2418/1/2308 2419/1/2313 86/1/2314
f 2419/1/2313 85/1/2312 83/1/1575
f 2420/1/2315 84/1/1577 86/1/2314
f 2417/1/2309 2420/1/2315 83/1/1575
f 2417/1/2309 80/1/1580 84/1/1577
f 2422/1/2316 591/1/2317 2421/1/2318
f 2422/1/2316 592/1/2319 602/1/2320
f 2422/1/2316 599/1/2321 601/1/2322
f 2422/1/2316 600/1/2323 2423/1/2324
f 2424/1/2325 599/1/2321 2423/1/2324
f 2424/1/2325 600/1/2323 598/1/2326
f 2425/1/2327 597/1/2328 2424/1/2325
f 2425/1/2327 598/1/2326 594/1/2329
f 2426/1/2330 593/1/2331 2425/1/2327
f 2426/1/2330 594/1/2329 596/1/2332
f 2426/1/2330 591/1/2317 595/1/2333
f 2421/1/2318 596/1/2332 592/1/2319
f 2428/1/2334 1431/1/2335 2427/1/2336
f 2428/1/2334 1432/1/2337 1436/1/2338
f 2429/1/2339 1435/1/2340 2428/1/2334
f 2428/1/2334 1424/1/732 2429/1/2339
f 2429/1/2339 1427/1/731 1423/1/734
f 2429/1/2339 1428/1/729 2430/1/2341
f 2427/1/2336 1427/1/731 2430/1/2341
f 2427/1/2336 1428/1/729 1432/1/2337
f 2432/1/2342 2431/1/2343 1395/1/2344
f 2431/1/2343 2432/1/2342 1402/1/2345
f 2432/1/2342 1401/1/2346 1399/1/2347
f 2433/1/2348 1400/1/2349 1402/1/2345
f 2433/1/2348 1399/1/2347 1397/1/803
f 2434/1/2350 1398/1/2351 1400/1/2349
f 2431/1/2343 2434/1/2350 1397/1/803
f 2434/1/2350 2431/1/2343 1396/1/2352
f 2435/1/2353 1441/1/2354 1439/1/2355
f 2435/1/2353 1442/1/2356 2436/1/2357
f 2436/1/2357 1433/1/744 1441/1/2354
f 2436/1/2357 1434/1/745 2437/1/2358
f 2438/1/2359 1433/1/744 2437/1/2358
f 2438/1/2359 1434/1/745 1438/1/743
f 2435/1/2353 1437/1/739 2438/1/2359
f 2438/1/2359 1440/1/2360 2435/1/2353
f 2439/1/2361 1409/1/802 1403/1/2362
f 2440/1/2363 1404/1/2364 1410/1/2365
f 2441/1/2366 2440/1/2363 1403/1/2362
f 2440/1/2363 2441/1/2366 1406/1/2367
f 2442/1/2342 2441/1/2366 1405/1/1445
f 2441/1/2366 2442/1/2342 1408/1/2368
f 2442/1/2342 1407/1/2369 1409/1/802
f 2439/1/2361 1410/1/2365 1408/1/2368
f 2443/1/2370 697/1/2371 695/1/2372
f 2444/1/2373 696/1/2374 698/1/2375
f 2444/1/2373 693/1/2376 697/1/2371
f 2445/1/2377 698/1/2375 694/1/2378
f 2446/1/2379 693/1/2376 2445/1/2377
f 2445/1/2377 692/1/2380 2446/1/2379
f 2443/1/2370 691/1/2381 2446/1/2379
f 2446/1/2379 696/1/2374 2443/1/2370
f 2448/1/2382 1431/1/2335 2447/1/2383
f 2448/1/2382 1432/1/2337 1442/1/2356
f 2449/1/2384 1441/1/2354 2448/1/2382
f 2449/1/2384 1442/1/2356 1440/1/2360
f 2449/1/2384 1435/1/2340 1439/1/2355
f 2449/1/2384 1436/1/2338 2450/1/2385
f 2450/1/2385 1431/1/2335 1435/1/2340
f 2450/1/2385 1432/1/2337 2447/1/2383
f 2452/1/2386 2451/1/2387 85/1/2312
f 2452/1/2386 88/1/2310 86/1/2314
f 2452/1/2386 87/1/2311 77/1/879
f 2452/1/2386 2453/1/2388 78/1/878
f 2453/1/2388 77/1/879 81/1/877
f 2453/1/2388 2454/1/2389 82/1/875
f 2454/1/2389 81/1/877 85/1/2312
f 2451/1/2387 86/1/2314 82/1/875
f 2455/1/2390 693/1/2376 691/1/2381
f 2456/1/2391 692/1/2380 694/1/2378
f 2456/1/2391 689/1/1266 693/1/2376
f 2457/1/2392 694/1/2378 690/1/1270
f 2458/1/2393 689/1/1266 2457/1/2392
f 2457/1/2392 688/1/1269 2458/1/2393
f 2458/1/2393 691/1/2381 687/1/1267
f 2455/1/2390 688/1/1269 692/1/2380
f 2459/1/2394 1273/1/2156 1269/1/673
f 2460/1/2395 1270/1/677 1274/1/2166
f 2461/1/2396 1273/1/2156 2460/1/2395
f 2460/1/2395 1272/1/2165 2461/1/2396
f 2462/1/2397 1271/1/2162 2461/1/2396
f 2461/1/2396 1268/1/679 2462/1/2397
f 2462/1/2397 1269/1/673 1267/1/681
f 2459/1/2394 1268/1/679 1270/1/677
f 2463/1/2398 1461/1/2399 1457/1/2400
f 2464/1/2401 1458/1/2402 1462/1/2403
f 2465/1/2404 1461/1/2399 2464/1/2401
f 2464/1/2401 1460/1/2405 2465/1/2404
f 2466/1/2406 1459/1/2407 2465/1/2404
f 2465/1/2404 1456/1/2408 2466/1/2406
f 2466/1/2406 1457/1/2400 1455/1/2409
f 2463/1/2398 1456/1/2408 1458/1/2402
f 2468/1/2410 1451/1/282 2467/1/2411
f 2467/1/2411 1458/1/2402 2468/1/2410
f 2469/1/2412 1457/1/2400 2468/1/2410
f 2468/1/2410 1456/1/2408 2469/1/2412
f 2469/1/2412 1453/1/273 1455/1/2409
f 2470/1/2413 1456/1/2408 1454/1/275
f 2470/1/2413 1451/1/282 1453/1/273
f 2467/1/2411 1454/1/275 1452/1/281
f 2471/1/2414 679/1/2415 681/1/2416
f 2472/1/2417 682/1/2418 680/1/2419
f 2473/1/2420 679/1/2415 2472/1/2417
f 2472/1/2417 676/1/2421 2473/1/2420
f 2474/1/2422 675/1/2423 2473/1/2420
f 2473/1/2420 678/1/2424 2474/1/2422
f 2474/1/2422 681/1/2416 677/1/2425
f 2471/1/2414 678/1/2424 682/1/2418
f 2475/1/2426 1429/1/747 1425/1/740
f 2475/1/2426 1430/1/748 2476/1/2427
f 2477/1/2428 1429/1/747 2476/1/2427
f 2477/1/2428 1430/1/748 1418/1/780
f 2478/1/2429 1417/1/778 2477/1/2428
f 2478/1/2429 1418/1/780 1422/1/777
f 2478/1/2429 1425/1/740 1421/1/779
f 2475/1/2426 1422/1/777 1426/1/742
f 2480/1/2430 767/1/1539 2479/1/2431
f 2479/1/2431 780/1/1536 2480/1/2430
f 2481/1/2432 779/1/1526 2480/1/2430
f 2480/1/2430 776/1/1535 2481/1/2432
f 2481/1/2432 769/1/1544 775/1/1532
f 2482/1/2433 776/1/1535 770/1/1543
f 2479/1/2431 769/1/1544 2482/1/2433
f 2482/1/2433 768/1/1541 2479/1/2431
f 2483/1/2434 121/1/253 117/1/2435
f 2484/1/2436 118/1/2437 122/1/258
f 2484/1/2436 115/1/220 121/1/253
f 2485/1/2438 122/1/258 116/1/222
f 2486/1/2439 115/1/220 2485/1/2438
f 2485/1/2438 114/1/234 2486/1/2439
f 2483/1/2434 113/1/232 2486/1/2439
f 2486/1/2439 118/1/2437 2483/1/2434
f 2488/1/2440 1447/1/2441 2487/1/2442
f 2487/1/2442 1450/1/2443 2488/1/2440
f 2488/1/2440 1443/1/277 1449/1/2444
f 2489/1/2445 1450/1/2443 1444/1/279
f 2490/1/2446 1443/1/277 2489/1/2445
f 2489/1/2445 1446/1/276 2490/1/2446
f 2487/1/2442 1445/1/272 2490/1/2446
f 2490/1/2446 1448/1/2447 2487/1/2442
f 2492/1/2448 2491/1/2449 1471/1/2450
f 2492/1/2448 1482/1/2451 1472/1/2452
f 2492/1/2448 1481/1/2453 1479/1/2454
f 2493/1/2455 1480/1/2456 1482/1/2451
f 2493/1/2455 1479/1/2454 1473/1/2457
f 2493/1/2455 2494/1/2458 1474/1/2459
f 2495/1/2460 2494/1/2458 1473/1/2457
f 2495/1/2460 1476/1/2461 1474/1/2459
f 2496/1/2462 2495/1/2460 1475/1/2463
f 2495/1/2460 2496/1/2462 1478/1/2464
f 2496/1/2462 1477/1/2465 1471/1/2450
f 2496/1/2462 2491/1/2449 1472/1/2452
f 2498/1/2466 1461/1/2399 2497/1/2467
f 2497/1/2467 1466/1/824 2498/1/2466
f 2499/1/2468 1465/1/814 2498/1/2466
f 2498/1/2466 1464/1/823 2499/1/2468
f 2499/1/2468 1459/1/2407 1463/1/820
f 2500/1/2469 1464/1/823 1460/1/2405
f 2500/1/2469 1461/1/2399 1459/1/2407
f 2497/1/2467 1460/1/2405 1462/1/2403
f 1484/1/1 195/1/3 197/1/6
f 1483/1/2 198/1/4 196/1/12
f 1485/1/5 197/1/6 191/1/8
f 1484/1/1 192/1/7 198/1/4
f 1485/1/5 193/1/9 1486/1/10
f 1486/1/10 192/1/7 1485/1/5
f 1486/1/10 195/1/3 1483/1/2
f 1483/1/2 194/1/11 1486/1/10
f 1488/1/13 797/1/18 793/1/14
f 1487/1/15 794/1/24 798/1/16
f 1488/1/13 1489/1/19 791/1/17
f 1489/1/19 1488/1/13 798/1/16
f 1489/1/19 1490/1/22 795/1/21
f 1490/1/22 1489/1/19 792/1/20
f 1487/1/15 793/1/14 795/1/21
f 1490/1/22 796/1/23 794/1/24
f 1492/1/25 933/1/27 929/1/29
f 1491/1/26 930/1/28 934/1/36
f 1492/1/25 921/1/30 1493/1/31
f 1493/1/31 930/1/28 1492/1/25
f 1494/1/33 921/1/30 925/1/35
f 1493/1/31 926/1/34 922/1/32
f 1491/1/26 925/1/35 933/1/27
f 1494/1/33 934/1/36 926/1/34
f 1496/1/37 1287/1/39 1293/1/42
f 1495/1/38 1294/1/40 1288/1/48
f 1497/1/41 1293/1/42 1289/1/44
f 1496/1/37 1290/1/43 1294/1/40
f 1497/1/41 1291/1/45 1498/1/46
f 1498/1/46 1290/1/43 1497/1/41
f 1498/1/46 1287/1/39 1495/1/38
f 1495/1/38 1292/1/47 1498/1/46
f 1500/1/49 1029/1/54 1027/1/50
f 1499/1/51 1028/1/60 1030/1/52
f 1501/1/53 1023/1/57 1029/1/54
f 1500/1/49 1030/1/52 1024/1/55
f 1501/1/53 1502/1/58 1025/1/56
f 1502/1/58 1501/1/53 1024/1/55
f 1502/1/58 1499/1/51 1027/1/50
f 1499/1/51 1502/1/58 1026/1/59
f 1504/1/61 365/1/66 363/1/62
f 1503/1/63 364/1/72 366/1/64
f 1505/1/65 361/1/69 365/1/66
f 1504/1/61 366/1/64 362/1/67
f 1506/1/68 355/1/71 361/1/69
f 1505/1/65 362/1/67 356/1/70
f 1506/1/68 1503/1/63 363/1/62
f 1503/1/63 1506/1/68 356/1/70
f 1508/1/73 185/1/75 189/1/78
f 1507/1/74 190/1/76 186/1/84
f 1509/1/77 189/1/78 187/1/80
f 1508/1/73 188/1/79 190/1/76
f 1509/1/77 183/1/81 1510/1/82
f 1510/1/82 188/1/79 1509/1/77
f 1510/1/82 185/1/75 1507/1/74
f 1507/1/74 184/1/83 1510/1/82
f 1512/1/85 471/1/87 475/1/89
f 1511/1/86 476/1/88 472/1/96
f 1512/1/85 467/1/90 1513/1/91
f 1513/1/91 476/1/88 1512/1/85
f 1513/1/91 469/1/93 1514/1/94
f 1513/1/91 470/1/95 468/1/92
f 1511/1/86 469/1/93 471/1/87
f 1514/1/94 472/1/96 470/1/95
f 1516/1/97 1167/1/99 1173/1/102
f 1516/1/97 1168/1/101 1515/1/98
f 1516/1/97 1169/1/103 1517/1/104
f 1517/1/104 1174/1/100 1516/1/97
f 1518/1/106 1169/1/103 1171/1/108
f 1517/1/104 1172/1/107 1170/1/105
f 1515/1/98 1171/1/108 1167/1/99
f 1518/1/106 1168/1/101 1172/1/107
f 1520/1/109 589/1/113 583/1/110
f 1519/1/51 584/1/119 590/1/111
f 1521/1/112 585/1/116 589/1/113
f 1520/1/109 590/1/111 586/1/114
f 1521/1/112 1522/1/117 587/1/115
f 1522/1/117 1521/1/112 586/1/114
f 1522/1/117 1519/1/51 583/1/110
f 1519/1/51 1522/1/117 588/1/118
f 1524/1/120 37/1/122 25/1/125
f 1524/1/120 38/1/124 1523/1/121
f 1524/1/120 41/1/126 1525/1/127
f 1524/1/120 42/1/128 26/1/123
f 1526/1/129 41/1/126 45/1/132
f 1525/1/127 46/1/130 42/1/128
f 1527/1/131 45/1/132 55/1/135
f 1526/1/129 56/1/133 46/1/130
f 1528/1/134 55/1/135 47/1/138
f 1528/1/134 56/1/133 1527/1/131
f 1529/1/137 47/1/138 39/1/140
f 1529/1/137 48/1/136 1528/1/134
f 1529/1/137 51/1/141 1530/1/142
f 1529/1/137 52/1/143 40/1/139
f 1530/1/142 53/1/144 1531/1/145
f 1531/1/145 52/1/143 1530/1/142
f 1531/1/145 49/1/147 1532/1/148
f 1532/1/148 54/1/146 1531/1/145
f 1523/1/121 49/1/147 37/1/122
f 1523/1/121 50/1/149 1532/1/148
f 1534/1/150 909/1/152 917/1/155
f 1533/1/151 918/1/153 910/1/161
f 1535/1/154 917/1/155 913/1/157
f 1534/1/150 914/1/156 918/1/153
f 1535/1/154 905/1/158 1536/1/159
f 1536/1/159 914/1/156 1535/1/154
f 1533/1/151 905/1/158 909/1/152
f 1536/1/159 910/1/161 906/1/160
f 1538/1/162 7/1/164 5/1/167
f 1538/1/162 8/1/166 1537/1/163
f 1538/1/162 1/1/168 1539/1/169
f 1539/1/169 6/1/165 1538/1/162
f 1539/1/169 3/1/171 1540/1/172
f 1539/1/169 4/1/173 2/1/170
f 1541/1/174 3/1/171 9/1/177
f 1541/1/174 4/1/173 1540/1/172
f 1542/1/176 9/1/177 11/1/179
f 1541/1/174 12/1/178 10/1/175
f 1542/1/176 7/1/164 1537/1/163
f 1542/1/176 8/1/166 12/1/178
f 1543/1/180 1393/1/182 1544/1/183
f 1544/1/183 1392/1/185 1543/1/180
f 1545/1/186 1393/1/182 1387/1/189
f 1544/1/183 1388/1/187 1394/1/184
f 1546/1/188 1387/1/189 1389/1/191
f 1545/1/186 1390/1/190 1388/1/187
f 1546/1/188 1391/1/181 1543/1/180
f 1543/1/180 1390/1/190 1546/1/188
f 1547/1/192 1548/1/195 817/1/193
f 1548/1/195 1547/1/192 816/1/196
f 1548/1/195 1549/1/200 811/1/198
f 1548/1/195 818/1/197 812/1/199
f 1549/1/200 1550/1/203 813/1/201
f 1549/1/200 812/1/199 814/1/202
f 1551/1/204 809/1/206 813/1/201
f 1551/1/204 1550/1/203 814/1/202
f 1547/1/192 815/1/194 809/1/206
f 1551/1/204 810/1/205 816/1/196
f 1553/1/207 777/1/212 781/1/208
f 1552/1/209 782/1/218 778/1/210
f 1553/1/207 1554/1/213 771/1/211
f 1554/1/213 1553/1/207 778/1/210
f 1555/1/215 773/1/217 771/1/211
f 1554/1/213 772/1/214 774/1/216
f 1552/1/209 781/1/208 773/1/217
f 1555/1/215 774/1/216 782/1/218
f 1557/1/219 119/1/225 115/1/220
f 1557/1/219 1556/1/221 116/1/222
f 1557/1/219 1558/1/227 111/1/224
f 1557/1/219 120/1/223 112/1/226
f 1559/1/228 107/1/230 111/1/224
f 1559/1/228 1558/1/227 112/1/226
f 1559/1/228 1556/1/221 115/1/220
f 1559/1/228 108/1/229 116/1/222
f 1560/1/231 1561/1/233 115/1/220
f 1561/1/233 1560/1/231 114/1/234
f 1561/1/233 1562/1/235 107/1/230
f 1562/1/235 1561/1/233 116/1/222
f 1563/1/236 109/1/238 107/1/230
f 1562/1/235 108/1/229 110/1/237
f 1560/1/231 113/1/232 109/1/238
f 1563/1/236 110/1/237 114/1/234
f 1564/1/239 495/1/241 1565/1/242
f 1565/1/242 488/1/244 1564/1/239
f 1566/1/245 495/1/241 493/1/248
f 1565/1/242 494/1/246 496/1/243
f 1567/1/247 493/1/248 491/1/250
f 1566/1/245 492/1/249 494/1/246
f 1567/1/247 487/1/240 1564/1/239
f 1564/1/239 492/1/249 1567/1/247
f 1568/1/251 1569/1/255 123/1/252
f 1568/1/251 122/1/258 124/1/254
f 1569/1/255 1570/1/256 119/1/225
f 1570/1/256 1569/1/255 124/1/254
f 1571/1/257 115/1/220 119/1/225
f 1571/1/257 1570/1/256 120/1/223
f 1568/1/251 121/1/253 115/1/220
f 1571/1/257 116/1/222 122/1/258
f 1573/1/259 103/1/265 89/1/260
f 1573/1/259 1572/1/261 90/1/262
f 1573/1/259 1574/1/267 91/1/264
f 1573/1/259 104/1/263 92/1/266
f 1575/1/268 93/1/270 91/1/264
f 1575/1/268 1574/1/267 92/1/266
f 1575/1/268 1572/1/261 89/1/260
f 1575/1/268 94/1/269 90/1/262
f 1576/1/271 1577/1/274 1445/1/272
f 1577/1/274 1576/1/271 1454/1/275
f 1577/1/274 1578/1/278 1443/1/277
f 1578/1/278 1577/1/274 1446/1/276
f 1579/1/280 1451/1/282 1443/1/277
f 1578/1/278 1444/1/279 1452/1/281
f 1576/1/271 1453/1/273 1451/1/282
f 1579/1/280 1452/1/281 1454/1/275
f 1581/1/283 69/1/285 73/1/288
f 1581/1/283 70/1/287 1580/1/284
f 1581/1/283 65/1/289 1582/1/290
f 1582/1/290 74/1/286 1581/1/283
f 1582/1/290 57/1/292 1583/1/293
f 1582/1/290 58/1/294 66/1/291
f 1580/1/284 57/1/292 69/1/285
f 1583/1/293 70/1/287 58/1/294
f 1584/1/295 1585/1/298 127/1/296
f 1585/1/298 1584/1/295 126/1/299
f 1586/1/301 129/1/303 127/1/296
f 1586/1/301 1585/1/298 128/1/300
f 1586/1/301 1584/1/295 125/1/297
f 1586/1/301 130/1/302 126/1/299
f 1587/1/304 1588/1/306 131/1/305
f 1588/1/306 1587/1/304 128/1/300
f 1589/1/308 129/1/303 131/1/305
f 1589/1/308 1588/1/306 132/1/307
f 1589/1/308 1587/1/304 127/1/296
f 1589/1/308 130/1/302 128/1/300
f 1590/1/309 1591/1/311 125/1/297
f 1591/1/311 1590/1/309 134/1/312
f 1592/1/313 129/1/303 125/1/297
f 1592/1/313 1591/1/311 126/1/299
f 1592/1/313 1590/1/309 133/1/310
f 1592/1/313 130/1/302 134/1/312
f 1594/1/314 135/1/318 131/1/305
f 1593/1/315 132/1/307 136/1/316
f 1595/1/317 129/1/303 135/1/318
f 1595/1/317 1594/1/314 136/1/316
f 1595/1/317 1593/1/315 131/1/305
f 1595/1/317 130/1/302 132/1/307
f 1596/1/319 1597/1/321 133/1/310
f 1597/1/321 1596/1/319 138/1/322
f 1598/1/323 129/1/303 133/1/310
f 1598/1/323 1597/1/321 134/1/312
f 1598/1/323 1596/1/319 137/1/320
f 1596/1/319 1598/1/323 130/1/302
f 1600/1/324 139/1/328 135/1/318
f 1599/1/325 136/1/316 140/1/326
f 1601/1/327 129/1/303 139/1/328
f 1601/1/327 1600/1/324 140/1/326
f 1601/1/327 1599/1/325 135/1/318
f 1601/1/327 130/1/302 136/1/316
f 1602/1/329 1603/1/331 137/1/320
f 1603/1/331 1602/1/329 142/1/332
f 1603/1/331 1604/1/333 129/1/303
f 1604/1/333 1603/1/331 138/1/322
f 1604/1/333 1602/1/329 141/1/330
f 1602/1/329 1604/1/333 130/1/302
f 1605/1/334 1606/1/335 141/1/330
f 1606/1/335 1605/1/334 140/1/326
f 1607/1/336 129/1/303 141/1/330
f 1607/1/336 1606/1/335 142/1/332
f 1607/1/336 1605/1/334 139/1/328
f 1607/1/336 130/1/302 140/1/326
f 1608/1/337 1609/1/339 89/1/260
f 1609/1/339 1608/1/337 96/1/340
f 1609/1/339 1610/1/341 93/1/270
f 1609/1/339 90/1/262 94/1/269
f 1611/1/342 97/1/344 93/1/270
f 1610/1/341 94/1/269 98/1/343
f 1608/1/337 95/1/338 97/1/344
f 1608/1/337 1611/1/342 98/1/343
f 1612/1/345 29/1/347 1613/1/348
f 1613/1/348 32/1/350 1612/1/345
f 1614/1/351 29/1/347 25/1/125
f 1614/1/351 30/1/349 1613/1/348
f 1615/1/352 25/1/125 37/1/122
f 1615/1/352 26/1/123 1614/1/351
f 1615/1/352 33/1/353 1616/1/354
f 1615/1/352 34/1/355 38/1/124
f 1617/1/356 33/1/353 27/1/359
f 1616/1/354 28/1/357 34/1/355
f 1618/1/358 27/1/359 35/1/362
f 1617/1/356 36/1/360 28/1/357
f 1619/1/361 35/1/362 39/1/140
f 1619/1/361 36/1/360 1618/1/358
f 1620/1/363 39/1/140 47/1/138
f 1620/1/363 40/1/139 1619/1/361
f 1620/1/363 43/1/364 1621/1/365
f 1620/1/363 44/1/366 48/1/136
f 1621/1/365 31/1/346 1612/1/345
f 1612/1/345 44/1/366 1621/1/365
f 1623/1/367 1225/1/373 1223/1/368
f 1623/1/367 1622/1/369 1224/1/370
f 1623/1/367 1624/1/375 1215/1/372
f 1623/1/367 1226/1/371 1216/1/374
f 1625/1/376 1219/1/378 1215/1/372
f 1625/1/376 1624/1/375 1216/1/374
f 1625/1/376 1622/1/369 1223/1/368
f 1625/1/376 1220/1/377 1224/1/370
f 1626/1/379 963/1/381 1627/1/382
f 1627/1/382 968/1/384 1626/1/379
f 1628/1/385 963/1/381 957/1/388
f 1627/1/382 958/1/386 964/1/383
f 1629/1/387 957/1/388 955/1/390
f 1628/1/385 956/1/389 958/1/386
f 1629/1/387 967/1/380 1626/1/379
f 1626/1/379 956/1/389 1629/1/387
f 1631/1/391 793/1/14 797/1/18
f 1630/1/392 798/1/16 794/1/24
f 1631/1/391 1632/1/394 785/1/393
f 1632/1/394 1631/1/391 794/1/24
f 1633/1/396 789/1/398 785/1/393
f 1632/1/394 786/1/395 790/1/397
f 1630/1/392 797/1/18 789/1/398
f 1633/1/396 790/1/397 798/1/16
f 1634/1/399 1635/1/403 845/1/400
f 1634/1/399 844/1/410 846/1/402
f 1636/1/404 839/1/407 845/1/400
f 1635/1/403 846/1/402 840/1/405
f 1637/1/406 841/1/409 839/1/407
f 1637/1/406 1636/1/404 840/1/405
f 1637/1/406 1634/1/399 843/1/401
f 1634/1/399 1637/1/406 842/1/408
f 1639/1/411 859/1/416 861/1/412
f 1638/1/413 862/1/422 860/1/414
f 1639/1/411 1640/1/417 855/1/415
f 1640/1/417 1639/1/411 860/1/414
f 1640/1/417 1641/1/420 857/1/419
f 1641/1/420 1640/1/417 856/1/418
f 1638/1/413 861/1/412 857/1/419
f 1641/1/420 858/1/421 862/1/422
f 1643/1/423 805/1/429 801/1/424
f 1643/1/423 1642/1/425 802/1/426
f 1644/1/428 803/1/432 805/1/429
f 1643/1/423 806/1/427 804/1/430
f 1644/1/428 1645/1/433 799/1/431
f 1645/1/433 1644/1/428 804/1/430
f 1645/1/433 1646/1/437 807/1/435
f 1645/1/433 800/1/434 808/1/436
f 1642/1/425 801/1/424 807/1/435
f 1642/1/425 1646/1/437 808/1/436
f 1647/1/438 1648/1/442 577/1/439
f 1647/1/438 576/1/455 578/1/441
f 1649/1/443 571/1/446 577/1/439
f 1649/1/443 1648/1/442 578/1/441
f 1649/1/443 1650/1/447 579/1/445
f 1650/1/447 1649/1/443 572/1/444
f 1650/1/447 1651/1/451 581/1/449
f 1650/1/447 580/1/448 582/1/450
f 1652/1/452 573/1/454 581/1/449
f 1652/1/452 1651/1/451 582/1/450
f 1647/1/438 575/1/440 573/1/454
f 1652/1/452 574/1/453 576/1/455
f 1654/1/456 1045/1/462 1039/1/457
f 1654/1/456 1653/1/458 1040/1/459
f 1654/1/456 1655/1/464 1041/1/461
f 1654/1/456 1046/1/460 1042/1/463
f 1656/1/465 1043/1/467 1041/1/461
f 1656/1/465 1655/1/464 1042/1/463
f 1656/1/465 1653/1/458 1039/1/457
f 1656/1/465 1044/1/466 1040/1/459
f 1658/1/468 923/1/470 931/1/473
f 1657/1/469 932/1/471 924/1/479
f 1659/1/472 931/1/473 927/1/475
f 1658/1/468 928/1/474 932/1/471
f 1659/1/472 919/1/476 1660/1/477
f 1660/1/477 928/1/474 1659/1/472
f 1657/1/469 919/1/476 923/1/470
f 1660/1/477 924/1/479 920/1/478
f 1661/1/480 1662/1/483 987/1/481
f 1662/1/483 1661/1/480 990/1/484
f 1663/1/486 979/1/489 987/1/481
f 1662/1/483 988/1/485 980/1/487
f 1664/1/488 983/1/491 979/1/489
f 1663/1/486 980/1/487 984/1/490
f 1664/1/488 1661/1/480 989/1/482
f 1661/1/480 1664/1/488 984/1/490
f 1665/1/492 1666/1/495 901/1/493
f 1666/1/495 1665/1/492 896/1/496
f 1667/1/498 899/1/501 901/1/493
f 1666/1/495 902/1/497 900/1/499
f 1668/1/500 897/1/503 899/1/501
f 1667/1/498 900/1/499 898/1/502
f 1668/1/500 1665/1/492 895/1/494
f 1665/1/492 1668/1/500 898/1/502
f 1670/1/504 1037/1/510 1031/1/505
f 1670/1/504 1669/1/506 1032/1/507
f 1670/1/504 1671/1/512 1033/1/509
f 1670/1/504 1038/1/508 1034/1/511
f 1672/1/513 1035/1/515 1033/1/509
f 1672/1/513 1671/1/512 1034/1/511
f 1672/1/513 1669/1/506 1031/1/505
f 1672/1/513 1036/1/514 1032/1/507
f 1674/1/516 975/1/518 973/1/520
f 1673/1/517 974/1/519 976/1/527
f 1674/1/516 977/1/521 1675/1/522
f 1675/1/522 974/1/519 1674/1/516
f 1675/1/522 971/1/524 1676/1/525
f 1676/1/525 978/1/523 1675/1/522
f 1673/1/517 971/1/524 975/1/518
f 1673/1/517 972/1/526 1676/1/525
f 1677/1/528 497/1/530 1678/1/531
f 1678/1/531 490/1/533 1677/1/528
f 1678/1/531 485/1/534 1679/1/535
f 1679/1/535 498/1/532 1678/1/531
f 1679/1/535 481/1/537 1680/1/538
f 1679/1/535 482/1/539 486/1/536
f 1677/1/528 481/1/537 489/1/529
f 1680/1/538 490/1/533 482/1/539
f 1682/1/540 1175/1/542 1187/1/544
f 1681/1/541 1188/1/543 1176/1/551
f 1682/1/540 1183/1/545 1683/1/546
f 1682/1/540 1184/1/547 1188/1/543
f 1684/1/548 1183/1/545 1179/1/550
f 1683/1/546 1180/1/549 1184/1/547
f 1684/1/548 1175/1/542 1681/1/541
f 1681/1/541 1180/1/549 1684/1/548
f 1685/1/552 1686/1/553 111/1/224
f 1685/1/552 108/1/229 112/1/226
f 1687/1/554 91/1/264 111/1/224
f 1686/1/553 112/1/226 92/1/266
f 1688/1/555 103/1/265 91/1/264
f 1688/1/555 1687/1/554 92/1/266
f 1688/1/555 1685/1/552 107/1/230
f 1685/1/552 1688/1/555 104/1/263
f 1690/1/556 1061/1/562 1055/1/557
f 1690/1/556 1689/1/558 1056/1/559
f 1690/1/556 1691/1/564 1057/1/561
f 1690/1/556 1062/1/560 1058/1/563
f 1692/1/565 1059/1/567 1057/1/561
f 1692/1/565 1691/1/564 1058/1/563
f 1692/1/565 1689/1/558 1055/1/557
f 1692/1/565 1060/1/566 1056/1/559
f 1693/1/568 1185/1/569 1694/1/570
f 1694/1/570 1188/1/543 1693/1/568
f 1694/1/570 1189/1/572 1695/1/573
f 1694/1/570 1190/1/574 1186/1/571
f 1696/1/575 1189/1/572 1183/1/545
f 1695/1/573 1184/1/547 1190/1/574
f 1696/1/575 1187/1/544 1693/1/568
f 1696/1/575 1188/1/543 1184/1/547
f 1698/1/576 1161/1/578 1165/1/581
f 1697/1/577 1166/1/579 1162/1/587
f 1699/1/580 1165/1/581 1163/1/583
f 1698/1/576 1164/1/582 1166/1/579
f 1699/1/580 1159/1/584 1700/1/585
f 1700/1/585 1164/1/582 1699/1/580
f 1700/1/585 1161/1/578 1697/1/577
f 1697/1/577 1160/1/586 1700/1/585
f 1702/1/588 211/1/590 213/1/593
f 1701/1/589 214/1/591 212/1/599
f 1703/1/592 213/1/593 207/1/595
f 1702/1/588 208/1/594 214/1/591
f 1703/1/592 209/1/596 1704/1/597
f 1704/1/597 208/1/594 1703/1/592
f 1704/1/597 211/1/590 1701/1/589
f 1701/1/589 210/1/598 1704/1/597
f 1705/1/600 151/1/602 1706/1/603
f 1706/1/603 154/1/605 1705/1/600
f 1707/1/606 151/1/602 145/1/609
f 1706/1/603 146/1/607 152/1/604
f 1708/1/608 145/1/609 143/1/611
f 1707/1/606 144/1/610 146/1/607
f 1708/1/608 153/1/601 1705/1/600
f 1705/1/600 144/1/610 1708/1/608
f 1709/1/612 1710/1/615 1253/1/613
f 1710/1/615 1709/1/612 1248/1/616
f 1711/1/618 1249/1/621 1253/1/613
f 1710/1/615 1254/1/617 1250/1/619
f 1712/1/620 1251/1/623 1249/1/621
f 1711/1/618 1250/1/619 1252/1/622
f 1712/1/620 1709/1/612 1247/1/614
f 1709/1/612 1712/1/620 1252/1/622
f 1714/1/624 297/1/629 289/1/625
f 1713/1/626 290/1/671 298/1/627
f 1715/1/628 301/1/632 297/1/629
f 1715/1/628 1714/1/624 298/1/627
f 1716/1/631 309/1/635 301/1/632
f 1716/1/631 1715/1/628 302/1/630
f 1716/1/631 1717/1/637 305/1/634
f 1716/1/631 310/1/633 306/1/636
f 1717/1/637 1718/1/639 293/1/638
f 1718/1/639 1717/1/637 306/1/636
f 1718/1/639 1719/1/642 283/1/641
f 1719/1/642 1718/1/639 294/1/640
f 1720/1/644 285/1/647 283/1/641
f 1719/1/642 284/1/643 286/1/645
f 1721/1/646 287/1/650 285/1/647
f 1720/1/644 286/1/645 288/1/648
f 1722/1/649 295/1/653 287/1/650
f 1721/1/646 288/1/648 296/1/651
f 1723/1/652 307/1/656 295/1/653
f 1722/1/649 296/1/651 308/1/654
f 1724/1/655 311/1/659 307/1/656
f 1724/1/655 1723/1/652 308/1/654
f 1724/1/655 1725/1/661 303/1/658
f 1724/1/655 312/1/657 304/1/660
f 1725/1/661 1726/1/664 299/1/662
f 1725/1/661 304/1/660 300/1/663
f 1726/1/664 1727/1/666 291/1/665
f 1727/1/666 1726/1/664 300/1/663
f 1727/1/666 1728/1/669 281/1/668
f 1728/1/669 1727/1/666 292/1/667
f 1728/1/669 1713/1/626 289/1/625
f 1713/1/626 1728/1/669 282/1/670
f 1729/1/672 1730/1/675 1269/1/673
f 1730/1/675 1729/1/672 1266/1/676
f 1731/1/678 1267/1/681 1269/1/673
f 1730/1/675 1270/1/677 1268/1/679
f 1732/1/680 1263/1/683 1267/1/681
f 1731/1/678 1268/1/679 1264/1/682
f 1732/1/680 1729/1/672 1265/1/674
f 1729/1/672 1732/1/680 1264/1/682
f 1733/1/684 155/1/686 1734/1/687
f 1734/1/687 158/1/689 1733/1/684
f 1734/1/687 151/1/602 1735/1/690
f 1735/1/690 156/1/688 1734/1/687
f 1736/1/691 151/1/602 153/1/601
f 1735/1/690 154/1/605 152/1/604
f 1733/1/684 153/1/601 157/1/685
f 1736/1/691 158/1/689 154/1/605
f 1737/1/692 1385/1/694 1738/1/695
f 1738/1/695 1384/1/697 1737/1/692
f 1738/1/695 1379/1/698 1739/1/699
f 1738/1/695 1380/1/700 1386/1/696
f 1740/1/701 1379/1/698 1381/1/703
f 1740/1/701 1380/1/700 1739/1/699
f 1740/1/701 1375/1/704 1741/1/705
f 1740/1/701 1376/1/706 1382/1/702
f 1741/1/705 1377/1/707 1742/1/708
f 1741/1/705 1378/1/709 1376/1/706
f 1737/1/692 1377/1/707 1383/1/693
f 1737/1/692 1378/1/709 1742/1/708
f 1743/1/710 909/1/152 1744/1/712
f 1744/1/712 904/1/713 1743/1/710
f 1745/1/714 909/1/152 905/1/158
f 1744/1/712 906/1/160 910/1/161
f 1746/1/715 905/1/158 907/1/717
f 1745/1/714 908/1/716 906/1/160
f 1746/1/715 903/1/711 1743/1/710
f 1743/1/710 908/1/716 1746/1/715
f 1747/1/718 159/1/720 1748/1/721
f 1748/1/721 162/1/723 1747/1/718
f 1748/1/721 155/1/686 1749/1/724
f 1749/1/724 160/1/722 1748/1/721
f 1750/1/725 155/1/686 157/1/685
f 1749/1/724 158/1/689 156/1/688
f 1747/1/718 157/1/685 161/1/719
f 1750/1/725 162/1/723 158/1/689
f 1752/1/726 1427/1/731 1411/1/727
f 1751/1/728 1412/1/737 1428/1/729
f 1753/1/730 1423/1/734 1427/1/731
f 1753/1/730 1752/1/726 1428/1/729
f 1754/1/733 1419/1/736 1423/1/734
f 1753/1/730 1424/1/732 1420/1/735
f 1754/1/733 1751/1/728 1411/1/727
f 1754/1/733 1420/1/735 1412/1/737
f 1755/1/738 1756/1/741 1437/1/739
f 1756/1/741 1755/1/738 1426/1/742
f 1756/1/741 1757/1/746 1433/1/744
f 1756/1/741 1438/1/743 1434/1/745
f 1757/1/746 1758/1/749 1429/1/747
f 1757/1/746 1434/1/745 1430/1/748
f 1755/1/738 1425/1/740 1429/1/747
f 1755/1/738 1758/1/749 1430/1/748
f 1759/1/750 67/1/752 1760/1/753
f 1760/1/753 60/1/755 1759/1/750
f 1760/1/753 63/1/756 1761/1/757
f 1760/1/753 64/1/758 68/1/754
f 1762/1/759 63/1/756 61/1/761
f 1761/1/757 62/1/760 64/1/758
f 1759/1/750 61/1/761 59/1/751
f 1759/1/750 62/1/760 1762/1/759
f 1764/1/762 327/1/764 333/1/766
f 1763/1/763 334/1/765 328/1/773
f 1764/1/762 331/1/767 1765/1/768
f 1765/1/768 334/1/765 1764/1/762
f 1765/1/768 329/1/770 1766/1/771
f 1766/1/771 332/1/769 1765/1/768
f 1763/1/763 329/1/770 327/1/764
f 1766/1/771 328/1/773 330/1/772
f 1768/1/774 1421/1/779 1413/1/775
f 1767/1/776 1414/1/785 1422/1/777
f 1768/1/774 1769/1/781 1417/1/778
f 1768/1/774 1422/1/777 1418/1/780
f 1769/1/781 1770/1/784 1415/1/782
f 1769/1/781 1418/1/780 1416/1/783
f 1767/1/776 1413/1/775 1415/1/782
f 1767/1/776 1770/1/784 1416/1/783
f 1772/1/786 755/1/791 753/1/787
f 1771/1/788 754/1/800 756/1/789
f 1772/1/786 1773/1/792 749/1/790
f 1773/1/792 1772/1/786 756/1/789
f 1773/1/792 1774/1/796 747/1/794
f 1773/1/792 750/1/793 748/1/795
f 1775/1/797 751/1/799 747/1/794
f 1775/1/797 1774/1/796 748/1/795
f 1771/1/788 753/1/787 751/1/799
f 1771/1/788 1775/1/797 752/1/798
f 1776/1/801 335/1/803 1777/1/804
f 1777/1/804 342/1/806 1776/1/801
f 1778/1/807 335/1/803 337/1/810
f 1777/1/804 338/1/808 336/1/805
f 1779/1/809 337/1/810 339/1/812
f 1778/1/807 340/1/811 338/1/808
f 1779/1/809 341/1/802 1776/1/801
f 1776/1/801 340/1/811 1779/1/809
f 1781/1/813 1469/1/818 1465/1/814
f 1780/1/815 1466/1/824 1470/1/816
f 1782/1/817 1467/1/821 1469/1/818
f 1781/1/813 1470/1/816 1468/1/819
f 1782/1/817 1783/1/822 1463/1/820
f 1783/1/822 1782/1/817 1468/1/819
f 1783/1/822 1780/1/815 1465/1/814
f 1780/1/815 1783/1/822 1464/1/823
f 1785/1/825 163/1/827 171/1/830
f 1785/1/825 164/1/829 1784/1/826
f 1785/1/825 173/1/831 1786/1/832
f 1785/1/825 174/1/833 172/1/828
f 1786/1/832 165/1/834 1787/1/835
f 1786/1/832 166/1/836 174/1/833
f 1788/1/837 165/1/834 169/1/840
f 1788/1/837 166/1/836 1787/1/835
f 1789/1/839 169/1/840 167/1/842
f 1788/1/837 168/1/841 170/1/838
f 1789/1/839 163/1/827 1784/1/826
f 1789/1/839 164/1/829 168/1/841
f 1791/1/843 429/1/848 423/1/844
f 1790/1/845 424/1/854 430/1/846
f 1791/1/843 1792/1/849 425/1/847
f 1792/1/849 1791/1/843 430/1/846
f 1792/1/849 1793/1/852 427/1/851
f 1793/1/852 1792/1/849 426/1/850
f 1790/1/845 423/1/844 427/1/851
f 1793/1/852 428/1/853 424/1/854
f 1795/1/855 345/1/857 349/1/861
f 1795/1/855 346/1/859 1794/1/856
f 1796/1/860 349/1/861 347/1/863
f 1796/1/860 350/1/858 1795/1/855
f 1796/1/860 343/1/864 1797/1/865
f 1797/1/865 348/1/862 1796/1/860
f 1797/1/865 353/1/867 1798/1/868
f 1797/1/865 354/1/869 344/1/866
f 1798/1/868 351/1/870 1799/1/871
f 1798/1/868 352/1/872 354/1/869
f 1794/1/856 351/1/870 345/1/857
f 1799/1/871 346/1/859 352/1/872
f 1801/1/873 69/1/285 81/1/877
f 1800/1/874 82/1/875 70/1/287
f 1802/1/876 81/1/877 77/1/879
f 1802/1/876 82/1/875 1801/1/873
f 1802/1/876 73/1/288 1803/1/880
f 1803/1/880 78/1/878 1802/1/876
f 1803/1/880 69/1/285 1800/1/874
f 1803/1/880 70/1/287 74/1/286
f 1805/1/881 1141/1/886 1133/1/882
f 1804/1/883 1134/1/892 1142/1/884
f 1806/1/885 1137/1/889 1141/1/886
f 1805/1/881 1142/1/884 1138/1/887
f 1806/1/885 1807/1/890 1129/1/888
f 1807/1/890 1806/1/885 1138/1/887
f 1807/1/890 1804/1/883 1133/1/882
f 1804/1/883 1807/1/890 1130/1/891
f 1808/1/893 1809/1/195 837/1/894
f 1809/1/195 1808/1/893 836/1/896
f 1809/1/195 1810/1/900 831/1/898
f 1809/1/195 838/1/897 832/1/899
f 1810/1/900 1811/1/903 833/1/901
f 1810/1/900 832/1/899 834/1/902
f 1812/1/904 829/1/906 833/1/901
f 1812/1/904 1811/1/903 834/1/902
f 1808/1/893 835/1/895 829/1/906
f 1812/1/904 830/1/905 836/1/896
f 1814/1/907 877/1/912 881/1/908
f 1813/1/909 882/1/918 878/1/910
f 1815/1/911 869/1/915 877/1/912
f 1814/1/907 878/1/910 870/1/913
f 1815/1/911 1816/1/916 879/1/914
f 1816/1/916 1815/1/911 870/1/913
f 1816/1/916 1813/1/909 881/1/908
f 1813/1/909 1816/1/916 880/1/917
f 1817/1/919 381/1/921 1818/1/922
f 1818/1/922 380/1/924 1817/1/919
f 1818/1/922 375/1/925 1819/1/926
f 1819/1/926 382/1/923 1818/1/922
f 1820/1/928 375/1/925 377/1/930
f 1819/1/926 378/1/929 376/1/927
f 1817/1/919 377/1/930 379/1/920
f 1820/1/928 380/1/924 378/1/929
f 1822/1/931 1139/1/936 1131/1/932
f 1821/1/933 1132/1/942 1140/1/934
f 1822/1/931 1823/1/937 1135/1/935
f 1823/1/937 1822/1/931 1140/1/934
f 1823/1/937 1824/1/940 1127/1/939
f 1824/1/940 1823/1/937 1136/1/938
f 1821/1/933 1131/1/932 1127/1/939
f 1824/1/940 1128/1/941 1132/1/942
f 1826/1/943 875/1/948 873/1/944
f 1825/1/945 874/1/954 876/1/946
f 1826/1/943 1827/1/949 871/1/947
f 1827/1/949 1826/1/943 876/1/946
f 1827/1/949 1828/1/952 867/1/951
f 1828/1/952 1827/1/949 872/1/950
f 1825/1/945 873/1/944 867/1/951
f 1828/1/952 868/1/953 874/1/954
f 1830/1/955 13/1/957 19/1/960
f 1830/1/955 14/1/959 1829/1/956
f 1830/1/955 15/1/961 1831/1/962
f 1831/1/962 20/1/958 1830/1/955
f 1831/1/962 17/1/964 1832/1/965
f 1831/1/962 18/1/966 16/1/963
f 1829/1/956 17/1/964 13/1/957
f 1832/1/965 14/1/959 18/1/966
f 1834/1/967 399/1/969 401/1/972
f 1834/1/967 400/1/971 1833/1/968
f 1834/1/967 391/1/973 1835/1/974
f 1834/1/967 392/1/975 402/1/970
f 1836/1/976 391/1/973 395/1/978
f 1836/1/976 392/1/975 1835/1/974
f 1836/1/976 399/1/969 1833/1/968
f 1836/1/976 400/1/971 396/1/977
f 1837/1/979 1838/1/982 101/1/980
f 1838/1/982 1837/1/979 100/1/983
f 1838/1/982 1839/1/985 89/1/260
f 1839/1/985 1838/1/982 102/1/984
f 1840/1/986 95/1/338 89/1/260
f 1839/1/985 90/1/262 96/1/340
f 1837/1/979 99/1/981 95/1/338
f 1840/1/986 96/1/340 100/1/983
f 1842/1/987 441/1/992 439/1/988
f 1841/1/989 440/1/998 442/1/990
f 1842/1/987 1843/1/993 445/1/991
f 1843/1/993 1842/1/987 442/1/990
f 1843/1/993 1844/1/996 443/1/995
f 1844/1/996 1843/1/993 446/1/994
f 1841/1/989 439/1/988 443/1/995
f 1844/1/996 444/1/997 440/1/998
f 1846/1/999 995/1/1004 997/1/1000
f 1845/1/1001 998/1/1010 996/1/1002
f 1846/1/999 1847/1/1005 991/1/1003
f 1847/1/1005 1846/1/999 996/1/1002
f 1847/1/1005 1848/1/1009 993/1/1007
f 1847/1/1005 992/1/1006 994/1/1008
f 1845/1/1001 997/1/1000 993/1/1007
f 1848/1/1009 994/1/1008 998/1/1010
f 1850/1/1011 443/1/995 447/1/1012
f 1849/1/1013 448/1/1018 444/1/997
f 1851/1/1014 445/1/991 443/1/995
f 1850/1/1011 444/1/997 446/1/994
f 1851/1/1014 1852/1/1016 449/1/1015
f 1852/1/1016 1851/1/1014 446/1/994
f 1849/1/1013 447/1/1012 449/1/1015
f 1852/1/1016 450/1/1017 448/1/1018
f 1853/1/1019 1854/1/1021 109/1/238
f 1854/1/1021 1853/1/1019 106/1/1022
f 1854/1/1021 1855/1/1023 107/1/230
f 1855/1/1023 1854/1/1021 110/1/237
f 1856/1/1024 103/1/265 107/1/230
f 1855/1/1023 108/1/229 104/1/263
f 1853/1/1019 105/1/1020 103/1/265
f 1856/1/1024 104/1/263 106/1/1022
f 1857/1/1025 961/1/1026 1858/1/1027
f 1858/1/1027 958/1/386 1857/1/1025
f 1859/1/1029 961/1/1026 959/1/1032
f 1858/1/1027 960/1/1030 962/1/1028
f 1860/1/1031 959/1/1032 955/1/390
f 1859/1/1029 956/1/389 960/1/1030
f 1860/1/1031 957/1/388 1857/1/1025
f 1857/1/1025 956/1/389 1860/1/1031
f 1862/1/1033 239/1/1035 245/1/1039
f 1862/1/1033 240/1/1037 1861/1/1034
f 1863/1/1038 245/1/1039 241/1/1041
f 1862/1/1033 242/1/1040 246/1/1036
f 1863/1/1038 243/1/1042 1864/1/1043
f 1863/1/1038 244/1/1044 242/1/1040
f 1864/1/1043 239/1/1035 1861/1/1034
f 1861/1/1034 244/1/1044 1864/1/1043
f 1865/1/1045 1866/1/1048 437/1/1046
f 1866/1/1048 1865/1/1045 432/1/1049
f 1867/1/1051 433/1/1054 437/1/1046
f 1866/1/1048 438/1/1050 434/1/1052
f 1868/1/1053 435/1/1056 433/1/1054
f 1867/1/1051 434/1/1052 436/1/1055
f 1868/1/1053 1865/1/1045 431/1/1047
f 1865/1/1045 1868/1/1053 436/1/1055
f 1870/1/1057 985/1/1061 981/1/1058
f 1869/1/1059 982/1/1064 986/1/1060
f 1870/1/1057 1871/1/1062 983/1/491
f 1871/1/1062 1870/1/1057 986/1/1060
f 1871/1/1062 1872/1/1063 979/1/489
f 1872/1/1063 1871/1/1062 984/1/490
f 1869/1/1059 981/1/1058 979/1/489
f 1872/1/1063 980/1/487 982/1/1064
f 1874/1/1065 471/1/87 483/1/1069
f 1873/1/1066 484/1/1067 472/1/96
f 1875/1/1068 483/1/1069 479/1/1071
f 1874/1/1065 480/1/1070 484/1/1067
f 1875/1/1068 475/1/89 1876/1/1072
f 1876/1/1072 480/1/1070 1875/1/1068
f 1876/1/1072 471/1/87 1873/1/1066
f 1873/1/1066 476/1/88 1876/1/1072
f 1878/1/1073 1129/1/888 1133/1/882
f 1877/1/1074 1134/1/892 1130/1/891
f 1878/1/1073 1879/1/1076 1121/1/1075
f 1879/1/1076 1878/1/1073 1130/1/891
f 1879/1/1076 1880/1/1079 1125/1/1078
f 1880/1/1079 1879/1/1076 1122/1/1077
f 1877/1/1074 1133/1/882 1125/1/1078
f 1880/1/1079 1126/1/1080 1134/1/892
f 1881/1/1081 397/1/1083 1882/1/1084
f 1882/1/1084 394/1/1086 1881/1/1081
f 1882/1/1084 395/1/978 1883/1/1087
f 1883/1/1087 398/1/1085 1882/1/1084
f 1884/1/1088 395/1/978 391/1/973
f 1883/1/1087 392/1/975 396/1/977
f 1881/1/1081 391/1/973 393/1/1082
f 1884/1/1088 394/1/1086 392/1/975
f 1886/1/1089 57/1/292 65/1/289
f 1886/1/1089 58/1/294 1885/1/1090
f 1886/1/1089 59/1/751 1887/1/1091
f 1887/1/1091 66/1/291 1886/1/1089
f 1887/1/1091 61/1/761 1888/1/1092
f 1887/1/1091 62/1/760 60/1/755
f 1885/1/1090 61/1/761 57/1/292
f 1888/1/1092 58/1/294 62/1/760
f 1890/1/1093 487/1/240 491/1/250
f 1889/1/1094 492/1/249 488/1/244
f 1890/1/1093 479/1/1071 1891/1/1095
f 1891/1/1095 492/1/249 1890/1/1093
f 1891/1/1095 483/1/1069 1892/1/1096
f 1892/1/1096 480/1/1070 1891/1/1095
f 1889/1/1094 483/1/1069 487/1/240
f 1892/1/1096 488/1/244 484/1/1067
f 1893/1/1097 505/1/1099 1894/1/1100
f 1894/1/1100 504/1/1102 1893/1/1097
f 1894/1/1100 501/1/1103 1895/1/1104
f 1895/1/1104 506/1/1101 1894/1/1100
f 1896/1/1106 501/1/1103 499/1/1108
f 1895/1/1104 500/1/1107 502/1/1105
f 1893/1/1097 499/1/1108 503/1/1098
f 1896/1/1106 504/1/1102 500/1/1107
f 1898/1/1109 513/1/1114 517/1/1110
f 1897/1/1111 518/1/1126 514/1/1112
f 1899/1/1113 515/1/1117 513/1/1114
f 1899/1/1113 1898/1/1109 514/1/1112
f 1899/1/1113 1900/1/1119 511/1/1116
f 1899/1/1113 516/1/1115 512/1/1118
f 1900/1/1119 1901/1/1121 519/1/1120
f 1901/1/1121 1900/1/1119 512/1/1118
f 1902/1/1123 521/1/1125 519/1/1120
f 1902/1/1123 1901/1/1121 520/1/1122
f 1902/1/1123 1897/1/1111 517/1/1110
f 1902/1/1123 522/1/1124 518/1/1126
f 1903/1/1127 75/1/1128 1904/1/1129
f 1904/1/1129 68/1/754 1903/1/1127
f 1904/1/1129 71/1/1131 1905/1/1132
f 1904/1/1129 72/1/1133 76/1/1130
f 1905/1/1132 63/1/756 1906/1/1134
f 1906/1/1134 72/1/1133 1905/1/1132
f 1903/1/1127 63/1/756 67/1/752
f 1903/1/1127 64/1/758 1906/1/1134
f 1908/1/1135 525/1/1140 529/1/1136
f 1907/1/1137 530/1/1152 526/1/1138
f 1908/1/1135 1909/1/1142 527/1/1139
f 1908/1/1135 526/1/1138 528/1/1141
f 1910/1/1143 523/1/1146 527/1/1139
f 1910/1/1143 1909/1/1142 528/1/1141
f 1910/1/1143 1911/1/1147 531/1/1145
f 1911/1/1147 1910/1/1143 524/1/1144
f 1911/1/1147 1912/1/1151 533/1/1149
f 1911/1/1147 532/1/1148 534/1/1150
f 1907/1/1137 529/1/1136 533/1/1149
f 1907/1/1137 1912/1/1151 534/1/1150
f 1914/1/1153 537/1/1157 541/1/1154
f 1913/1/1137 542/1/1168 538/1/1155
f 1914/1/1153 1915/1/1159 539/1/1156
f 1914/1/1153 538/1/1155 540/1/1158
f 1916/1/1160 535/1/1163 539/1/1156
f 1916/1/1160 1915/1/1159 540/1/1158
f 1916/1/1160 1917/1/1164 543/1/1162
f 1917/1/1164 1916/1/1160 536/1/1161
f 1917/1/1164 1918/1/1151 545/1/1166
f 1917/1/1164 544/1/1165 546/1/1167
f 1913/1/1137 541/1/1154 545/1/1166
f 1913/1/1137 1918/1/1151 546/1/1167
f 1920/1/1169 557/1/1175 555/1/1170
f 1920/1/1169 1919/1/1171 556/1/1172
f 1920/1/1169 1921/1/1177 553/1/1174
f 1920/1/1169 558/1/1173 554/1/1176
f 1922/1/1178 549/1/1181 553/1/1174
f 1921/1/1177 554/1/1176 550/1/1179
f 1923/1/1180 551/1/1184 549/1/1181
f 1923/1/1180 1922/1/1178 550/1/1179
f 1923/1/1180 1924/1/1186 547/1/1183
f 1923/1/1180 552/1/1182 548/1/1185
f 1924/1/1186 1919/1/1171 555/1/1170
f 1919/1/1171 1924/1/1186 548/1/1185
f 1925/1/1187 1926/1/1191 569/1/1188
f 1925/1/1187 568/1/448 570/1/1190
f 1927/1/1192 561/1/1195 569/1/1188
f 1927/1/1192 1926/1/1191 570/1/1190
f 1928/1/1194 563/1/1197 561/1/1195
f 1927/1/1192 562/1/1193 564/1/1196
f 1928/1/1194 1929/1/1198 565/1/439
f 1928/1/1194 564/1/1196 566/1/441
f 1930/1/1199 559/1/1201 565/1/439
f 1930/1/1199 1929/1/1198 566/1/441
f 1930/1/1199 1925/1/1187 567/1/1189
f 1925/1/1187 1930/1/1199 560/1/1200
f 1932/1/1202 253/1/1204 251/1/1208
f 1932/1/1202 254/1/1206 1931/1/1203
f 1933/1/1207 251/1/1208 247/1/1210
f 1932/1/1202 248/1/1209 252/1/1205
f 1933/1/1207 249/1/1211 1934/1/1212
f 1933/1/1207 250/1/1213 248/1/1209
f 1935/1/1214 249/1/1211 261/1/1216
f 1935/1/1214 250/1/1213 1934/1/1212
f 1935/1/1214 269/1/1217 1936/1/1218
f 1936/1/1218 262/1/1215 1935/1/1214
f 1937/1/1220 269/1/1217 271/1/1222
f 1937/1/1220 270/1/1219 1936/1/1218
f 1937/1/1220 273/1/1223 1938/1/1224
f 1938/1/1224 272/1/1221 1937/1/1220
f 1938/1/1224 265/1/1226 1939/1/1227
f 1938/1/1224 266/1/1228 274/1/1225
f 1940/1/1229 265/1/1226 257/1/1231
f 1939/1/1227 258/1/1230 266/1/1228
f 1940/1/1229 255/1/1232 1941/1/1233
f 1941/1/1233 258/1/1230 1940/1/1229
f 1941/1/1233 259/1/1235 1942/1/1236
f 1942/1/1236 256/1/1234 1941/1/1233
f 1942/1/1236 267/1/1238 1943/1/1239
f 1943/1/1239 260/1/1237 1942/1/1236
f 1944/1/1241 267/1/1238 279/1/1243
f 1944/1/1241 268/1/1240 1943/1/1239
f 1944/1/1241 277/1/1244 1945/1/1245
f 1945/1/1245 280/1/1242 1944/1/1241
f 1945/1/1245 275/1/1247 1946/1/1248
f 1945/1/1245 276/1/1249 278/1/1246
f 1947/1/1250 275/1/1247 263/1/1252
f 1946/1/1248 264/1/1251 276/1/1249
f 1947/1/1250 253/1/1204 1931/1/1203
f 1947/1/1250 254/1/1206 264/1/1251
f 1949/1/1253 1245/1/1258 1239/1/1254
f 1948/1/1255 1240/1/1264 1246/1/1256
f 1949/1/1253 1950/1/1259 1243/1/1257
f 1950/1/1259 1949/1/1253 1246/1/1256
f 1950/1/1259 1951/1/1262 1241/1/1261
f 1951/1/1262 1950/1/1259 1244/1/1260
f 1948/1/1255 1239/1/1254 1241/1/1261
f 1951/1/1262 1242/1/1263 1240/1/1264
f 1952/1/1265 1953/1/1268 689/1/1266
f 1953/1/1268 1952/1/1265 688/1/1269
f 1954/1/1271 683/1/1274 689/1/1266
f 1953/1/1268 690/1/1270 684/1/1272
f 1955/1/1273 685/1/1276 683/1/1274
f 1954/1/1271 684/1/1272 686/1/1275
f 1955/1/1273 1952/1/1265 687/1/1267
f 1952/1/1265 1955/1/1273 686/1/1275
f 1956/1/1277 1957/1/1281 605/1/1278
f 1956/1/1277 612/1/1294 606/1/1280
f 1957/1/1281 1958/1/1284 607/1/1282
f 1957/1/1281 606/1/1280 608/1/1283
f 1959/1/1285 609/1/1288 607/1/1282
f 1959/1/1285 1958/1/1284 608/1/1283
f 1959/1/1285 1960/1/1290 603/1/1287
f 1959/1/1285 610/1/1286 604/1/1289
f 1961/1/1291 613/1/1293 603/1/1287
f 1960/1/1290 604/1/1289 614/1/1292
f 1961/1/1291 1956/1/1277 611/1/1279
f 1961/1/1291 614/1/1292 612/1/1294
f 1963/1/1295 1213/1/1300 1209/1/1296
f 1962/1/1297 1210/1/1306 1214/1/1298
f 1963/1/1295 1964/1/1302 1211/1/1299
f 1963/1/1295 1214/1/1298 1212/1/1301
f 1964/1/1302 1965/1/1304 1207/1/1303
f 1965/1/1304 1964/1/1302 1212/1/1301
f 1965/1/1304 1962/1/1297 1209/1/1296
f 1965/1/1304 1208/1/1305 1210/1/1306
f 1967/1/1307 1283/1/1309 1285/1/1312
f 1966/1/1308 1286/1/1310 1284/1/1318
f 1968/1/1311 1285/1/1312 1279/1/1314
f 1967/1/1307 1280/1/1313 1286/1/1310
f 1968/1/1311 1281/1/1315 1969/1/1316
f 1969/1/1316 1280/1/1313 1968/1/1311
f 1969/1/1316 1283/1/1309 1966/1/1308
f 1966/1/1308 1282/1/1317 1969/1/1316
f 1971/1/1319 625/1/1325 621/1/1320
f 1971/1/1319 1970/1/1321 622/1/1322
f 1972/1/1324 623/1/1328 625/1/1325
f 1972/1/1324 1971/1/1319 626/1/1323
f 1972/1/1324 1973/1/1330 617/1/1327
f 1972/1/1324 624/1/1326 618/1/1329
f 1973/1/1330 1974/1/1333 627/1/1331
f 1973/1/1330 618/1/1329 628/1/1332
f 1975/1/1334 633/1/1337 627/1/1331
f 1975/1/1334 1974/1/1333 628/1/1332
f 1975/1/1334 1976/1/1339 629/1/1336
f 1975/1/1334 634/1/1335 630/1/1338
f 1977/1/1340 631/1/1343 629/1/1336
f 1977/1/1340 1976/1/1339 630/1/1338
f 1977/1/1340 1978/1/1345 619/1/1342
f 1977/1/1340 632/1/1341 620/1/1344
f 1979/1/1346 615/1/1348 619/1/1342
f 1979/1/1346 1978/1/1345 620/1/1344
f 1979/1/1346 1970/1/1321 621/1/1320
f 1970/1/1321 1979/1/1346 616/1/1347
f 1980/1/1349 1339/1/1351 1981/1/1352
f 1980/1/1349 1340/1/1353 1338/1/1360
f 1982/1/1354 1339/1/1351 1333/1/1357
f 1981/1/1352 1334/1/1355 1340/1/1353
f 1983/1/1356 1333/1/1357 1335/1/1359
f 1983/1/1356 1334/1/1355 1982/1/1354
f 1983/1/1356 1337/1/1350 1980/1/1349
f 1980/1/1349 1336/1/1358 1983/1/1356
f 1984/1/1361 21/1/1363 1985/1/1364
f 1985/1/1364 24/1/1366 1984/1/1361
f 1985/1/1364 15/1/961 1986/1/1367
f 1986/1/1367 22/1/1365 1985/1/1364
f 1987/1/1368 15/1/961 19/1/960
f 1986/1/1367 20/1/958 16/1/963
f 1984/1/1361 19/1/960 23/1/1362
f 1987/1/1368 24/1/1366 20/1/958
f 1988/1/1369 1989/1/1372 663/1/1370
f 1989/1/1372 1988/1/1369 656/1/1373
f 1989/1/1372 1990/1/1377 661/1/1375
f 1989/1/1372 664/1/1374 662/1/1376
f 1990/1/1377 1991/1/1380 657/1/1378
f 1990/1/1377 662/1/1376 658/1/1379
f 1992/1/1381 659/1/1383 657/1/1378
f 1992/1/1381 1991/1/1380 658/1/1379
f 1988/1/1369 655/1/1371 659/1/1383
f 1992/1/1381 660/1/1382 656/1/1373
f 1994/1/1384 667/1/1390 671/1/1385
f 1994/1/1384 1993/1/1386 672/1/1387
f 1995/1/1389 669/1/1393 667/1/1390
f 1995/1/1389 1994/1/1384 668/1/1388
f 1996/1/1392 665/1/1396 669/1/1393
f 1995/1/1389 670/1/1391 666/1/1394
f 1996/1/1392 1997/1/1397 673/1/1395
f 1997/1/1397 1996/1/1392 666/1/1394
f 1997/1/1397 1993/1/1386 671/1/1385
f 1997/1/1397 674/1/1398 672/1/1387
f 1999/1/1399 705/1/1404 699/1/1400
f 1998/1/1401 700/1/1410 706/1/1402
f 2000/1/1403 701/1/1407 705/1/1404
f 1999/1/1399 706/1/1402 702/1/1405
f 2001/1/1406 703/1/1409 701/1/1407
f 2000/1/1403 702/1/1405 704/1/1408
f 1998/1/1401 699/1/1400 703/1/1409
f 1998/1/1401 2001/1/1406 704/1/1408
f 2003/1/1411 145/1/609 149/1/1415
f 2002/1/1412 150/1/1413 146/1/607
f 2004/1/1414 149/1/1415 147/1/1417
f 2003/1/1411 148/1/1416 150/1/1413
f 2004/1/1414 143/1/611 2005/1/1418
f 2005/1/1418 148/1/1416 2004/1/1414
f 2002/1/1412 143/1/611 145/1/609
f 2005/1/1418 146/1/607 144/1/610
f 2007/1/1419 1419/1/736 1411/1/727
f 2007/1/1419 2006/1/1420 1412/1/737
f 2008/1/1421 1413/1/775 1419/1/736
f 2007/1/1419 1420/1/735 1414/1/785
f 2008/1/1421 2009/1/1422 1415/1/782
f 2008/1/1421 1414/1/785 1416/1/783
f 2006/1/1420 1411/1/727 1415/1/782
f 2006/1/1420 2009/1/1422 1416/1/783
f 2010/1/1423 2011/1/1426 707/1/1424
f 2010/1/1423 710/1/1436 708/1/795
f 2012/1/1427 711/1/1430 707/1/1424
f 2012/1/1427 2011/1/1426 708/1/795
f 2013/1/1429 713/1/1433 711/1/1430
f 2013/1/1429 2012/1/1427 712/1/1428
f 2014/1/1432 715/1/1435 713/1/1433
f 2013/1/1429 714/1/1431 716/1/1434
f 2014/1/1432 2010/1/1423 709/1/1425
f 2010/1/1423 2014/1/1432 716/1/1434
f 2015/1/1437 325/1/1439 2016/1/771
f 2016/1/771 324/1/1441 2015/1/1437
f 2017/1/1442 325/1/1439 319/1/1445
f 2016/1/771 320/1/1443 326/1/1440
f 2018/1/1444 319/1/1445 321/1/191
f 2017/1/1442 322/1/1446 320/1/1443
f 2018/1/1444 323/1/1438 2015/1/1437
f 2015/1/1437 322/1/1446 2018/1/1444
f 2020/1/1447 721/1/1453 717/1/1448
f 2020/1/1447 2019/1/1449 718/1/1450
f 2021/1/1452 725/1/1456 721/1/1453
f 2020/1/1447 722/1/1451 726/1/1454
f 2021/1/1452 2022/1/1457 723/1/1455
f 2022/1/1457 2021/1/1452 726/1/1454
f 2022/1/1457 2023/1/1461 719/1/1459
f 2022/1/1457 724/1/1458 720/1/1460
f 2023/1/1461 2019/1/1449 717/1/1448
f 2023/1/1461 720/1/1460 718/1/1450
f 2025/1/1462 735/1/1467 727/1/1463
f 2024/1/1464 728/1/1475 736/1/1465
f 2025/1/1462 2026/1/1469 733/1/1466
f 2025/1/1462 736/1/1465 734/1/1468
f 2026/1/1469 2027/1/1471 729/1/1378
f 2026/1/1469 734/1/1468 730/1/1470
f 2028/1/1472 731/1/1474 729/1/1378
f 2028/1/1472 2027/1/1471 730/1/1470
f 2024/1/1464 727/1/1463 731/1/1474
f 2028/1/1472 732/1/1473 728/1/1475
f 2030/1/1476 739/1/1482 743/1/1477
f 2030/1/1476 2029/1/1478 744/1/1479
f 2031/1/1481 741/1/1485 739/1/1482
f 2031/1/1481 2030/1/1476 740/1/1480
f 2031/1/1481 2032/1/1486 737/1/1484
f 2032/1/1486 2031/1/1481 742/1/1483
f 2032/1/1486 2033/1/1489 745/1/1488
f 2033/1/1489 2032/1/1486 738/1/1487
f 2033/1/1489 2029/1/1478 743/1/1477
f 2033/1/1489 746/1/1490 744/1/1479
f 2034/1/1491 2035/1/1492 361/1/69
f 2035/1/1492 2034/1/1491 356/1/70
f 2035/1/1492 2036/1/1494 357/1/1493
f 2036/1/1494 2035/1/1492 362/1/67
f 2037/1/1496 359/1/1498 357/1/1493
f 2036/1/1494 358/1/1495 360/1/1497
f 2034/1/1491 355/1/71 359/1/1498
f 2037/1/1496 360/1/1497 356/1/70
f 2039/1/37 199/1/1500 205/1/1503
f 2038/1/1499 206/1/1501 200/1/1509
f 2040/1/1502 205/1/1503 201/1/1505
f 2039/1/37 202/1/1504 206/1/1501
f 2040/1/1502 203/1/1506 2041/1/1507
f 2041/1/1507 202/1/1504 2040/1/1502
f 2041/1/1507 199/1/1500 2038/1/1499
f 2038/1/1499 204/1/1508 2041/1/1507
f 2043/1/1510 825/1/1516 821/1/1511
f 2043/1/1510 2042/1/1512 822/1/1513
f 2044/1/1515 823/1/1519 825/1/1516
f 2043/1/1510 826/1/1514 824/1/1517
f 2044/1/1515 2045/1/1520 819/1/1518
f 2045/1/1520 2044/1/1515 824/1/1517
f 2045/1/1520 2046/1/1524 827/1/1522
f 2045/1/1520 820/1/1521 828/1/1523
f 2042/1/1512 821/1/1511 827/1/1522
f 2042/1/1512 2046/1/1524 828/1/1523
f 2048/1/1525 787/1/1530 779/1/1526
f 2047/1/1527 780/1/1536 788/1/1528
f 2049/1/1529 783/1/1533 787/1/1530
f 2048/1/1525 788/1/1528 784/1/1531
f 2049/1/1529 2050/1/1534 775/1/1532
f 2050/1/1534 2049/1/1529 784/1/1531
f 2050/1/1534 2047/1/1527 779/1/1526
f 2047/1/1527 2050/1/1534 776/1/1535
f 2051/1/1537 2052/1/1538 771/1/211
f 2052/1/1538 2051/1/1537 774/1/216
f 2052/1/1538 2053/1/1540 767/1/1539
f 2053/1/1540 2052/1/1538 772/1/214
f 2054/1/1542 769/1/1544 767/1/1539
f 2053/1/1540 768/1/1541 770/1/1543
f 2051/1/1537 773/1/217 769/1/1544
f 2054/1/1542 770/1/1543 774/1/216
f 2055/1/1545 2056/1/1546 785/1/393
f 2056/1/1546 2055/1/1545 790/1/397
f 2056/1/1546 2057/1/1547 777/1/212
f 2057/1/1547 2056/1/1546 786/1/395
f 2058/1/1548 781/1/208 777/1/212
f 2057/1/1547 778/1/210 782/1/218
f 2055/1/1545 789/1/398 781/1/208
f 2058/1/1548 782/1/218 790/1/397
f 2059/1/1549 185/1/75 2060/1/1551
f 2060/1/1551 182/1/1552 2059/1/1549
f 2061/1/1553 185/1/75 183/1/81
f 2060/1/1551 184/1/83 186/1/84
f 2062/1/1554 183/1/81 179/1/1556
f 2061/1/1553 180/1/1555 184/1/83
f 2062/1/1554 181/1/1550 2059/1/1549
f 2059/1/1549 180/1/1555 2062/1/1554
f 2063/1/1557 2064/1/1560 413/1/1558
f 2064/1/1560 2063/1/1557 412/1/1561
f 2065/1/1563 407/1/1566 413/1/1558
f 2064/1/1560 414/1/1562 408/1/1564
f 2066/1/1565 409/1/1568 407/1/1566
f 2065/1/1563 408/1/1564 410/1/1567
f 2066/1/1565 2063/1/1557 411/1/1559
f 2063/1/1557 2066/1/1565 410/1/1567
f 2068/1/1569 791/1/17 795/1/21
f 2067/1/1570 796/1/23 792/1/20
f 2068/1/1569 2069/1/1571 783/1/1533
f 2069/1/1571 2068/1/1569 792/1/20
f 2069/1/1571 2070/1/1572 787/1/1530
f 2070/1/1572 2069/1/1571 784/1/1531
f 2067/1/1570 795/1/21 787/1/1530
f 2070/1/1572 788/1/1528 796/1/23
f 2071/1/1573 83/1/1575 2072/1/1576
f 2071/1/1573 84/1/1577 80/1/1580
f 2072/1/1576 71/1/1131 2073/1/1578
f 2073/1/1578 84/1/1577 2072/1/1576
f 2074/1/1579 71/1/1131 75/1/1128
f 2074/1/1579 72/1/1133 2073/1/1578
f 2074/1/1579 79/1/1574 2071/1/1573
f 2074/1/1579 80/1/1580 76/1/1130
f 2075/1/1581 2076/1/1585 759/1/1582
f 2075/1/1581 764/1/1594 760/1/1584
f 2076/1/1585 2077/1/1588 757/1/1586
f 2076/1/1585 760/1/1584 758/1/1587
f 2078/1/1589 761/1/1592 757/1/1586
f 2078/1/1589 2077/1/1588 758/1/1587
f 2079/1/1591 765/1/1456 761/1/1592
f 2078/1/1589 762/1/1590 766/1/1593
f 2079/1/1591 2075/1/1581 763/1/1583
f 2075/1/1581 2079/1/1591 766/1/1593
f 2081/1/1595 419/1/1600 421/1/1596
f 2080/1/1597 422/1/1606 420/1/1598
f 2081/1/1595 2082/1/1601 415/1/1599
f 2082/1/1601 2081/1/1595 420/1/1598
f 2082/1/1601 2083/1/1604 417/1/1603
f 2083/1/1604 2082/1/1601 416/1/1602
f 2080/1/1597 421/1/1596 417/1/1603
f 2083/1/1604 418/1/1605 422/1/1606
f 2085/1/1607 373/1/1612 367/1/1608
f 2084/1/1609 368/1/1618 374/1/1610
f 2086/1/1611 371/1/1615 373/1/1612
f 2085/1/1607 374/1/1610 372/1/1613
f 2086/1/1611 2087/1/1616 369/1/1614
f 2087/1/1616 2086/1/1611 372/1/1613
f 2087/1/1616 2084/1/1609 367/1/1608
f 2084/1/1609 2087/1/1616 370/1/1617
f 2089/1/1619 369/1/1614 367/1/1608
f 2088/1/1620 368/1/1618 370/1/1617
f 2090/1/1621 359/1/1498 369/1/1614
f 2089/1/1619 370/1/1617 360/1/1497
f 2090/1/1621 2091/1/1622 357/1/1493
f 2091/1/1622 2090/1/1621 360/1/1497
f 2091/1/1622 2088/1/1620 367/1/1608
f 2088/1/1620 2091/1/1622 358/1/1495
f 2093/1/1623 381/1/921 385/1/1626
f 2093/1/1623 382/1/923 2092/1/1624
f 2093/1/1623 383/1/1627 2094/1/1628
f 2093/1/1623 384/1/1629 386/1/1625
f 2095/1/1630 383/1/1627 375/1/925
f 2095/1/1630 384/1/1629 2094/1/1628
f 2095/1/1630 381/1/921 2092/1/1624
f 2095/1/1630 382/1/923 376/1/927
f 2096/1/1631 2097/1/1635 853/1/1632
f 2096/1/1631 848/1/1642 854/1/1634
f 2097/1/1635 2098/1/1637 849/1/1636
f 2098/1/1637 2097/1/1635 854/1/1634
f 2099/1/1639 851/1/1641 849/1/1636
f 2099/1/1639 2098/1/1637 850/1/1638
f 2096/1/1631 847/1/1633 851/1/1641
f 2099/1/1639 852/1/1640 848/1/1642
f 2101/1/1643 897/1/503 895/1/494
f 2100/1/1644 896/1/496 898/1/502
f 2101/1/1643 2102/1/1646 893/1/1645
f 2102/1/1646 2101/1/1643 898/1/502
f 2103/1/1648 887/1/1650 893/1/1645
f 2102/1/1646 894/1/1647 888/1/1649
f 2100/1/1644 895/1/494 887/1/1650
f 2103/1/1648 888/1/1649 896/1/496
f 2104/1/1651 2105/1/1653 309/1/635
f 2104/1/1651 316/1/1663 310/1/633
f 2106/1/1654 301/1/632 309/1/635
f 2106/1/1654 2105/1/1653 310/1/633
f 2106/1/1654 2107/1/1657 313/1/1655
f 2106/1/1654 302/1/630 314/1/1656
f 2108/1/1658 303/1/658 313/1/1655
f 2108/1/1658 2107/1/1657 314/1/1656
f 2108/1/1658 2109/1/1659 311/1/659
f 2108/1/1658 304/1/660 312/1/657
f 2110/1/1660 317/1/1662 311/1/659
f 2110/1/1660 2109/1/1659 312/1/657
f 2110/1/1660 2104/1/1651 315/1/1652
f 2104/1/1651 2110/1/1660 318/1/1661
f 2112/1/1664 403/1/1666 405/1/1669
f 2112/1/1664 404/1/1668 2111/1/1665
f 2112/1/1664 401/1/972 2113/1/1670
f 2113/1/1670 406/1/1667 2112/1/1664
f 2114/1/1671 401/1/972 399/1/969
f 2114/1/1671 402/1/970 2113/1/1670
f 2111/1/1665 399/1/969 403/1/1666
f 2114/1/1671 404/1/1668 400/1/971
f 2116/1/1672 481/1/537 485/1/534
f 2115/1/1673 486/1/536 482/1/539
f 2117/1/1674 485/1/534 477/1/1677
f 2116/1/1672 478/1/1675 486/1/536
f 2118/1/1676 477/1/1677 473/1/1679
f 2117/1/1674 474/1/1678 478/1/1675
f 2118/1/1676 481/1/537 2115/1/1673
f 2115/1/1673 474/1/1678 2118/1/1676
f 2120/1/1680 385/1/1626 389/1/1683
f 2119/1/1681 390/1/1682 386/1/1625
f 2120/1/1680 387/1/1684 2121/1/1685
f 2120/1/1680 388/1/1686 390/1/1682
f 2121/1/1685 383/1/1627 2122/1/1687
f 2122/1/1687 388/1/1686 2121/1/1685
f 2122/1/1687 385/1/1626 2119/1/1681
f 2122/1/1687 386/1/1625 384/1/1629
f 2123/1/1688 2124/1/1691 891/1/1689
f 2124/1/1691 2123/1/1688 890/1/1692
f 2124/1/1691 2125/1/1695 885/1/1694
f 2125/1/1695 2124/1/1691 892/1/1693
f 2126/1/1697 883/1/1699 885/1/1694
f 2125/1/1695 886/1/1696 884/1/1698
f 2123/1/1688 889/1/1690 883/1/1699
f 2126/1/1697 884/1/1698 890/1/1692
f 2127/1/1700 181/1/1550 2128/1/1702
f 2128/1/1702 178/1/1703 2127/1/1700
f 2129/1/1704 181/1/1550 179/1/1556
f 2128/1/1702 180/1/1555 182/1/1552
f 2130/1/1705 179/1/1556 175/1/1707
f 2129/1/1704 176/1/1706 180/1/1555
f 2130/1/1705 177/1/1701 2127/1/1700
f 2127/1/1700 176/1/1706 2130/1/1705
f 2131/1/1708 477/1/1677 2132/1/1709
f 2132/1/1709 474/1/1678 2131/1/1708
f 2133/1/1710 477/1/1677 469/1/93
f 2132/1/1709 470/1/95 478/1/1675
f 2134/1/1711 469/1/93 467/1/90
f 2133/1/1710 468/1/92 470/1/95
f 2134/1/1711 473/1/1679 2131/1/1708
f 2131/1/1708 468/1/92 2134/1/1711
f 2136/1/1712 1313/1/1718 1305/1/1713
f 2136/1/1712 2135/1/1714 1306/1/1715
f 2136/1/1712 2137/1/1720 1309/1/1717
f 2136/1/1712 1314/1/1716 1310/1/1719
f 2137/1/1720 2138/1/1723 1295/1/1721
f 2137/1/1720 1310/1/1719 1296/1/1722
f 2139/1/1724 1303/1/1726 1295/1/1721
f 2139/1/1724 2138/1/1723 1296/1/1722
f 2139/1/1724 2135/1/1714 1305/1/1713
f 2139/1/1724 1304/1/1725 1306/1/1715
f 2140/1/1727 2141/1/1728 877/1/912
f 2141/1/1728 2140/1/1727 870/1/913
f 2141/1/1728 2142/1/1730 865/1/1729
f 2142/1/1730 2141/1/1728 878/1/910
f 2143/1/1732 863/1/1734 865/1/1729
f 2142/1/1730 866/1/1731 864/1/1733
f 2140/1/1727 869/1/915 863/1/1734
f 2143/1/1732 864/1/1733 870/1/913
f 2144/1/1735 929/1/29 2145/1/1736
f 2145/1/1736 932/1/471 2144/1/1735
f 2145/1/1736 933/1/27 2146/1/1737
f 2146/1/1737 930/1/28 2145/1/1736
f 2147/1/1738 933/1/27 927/1/475
f 2146/1/1737 928/1/474 934/1/36
f 2144/1/1735 927/1/475 931/1/473
f 2147/1/1738 932/1/471 928/1/474
f 2149/1/1739 907/1/717 915/1/1743
f 2148/1/1740 916/1/1741 908/1/716
f 2150/1/1742 915/1/1743 911/1/1745
f 2149/1/1739 912/1/1744 916/1/1741
f 2150/1/1742 903/1/711 2151/1/1746
f 2151/1/1746 912/1/1744 2150/1/1742
f 2148/1/1740 903/1/711 907/1/717
f 2151/1/1746 908/1/716 904/1/713
f 2153/1/1747 441/1/992 435/1/1056
f 2152/1/1748 436/1/1055 442/1/990
f 2153/1/1747 2154/1/1749 439/1/988
f 2154/1/1749 2153/1/1747 442/1/990
f 2154/1/1749 2155/1/1750 431/1/1047
f 2155/1/1750 2154/1/1749 440/1/998
f 2152/1/1748 435/1/1056 431/1/1047
f 2155/1/1750 432/1/1049 436/1/1055
f 2156/1/1751 231/1/1753 2157/1/1754
f 2157/1/1754 234/1/1756 2156/1/1751
f 2157/1/1754 229/1/1757 2158/1/1758
f 2158/1/1758 232/1/1755 2157/1/1754
f 2159/1/1760 229/1/1757 223/1/1762
f 2158/1/1758 224/1/1761 230/1/1759
f 2156/1/1751 223/1/1762 233/1/1752
f 2159/1/1760 234/1/1756 224/1/1761
f 2160/1/1763 2161/1/1766 465/1/1764
f 2161/1/1766 2160/1/1763 460/1/1767
f 2162/1/1769 461/1/1772 465/1/1764
f 2161/1/1766 466/1/1768 462/1/1770
f 2163/1/1771 463/1/1774 461/1/1772
f 2162/1/1769 462/1/1770 464/1/1773
f 2160/1/1763 459/1/1765 463/1/1774
f 2163/1/1771 464/1/1773 460/1/1767
f 2165/1/1775 961/1/1026 969/1/1779
f 2164/1/1776 970/1/1777 962/1/1028
f 2166/1/1778 969/1/1779 965/1/1782
f 2166/1/1778 970/1/1777 2165/1/1775
f 2167/1/1781 965/1/1782 959/1/1032
f 2166/1/1778 960/1/1030 966/1/1780
f 2167/1/1781 961/1/1026 2164/1/1776
f 2164/1/1776 960/1/1030 2167/1/1781
f 2169/1/1783 937/1/1788 943/1/1784
f 2168/1/1785 944/1/1797 938/1/1786
f 2170/1/1787 941/1/1791 937/1/1788
f 2169/1/1783 938/1/1786 942/1/1789
f 2170/1/1787 2171/1/1793 939/1/1790
f 2170/1/1787 942/1/1789 940/1/1792
f 2172/1/1794 935/1/1796 939/1/1790
f 2172/1/1794 2171/1/1793 940/1/1792
f 2168/1/1785 943/1/1784 935/1/1796
f 2168/1/1785 2172/1/1794 936/1/1795
f 2173/1/1798 2174/1/1801 953/1/1799
f 2174/1/1801 2173/1/1798 948/1/1802
f 2174/1/1801 2175/1/1806 951/1/1804
f 2174/1/1801 954/1/1803 952/1/1805
f 2175/1/1806 2176/1/1386 949/1/1807
f 2175/1/1806 952/1/1805 950/1/1808
f 2177/1/1809 945/1/1811 949/1/1807
f 2177/1/1809 2176/1/1386 950/1/1808
f 2177/1/1809 2173/1/1798 947/1/1800
f 2173/1/1798 2177/1/1809 946/1/1810
f 2178/1/1812 2179/1/1814 453/1/1813
f 2179/1/1814 2178/1/1812 450/1/1017
f 2179/1/1814 2180/1/1817 451/1/1816
f 2180/1/1817 2179/1/1814 454/1/1815
f 2181/1/1819 447/1/1012 451/1/1816
f 2180/1/1817 452/1/1818 448/1/1018
f 2178/1/1812 449/1/1015 447/1/1012
f 2181/1/1819 448/1/1018 450/1/1017
f 2183/1/1820 915/1/1743 923/1/470
f 2182/1/1821 924/1/479 916/1/1741
f 2183/1/1820 919/1/476 2184/1/1822
f 2184/1/1822 924/1/479 2183/1/1820
f 2184/1/1822 911/1/1745 2185/1/1823
f 2185/1/1823 920/1/478 2184/1/1822
f 2182/1/1821 911/1/1745 915/1/1743
f 2185/1/1823 916/1/1741 912/1/1744
f 2187/1/1824 917/1/155 925/1/35
f 2186/1/1825 926/1/34 918/1/153
f 2188/1/1826 925/1/35 921/1/30
f 2187/1/1824 922/1/32 926/1/34
f 2188/1/1826 913/1/157 2189/1/1827
f 2189/1/1827 922/1/32 2188/1/1826
f 2189/1/1827 917/1/155 2186/1/1825
f 2186/1/1825 914/1/156 2189/1/1827
f 2190/1/1828 237/1/1830 2191/1/1831
f 2191/1/1831 236/1/1833 2190/1/1828
f 2191/1/1831 231/1/1753 2192/1/1834
f 2192/1/1834 238/1/1832 2191/1/1831
f 2193/1/1835 231/1/1753 233/1/1752
f 2192/1/1834 234/1/1756 232/1/1755
f 2190/1/1828 233/1/1752 235/1/1829
f 2193/1/1835 236/1/1833 234/1/1756
f 2194/1/1836 229/1/1757 2195/1/1837
f 2195/1/1837 224/1/1761 2194/1/1836
f 2196/1/1838 229/1/1757 225/1/1841
f 2195/1/1837 226/1/1839 230/1/1759
f 2197/1/1840 225/1/1841 227/1/1843
f 2196/1/1838 228/1/1842 226/1/1839
f 2197/1/1840 223/1/1762 2194/1/1836
f 2194/1/1836 228/1/1842 2197/1/1840
f 2198/1/1844 2199/1/1846 995/1/1004
f 2199/1/1846 2198/1/1844 1002/1/1847
f 2199/1/1846 2200/1/1848 997/1/1000
f 2200/1/1848 2199/1/1846 996/1/1002
f 2201/1/1849 999/1/1851 997/1/1000
f 2200/1/1848 998/1/1010 1000/1/1850
f 2201/1/1849 2198/1/1844 1001/1/1845
f 2198/1/1844 2201/1/1849 1000/1/1850
f 2202/1/1852 217/1/1854 2203/1/1855
f 2203/1/1855 216/1/1857 2202/1/1852
f 2203/1/1855 211/1/590 2204/1/1858
f 2204/1/1858 218/1/1856 2203/1/1855
f 2205/1/1859 211/1/590 209/1/596
f 2204/1/1858 210/1/598 212/1/599
f 2202/1/1852 209/1/596 215/1/1853
f 2205/1/1859 216/1/1857 210/1/598
f 2207/1/1860 969/1/1779 977/1/521
f 2206/1/1861 978/1/523 970/1/1777
f 2208/1/1862 977/1/521 973/1/520
f 2207/1/1860 974/1/519 978/1/523
f 2208/1/1862 965/1/1782 2209/1/1863
f 2209/1/1863 974/1/519 2208/1/1862
f 2206/1/1861 965/1/1782 969/1/1779
f 2209/1/1863 970/1/1777 966/1/1780
f 2211/1/1864 993/1/1007 989/1/482
f 2210/1/1865 990/1/484 994/1/1008
f 2211/1/1864 2212/1/1866 991/1/1003
f 2212/1/1866 2211/1/1864 994/1/1008
f 2212/1/1866 2213/1/1867 987/1/481
f 2213/1/1867 2212/1/1866 992/1/1006
f 2210/1/1865 989/1/482 987/1/481
f 2213/1/1867 988/1/485 990/1/484
f 2214/1/1868 975/1/518 2215/1/1869
f 2214/1/1868 976/1/527 968/1/384
f 2216/1/1870 975/1/518 971/1/524
f 2216/1/1870 976/1/527 2215/1/1869
f 2217/1/1871 971/1/524 963/1/381
f 2216/1/1870 964/1/383 972/1/526
f 2214/1/1868 963/1/381 967/1/380
f 2217/1/1871 968/1/384 964/1/383
f 2218/1/1872 2219/1/1464 1005/1/1873
f 2219/1/1464 2218/1/1872 1012/1/1875
f 2219/1/1464 2220/1/1878 1009/1/1877
f 2220/1/1878 2219/1/1464 1006/1/1876
f 2220/1/1878 2221/1/1882 1007/1/1880
f 2220/1/1878 1010/1/1879 1008/1/1881
f 2222/1/1883 1003/1/1885 1007/1/1880
f 2222/1/1883 2221/1/1882 1008/1/1881
f 2218/1/1872 1011/1/1874 1003/1/1885
f 2218/1/1872 2222/1/1883 1004/1/1884
f 2224/1/1886 1021/1/1891 1015/1/1887
f 2223/1/1888 1016/1/1900 1022/1/1889
f 2224/1/1886 2225/1/1893 1019/1/1890
f 2224/1/1886 1022/1/1889 1020/1/1892
f 2225/1/1893 2226/1/1896 1017/1/1894
f 2225/1/1893 1020/1/1892 1018/1/1895
f 2227/1/1897 1013/1/1899 1017/1/1894
f 2227/1/1897 2226/1/1896 1018/1/1895
f 2223/1/1888 1015/1/1887 1013/1/1899
f 2227/1/1897 1014/1/1898 1016/1/1900
f 2229/1/1901 1069/1/1905 1063/1/1902
f 2229/1/1901 2228/1/458 1064/1/459
f 2229/1/1901 2230/1/464 1065/1/1904
f 2229/1/1901 1070/1/1903 1066/1/1906
f 2231/1/1907 1067/1/1909 1065/1/1904
f 2231/1/1907 2230/1/464 1066/1/1906
f 2231/1/1907 2228/1/458 1063/1/1902
f 2231/1/1907 1068/1/1908 1064/1/459
f 2233/1/1910 1053/1/1915 1051/1/1911
f 2232/1/1912 1052/1/1920 1054/1/1913
f 2234/1/1914 1047/1/1917 1053/1/1915
f 2233/1/1910 1054/1/1913 1048/1/1916
f 2234/1/1914 2235/1/1918 1049/1/56
f 2235/1/1918 2234/1/1914 1048/1/1916
f 2235/1/1918 2232/1/1912 1051/1/1911
f 2232/1/1912 2235/1/1918 1050/1/1919
f 2237/1/1921 1123/1/1926 1115/1/1922
f 2236/1/1923 1116/1/1932 1124/1/1924
f 2237/1/1921 2238/1/1927 1119/1/1925
f 2238/1/1927 2237/1/1921 1124/1/1924
f 2238/1/1927 2239/1/1930 1111/1/1929
f 2239/1/1930 2238/1/1927 1120/1/1928
f 2236/1/1923 1115/1/1922 1111/1/1929
f 2239/1/1930 1112/1/1931 1116/1/1932
f 2240/1/1933 1149/1/1935 2241/1/1936
f 2241/1/1936 1152/1/1938 2240/1/1933
f 2241/1/1936 1145/1/1939 2242/1/1940
f 2242/1/1940 1150/1/1937 2241/1/1936
f 2243/1/1942 1145/1/1939 1143/1/1944
f 2242/1/1940 1144/1/1943 1146/1/1941
f 2240/1/1933 1143/1/1944 1151/1/1934
f 2243/1/1942 1152/1/1938 1144/1/1943
f 2244/1/1945 2245/1/1948 1077/1/1946
f 2245/1/1948 2244/1/1945 1080/1/1949
f 2245/1/1948 2246/1/1953 1073/1/1951
f 2245/1/1948 1078/1/1950 1074/1/1952
f 2246/1/1953 2247/1/1956 1071/1/1954
f 2246/1/1953 1074/1/1952 1072/1/1955
f 2248/1/1957 1075/1/1959 1071/1/1954
f 2248/1/1957 2247/1/1956 1072/1/1955
f 2244/1/1945 1079/1/1947 1075/1/1959
f 2248/1/1957 1076/1/1958 1080/1/1949
f 2249/1/1960 2250/1/1964 1083/1/1961
f 2249/1/1960 1082/1/1436 1084/1/1963
f 2251/1/1965 1085/1/1968 1083/1/1961
f 2251/1/1965 2250/1/1964 1084/1/1963
f 2252/1/1967 1087/1/1971 1085/1/1968
f 2252/1/1967 2251/1/1965 1086/1/1966
f 2253/1/1970 1089/1/1973 1087/1/1971
f 2252/1/1967 1088/1/1969 1090/1/1972
f 2253/1/1970 2249/1/1960 1081/1/1962
f 2249/1/1960 2253/1/1970 1090/1/1972
f 2254/1/1974 2255/1/1977 1097/1/1975
f 2255/1/1977 2254/1/1974 1100/1/1949
f 2255/1/1977 2256/1/1980 1093/1/1979
f 2255/1/1977 1098/1/1978 1094/1/1584
f 2256/1/1980 2257/1/1983 1091/1/1981
f 2256/1/1980 1094/1/1584 1092/1/1982
f 2258/1/1984 1095/1/1986 1091/1/1981
f 2258/1/1984 2257/1/1983 1092/1/1982
f 2254/1/1974 1099/1/1976 1095/1/1986
f 2258/1/1984 1096/1/1985 1100/1/1949
f 2260/1/1987 499/1/1108 501/1/1103
f 2259/1/1988 502/1/1105 500/1/1107
f 2260/1/1987 497/1/530 2261/1/1989
f 2261/1/1989 502/1/1105 2260/1/1987
f 2262/1/1990 497/1/530 489/1/529
f 2261/1/1989 490/1/533 498/1/532
f 2259/1/1988 489/1/529 499/1/1108
f 2262/1/1990 500/1/1107 490/1/533
f 2264/1/1991 1109/1/1996 1107/1/1992
f 2263/1/1993 1108/1/2002 1110/1/1994
f 2264/1/1991 2265/1/792 1101/1/1995
f 2265/1/792 2264/1/1991 1110/1/1994
f 2265/1/792 2266/1/1426 1103/1/1997
f 2265/1/792 1102/1/1436 1104/1/1998
f 2267/1/1999 1105/1/2001 1103/1/1997
f 2267/1/1999 2266/1/1426 1104/1/1998
f 2263/1/1993 1107/1/1992 1105/1/2001
f 2263/1/1993 2267/1/1999 1106/1/2000
f 2269/1/2003 1121/1/1075 1125/1/1078
f 2268/1/2004 1126/1/1080 1122/1/1077
f 2269/1/2003 2270/1/2006 1113/1/2005
f 2270/1/2006 2269/1/2003 1122/1/1077
f 2270/1/2006 2271/1/2009 1117/1/2008
f 2271/1/2009 2270/1/2006 1114/1/2007
f 2268/1/2004 1125/1/1078 1117/1/2008
f 2271/1/2009 1118/1/2010 1126/1/1080
f 2272/1/2011 1157/1/2013 2273/1/2014
f 2273/1/2014 1154/1/2016 2272/1/2011
f 2274/1/2017 1157/1/2013 1155/1/2020
f 2273/1/2014 1156/1/2018 1158/1/2015
f 2275/1/2019 1155/1/2020 1147/1/2022
f 2274/1/2017 1148/1/2021 1156/1/2018
f 2275/1/2019 1153/1/2012 2272/1/2011
f 2272/1/2011 1148/1/2021 2275/1/2019
f 2276/1/2023 2277/1/2024 1117/1/2008
f 2277/1/2024 2276/1/2023 1112/1/1931
f 2278/1/2025 1113/1/2005 1117/1/2008
f 2277/1/2024 1118/1/2010 1114/1/2007
f 2279/1/2026 1115/1/1922 1113/1/2005
f 2278/1/2025 1114/1/2007 1116/1/1932
f 2279/1/2026 2276/1/2023 1111/1/1929
f 2276/1/2023 2279/1/2026 1116/1/1932
f 2281/1/2027 1131/1/932 1123/1/1926
f 2280/1/2028 1124/1/1924 1132/1/942
f 2281/1/2027 2282/1/2029 1127/1/939
f 2282/1/2029 2281/1/2027 1132/1/942
f 2282/1/2029 2283/1/2030 1119/1/1925
f 2283/1/2030 2282/1/2029 1128/1/941
f 2280/1/2028 1123/1/1926 1119/1/1925
f 2283/1/2030 1120/1/1928 1124/1/1924
f 2285/1/2031 893/1/1645 887/1/1650
f 2284/1/2032 888/1/1649 894/1/1647
f 2285/1/2031 2286/1/2033 883/1/1699
f 2286/1/2033 2285/1/2031 894/1/1647
f 2286/1/2033 2287/1/2034 885/1/1694
f 2287/1/2034 2286/1/2033 884/1/1698
f 2284/1/2032 887/1/1650 885/1/1694
f 2287/1/2034 886/1/1696 888/1/1649
f 2288/1/2035 2289/1/2037 457/1/2036
f 2289/1/2037 2288/1/2035 454/1/1815
f 2289/1/2037 2290/1/2040 455/1/2039
f 2290/1/2040 2289/1/2037 458/1/2038
f 2291/1/2042 451/1/1816 455/1/2039
f 2290/1/2040 456/1/2041 452/1/1818
f 2288/1/2035 453/1/1813 451/1/1816
f 2291/1/2042 452/1/1818 454/1/1815
f 2292/1/2043 2293/1/2044 105/1/1020
f 2293/1/2044 2292/1/2043 102/1/984
f 2293/1/2044 2294/1/2045 103/1/265
f 2294/1/2045 2293/1/2044 106/1/1022
f 2295/1/2046 89/1/260 103/1/265
f 2294/1/2045 104/1/263 90/1/262
f 2292/1/2043 101/1/980 89/1/260
f 2295/1/2046 90/1/262 102/1/984
f 2297/1/2047 871/1/947 867/1/951
f 2296/1/2048 868/1/953 872/1/950
f 2298/1/2049 863/1/1734 871/1/947
f 2297/1/2047 872/1/950 864/1/1733
f 2299/1/2050 865/1/1729 863/1/1734
f 2298/1/2049 864/1/1733 866/1/1731
f 2299/1/2050 2296/1/2048 867/1/951
f 2296/1/2048 2299/1/2050 866/1/1731
f 2300/1/2051 509/1/2052 2301/1/2053
f 2301/1/2053 504/1/1102 2300/1/2051
f 2301/1/2053 507/1/2055 2302/1/2056
f 2302/1/2056 510/1/2054 2301/1/2053
f 2303/1/2058 507/1/2055 505/1/1099
f 2302/1/2056 506/1/1101 508/1/2057
f 2300/1/2051 505/1/1099 503/1/1098
f 2303/1/2058 504/1/1102 506/1/1101
f 2304/1/2059 2305/1/2060 1137/1/889
f 2305/1/2060 2304/1/2059 1140/1/934
f 2305/1/2060 2306/1/2061 1141/1/886
f 2306/1/2061 2305/1/2060 1138/1/887
f 2307/1/2062 1135/1/935 1141/1/886
f 2306/1/2061 1142/1/884 1136/1/938
f 2304/1/2059 1139/1/936 1135/1/935
f 2307/1/2062 1136/1/938 1140/1/934
f 2308/1/2063 1185/1/569 2309/1/2064
f 2309/1/2064 1190/1/574 2308/1/2063
f 2310/1/2065 1185/1/569 1177/1/2067
f 2309/1/2064 1178/1/2066 1186/1/571
f 2310/1/2065 1181/1/2068 2311/1/2069
f 2310/1/2065 1182/1/2070 1178/1/2066
f 2311/1/2069 1189/1/572 2308/1/2063
f 2308/1/2063 1182/1/2070 2311/1/2069
f 2313/1/2071 1157/1/2013 1161/1/578
f 2312/1/2072 1162/1/587 1158/1/2015
f 2314/1/2073 1161/1/578 1159/1/584
f 2313/1/2071 1160/1/586 1162/1/587
f 2314/1/2073 1155/1/2020 2315/1/2074
f 2315/1/2074 1160/1/586 2314/1/2073
f 2315/1/2074 1157/1/2013 2312/1/2072
f 2312/1/2072 1156/1/2018 2315/1/2074
f 2317/1/2075 1167/1/99 1181/1/2068
f 2316/1/2076 1182/1/2070 1168/1/101
f 2318/1/2077 1181/1/2068 1177/1/2067
f 2317/1/2075 1178/1/2066 1182/1/2070
f 2318/1/2077 1173/1/102 2319/1/2078
f 2318/1/2077 1174/1/100 1178/1/2066
f 2316/1/2076 1173/1/102 1167/1/99
f 2319/1/2078 1168/1/101 1174/1/100
f 2321/1/2079 1175/1/542 1179/1/550
f 2321/1/2079 1176/1/551 2320/1/2080
f 2321/1/2079 1171/1/108 2322/1/2081
f 2322/1/2081 1180/1/549 2321/1/2079
f 2323/1/2082 1171/1/108 1169/1/103
f 2323/1/2082 1172/1/107 2322/1/2081
f 2320/1/2080 1169/1/103 1175/1/542
f 2323/1/2082 1176/1/551 1170/1/105
f 2325/1/2083 1209/1/1296 1205/1/2084
f 2325/1/2083 2324/1/2085 1206/1/2086
f 2325/1/2083 2326/1/2087 1207/1/1303
f 2325/1/2083 1210/1/1306 1208/1/1305
f 2327/1/2088 1199/1/2090 1207/1/1303
f 2327/1/2088 2326/1/2087 1208/1/1305
f 2327/1/2088 2324/1/2085 1205/1/2084
f 2327/1/2088 1200/1/2089 1206/1/2086
f 2329/1/2091 1257/1/2095 1247/1/614
f 2328/1/2092 1248/1/616 1258/1/2093
f 2329/1/2091 2330/1/2096 1255/1/2094
f 2330/1/2096 2329/1/2091 1258/1/2093
f 2330/1/2096 2331/1/2098 1253/1/613
f 2331/1/2098 2330/1/2096 1256/1/2097
f 2328/1/2092 1247/1/614 1253/1/613
f 2331/1/2098 1254/1/617 1248/1/616
f 2332/1/2099 2333/1/2101 1205/1/2084
f 2333/1/2101 2332/1/2099 1204/1/2102
f 2333/1/2101 2334/1/2103 1199/1/2090
f 2334/1/2103 2333/1/2101 1206/1/2086
f 2335/1/2104 1201/1/2106 1199/1/2090
f 2334/1/2103 1200/1/2089 1202/1/2105
f 2332/1/2099 1203/1/2100 1201/1/2106
f 2335/1/2104 1202/1/2105 1204/1/2102
f 2336/1/2107 2337/1/2110 1197/1/2108
f 2337/1/2110 2336/1/2107 1192/1/2111
f 2337/1/2110 2338/1/2114 1193/1/2113
f 2338/1/2114 2337/1/2110 1198/1/2112
f 2339/1/2116 1195/1/2118 1193/1/2113
f 2338/1/2114 1194/1/2115 1196/1/2117
f 2336/1/2107 1191/1/2109 1195/1/2118
f 2339/1/2116 1196/1/2117 1192/1/2111
f 2340/1/2119 2341/1/2120 1241/1/1261
f 2341/1/2120 2340/1/2119 1240/1/1264
f 2341/1/2120 2342/1/2122 1235/1/2121
f 2342/1/2122 2341/1/2120 1242/1/1263
f 2343/1/2124 1233/1/2126 1235/1/2121
f 2342/1/2122 1236/1/2123 1234/1/2125
f 2340/1/2119 1239/1/1254 1233/1/2126
f 2343/1/2124 1234/1/2125 1240/1/1264
f 2345/1/2127 1237/1/2131 1235/1/2121
f 2344/1/2128 1236/1/2123 1238/1/2129
f 2346/1/2130 1231/1/2133 1237/1/2131
f 2345/1/2127 1238/1/2129 1232/1/2132
f 2346/1/2130 2347/1/2134 1233/1/2126
f 2347/1/2134 2346/1/2130 1232/1/2132
f 2347/1/2134 2344/1/2128 1235/1/2121
f 2344/1/2128 2347/1/2134 1234/1/2125
f 2349/1/2135 1229/1/2140 1227/1/2136
f 2349/1/2135 2348/1/2137 1228/1/2138
f 2349/1/2135 2350/1/2141 1225/1/373
f 2350/1/2141 2349/1/2135 1230/1/2139
f 2351/1/2142 1223/1/368 1225/1/373
f 2351/1/2142 2350/1/2141 1226/1/371
f 2348/1/2137 1227/1/2136 1223/1/368
f 2351/1/2142 1224/1/370 1228/1/2138
f 2352/1/2143 2353/1/2146 1221/1/2144
f 2353/1/2146 2352/1/2143 1218/1/2147
f 2353/1/2146 2354/1/2149 1219/1/378
f 2354/1/2149 2353/1/2146 1222/1/2148
f 2355/1/2150 1215/1/372 1219/1/378
f 2354/1/2149 1220/1/377 1216/1/374
f 2352/1/2143 1217/1/2145 1215/1/372
f 2355/1/2150 1216/1/374 1218/1/2147
f 2356/1/2151 1153/1/2012 2357/1/2152
f 2357/1/2152 1146/1/1941 2356/1/2151
f 2358/1/2153 1153/1/2012 1147/1/2022
f 2357/1/2152 1148/1/2021 1154/1/2016
f 2359/1/2154 1147/1/2022 1143/1/1944
f 2358/1/2153 1144/1/1943 1148/1/2021
f 2359/1/2154 1145/1/1939 2356/1/2151
f 2356/1/2151 1144/1/1943 2359/1/2154
f 2361/1/2155 1277/1/2160 1273/1/2156
f 2360/1/2157 1274/1/2166 1278/1/2158
f 2362/1/2159 1275/1/2163 1277/1/2160
f 2361/1/2155 1278/1/2158 1276/1/2161
f 2362/1/2159 2363/1/2164 1271/1/2162
f 2363/1/2164 2362/1/2159 1276/1/2161
f 2363/1/2164 2360/1/2157 1273/1/2156
f 2360/1/2157 2363/1/2164 1272/1/2165
f 2365/1/2167 215/1/1853 221/1/1829
f 2364/1/2168 222/1/2169 216/1/1857
f 2365/1/2167 219/1/2170 2366/1/2171
f 2366/1/2171 222/1/2169 2365/1/2167
f 2366/1/2171 217/1/1854 2367/1/2173
f 2367/1/2173 220/1/2172 2366/1/2171
f 2364/1/2168 217/1/1854 215/1/1853
f 2367/1/2173 216/1/1857 218/1/1856
f 2369/1/2174 1305/1/1713 1313/1/1718
f 2369/1/2174 2368/1/2175 1314/1/1716
f 2369/1/2174 2370/1/2178 1317/1/2176
f 2369/1/2174 1306/1/1715 1318/1/2177
f 2370/1/2178 2371/1/2180 1321/1/2179
f 2371/1/2180 2370/1/2178 1318/1/2177
f 2372/1/2182 1329/1/2185 1321/1/2179
f 2371/1/2180 1322/1/2181 1330/1/2183
f 2373/1/2184 1323/1/2188 1329/1/2185
f 2372/1/2182 1330/1/2183 1324/1/2186
f 2374/1/2187 1319/1/2191 1323/1/2188
f 2373/1/2184 1324/1/2186 1320/1/2189
f 2375/1/2190 1307/1/2194 1319/1/2191
f 2374/1/2187 1320/1/2189 1308/1/2192
f 2376/1/2193 1303/1/1726 1307/1/2194
f 2376/1/2193 2375/1/2190 1308/1/2192
f 2377/1/2195 1295/1/1721 1303/1/1726
f 2377/1/2195 2376/1/2193 1304/1/1725
f 2378/1/2196 1297/1/2199 1295/1/1721
f 2378/1/2196 2377/1/2195 1296/1/1722
f 2379/1/2198 1299/1/2202 1297/1/2199
f 2378/1/2196 1298/1/2197 1300/1/2200
f 2379/1/2198 2380/1/2204 1301/1/2201
f 2379/1/2198 1300/1/2200 1302/1/2203
f 2381/1/2205 1311/1/2208 1301/1/2201
f 2381/1/2205 2380/1/2204 1302/1/2203
f 2381/1/2205 2382/1/2209 1315/1/2207
f 2382/1/2209 2381/1/2205 1312/1/2206
f 2382/1/2209 2383/1/2212 1327/1/2211
f 2383/1/2212 2382/1/2209 1316/1/2210
f 2383/1/2212 2384/1/2215 1331/1/2214
f 2384/1/2215 2383/1/2212 1328/1/2213
f 2384/1/2215 2385/1/2218 1325/1/2217
f 2385/1/2218 2384/1/2215 1332/1/2216
f 2368/1/2175 1313/1/1718 1325/1/2217
f 2368/1/2175 2385/1/2218 1326/1/2219
f 2386/1/2220 2387/1/2222 1261/1/2221
f 2387/1/2222 2386/1/2220 1260/1/2223
f 2387/1/2222 2388/1/2225 1255/1/2094
f 2388/1/2225 2387/1/2222 1262/1/2224
f 2389/1/2226 1257/1/2095 1255/1/2094
f 2388/1/2225 1256/1/2097 1258/1/2093
f 2386/1/2220 1259/1/1258 1257/1/2095
f 2389/1/2226 1258/1/2093 1260/1/2223
f 2391/1/2227 637/1/2233 641/1/2228
f 2391/1/2227 2390/1/2229 642/1/2230
f 2391/1/2227 2392/1/2235 639/1/2232
f 2391/1/2227 638/1/2231 640/1/2234
f 2392/1/2235 2393/1/2238 635/1/2236
f 2392/1/2235 640/1/2234 636/1/2237
f 2394/1/2239 643/1/2242 635/1/2236
f 2393/1/2238 636/1/2237 644/1/2240
f 2394/1/2239 2395/1/2244 645/1/2241
f 2394/1/2239 644/1/2240 646/1/2243
f 2396/1/2245 653/1/2248 645/1/2241
f 2396/1/2245 2395/1/2244 646/1/2243
f 2396/1/2245 2397/1/2250 649/1/2247
f 2396/1/2245 654/1/2246 650/1/2249
f 2398/1/2251 651/1/2254 649/1/2247
f 2398/1/2251 2397/1/2250 650/1/2249
f 2398/1/2251 2399/1/2256 647/1/2253
f 2398/1/2251 652/1/2252 648/1/2255
f 2390/1/2229 641/1/2228 647/1/2253
f 2390/1/2229 2399/1/2256 648/1/2255
f 2400/1/2257 1369/1/2259 2401/1/2260
f 2400/1/2257 1370/1/2261 1372/1/2307
f 2402/1/2262 1369/1/2259 1357/1/2264
f 2401/1/2260 1358/1/2263 1370/1/2261
f 2402/1/2262 1347/1/2265 2403/1/2266
f 2402/1/2262 1348/1/2267 1358/1/2263
f 2404/1/2268 1347/1/2265 1343/1/2270
f 2404/1/2268 1348/1/2267 2403/1/2266
f 2404/1/2268 1341/1/2271 2405/1/2272
f 2405/1/2272 1344/1/2269 2404/1/2268
f 2405/1/2272 1345/1/2274 2406/1/2275
f 2405/1/2272 1346/1/2276 1342/1/2273
f 2407/1/2277 1345/1/2274 1355/1/2279
f 2407/1/2277 1346/1/2276 2406/1/2275
f 2407/1/2277 1363/1/2280 2408/1/2281
f 2408/1/2281 1356/1/2278 2407/1/2277
f 2409/1/2283 1363/1/2280 1365/1/2286
f 2409/1/2283 1364/1/2282 2408/1/2281
f 2410/1/2285 1365/1/2286 1367/1/2288
f 2409/1/2283 1368/1/2287 1366/1/2284
f 2410/1/2285 1359/1/2289 2411/1/2290
f 2410/1/2285 1360/1/2291 1368/1/2287
f 2412/1/2292 1359/1/2289 1351/1/2295
f 2411/1/2290 1352/1/2293 1360/1/2291
f 2413/1/2294 1351/1/2295 1349/1/2298
f 2412/1/2292 1350/1/2296 1352/1/2293
f 2414/1/2297 1349/1/2298 1353/1/2300
f 2413/1/2294 1354/1/2299 1350/1/2296
f 2414/1/2297 1361/1/2301 2415/1/2302
f 2415/1/2302 1354/1/2299 2414/1/2297
f 2416/1/2304 1361/1/2301 1373/1/2306
f 2416/1/2304 1362/1/2303 2415/1/2302
f 2400/1/2257 1373/1/2306 1371/1/2258
f 2416/1/2304 1372/1/2307 1374/1/2305
f 2418/1/2308 79/1/1574 87/1/2311
f 2418/1/2308 80/1/1580 2417/1/2309
f 2418/1/2308 85/1/2312 2419/1/2313
f 2418/1/2308 86/1/2314 88/1/2310
f 2419/1/2313 83/1/1575 2420/1/2315
f 2420/1/2315 86/1/2314 2419/1/2313
f 2417/1/2309 83/1/1575 79/1/1574
f 2417/1/2309 84/1/1577 2420/1/2315
f 2422/1/2316 601/1/2322 591/1/2317
f 2422/1/2316 2421/1/2318 592/1/2319
f 2422/1/2316 2423/1/2324 599/1/2321
f 2422/1/2316 602/1/2320 600/1/2323
f 2424/1/2325 597/1/2328 599/1/2321
f 2424/1/2325 2423/1/2324 600/1/2323
f 2425/1/2327 593/1/2331 597/1/2328
f 2425/1/2327 2424/1/2325 598/1/2326
f 2426/1/2330 595/1/2333 593/1/2331
f 2426/1/2330 2425/1/2327 594/1/2329
f 2426/1/2330 2421/1/2318 591/1/2317
f 2421/1/2318 2426/1/2330 596/1/2332
f 2428/1/2334 1435/1/2340 1431/1/2335
f 2428/1/2334 2427/1/2336 1432/1/2337
f 2429/1/2339 1423/1/734 1435/1/2340
f 2428/1/2334 1436/1/2338 1424/1/732
f 2429/1/2339 2430/1/2341 1427/1/731
f 2429/1/2339 1424/1/732 1428/1/729
f 2427/1/2336 1431/1/2335 1427/1/731
f 2427/1/2336 2430/1/2341 1428/1/729
f 2432/1/2342 1395/1/2344 1401/1/2346
f 2431/1/2343 1402/1/2345 1396/1/2352
f 2432/1/2342 1399/1/2347 2433/1/2348
f 2433/1/2348 1402/1/2345 2432/1/2342
f 2433/1/2348 1397/1/803 2434/1/2350
f 2434/1/2350 1400/1/2349 2433/1/2348
f 2431/1/2343 1397/1/803 1395/1/2344
f 2434/1/2350 1396/1/2352 1398/1/2351
f 2435/1/2353 2436/1/2357 1441/1/2354
f 2435/1/2353 1440/1/2360 1442/1/2356
f 2436/1/2357 2437/1/2358 1433/1/744
f 2436/1/2357 1442/1/2356 1434/1/745
f 2438/1/2359 1437/1/739 1433/1/744
f 2438/1/2359 2437/1/2358 1434/1/745
f 2435/1/2353 1439/1/2355 1437/1/739
f 2438/1/2359 1438/1/743 1440/1/2360
f 2439/1/2361 1403/1/2362 2440/1/2363
f 2440/1/2363 1410/1/2365 2439/1/2361
f 2441/1/2366 1403/1/2362 1405/1/1445
f 2440/1/2363 1406/1/2367 1404/1/2364
f 2442/1/2342 1405/1/1445 1407/1/2369
f 2441/1/2366 1408/1/2368 1406/1/2367
f 2442/1/2342 1409/1/802 2439/1/2361
f 2439/1/2361 1408/1/2368 2442/1/2342
f 2443/1/2370 2444/1/2373 697/1/2371
f 2444/1/2373 2443/1/2370 696/1/2374
f 2444/1/2373 2445/1/2377 693/1/2376
f 2445/1/2377 2444/1/2373 698/1/2375
f 2446/1/2379 691/1/2381 693/1/2376
f 2445/1/2377 694/1/2378 692/1/2380
f 2443/1/2370 695/1/2372 691/1/2381
f 2446/1/2379 692/1/2380 696/1/2374
f 2448/1/2382 1441/1/2354 1431/1/2335
f 2448/1/2382 2447/1/2383 1432/1/2337
f 2449/1/2384 1439/1/2355 1441/1/2354
f 2449/1/2384 2448/1/2382 1442/1/2356
f 2449/1/2384 2450/1/2385 1435/1/2340
f 2449/1/2384 1440/1/2360 1436/1/2338
f 2450/1/2385 2447/1/2383 1431/1/2335
f 2450/1/2385 1436/1/2338 1432/1/2337
f 2452/1/2386 85/1/2312 87/1/2311
f 2452/1/2386 86/1/2314 2451/1/2387
f 2452/1/2386 77/1/879 2453/1/2388
f 2452/1/2386 78/1/878 88/1/2310
f 2453/1/2388 81/1/877 2454/1/2389
f 2453/1/2388 82/1/875 78/1/878
f 2454/1/2389 85/1/2312 2451/1/2387
f 2451/1/2387 82/1/875 2454/1/2389
f 2455/1/2390 2456/1/2391 693/1/2376
f 2456/1/2391 2455/1/2390 692/1/2380
f 2456/1/2391 2457/1/2392 689/1/1266
f 2457/1/2392 2456/1/2391 694/1/2378
f 2458/1/2393 687/1/1267 689/1/1266
f 2457/1/2392 690/1/1270 688/1/1269
f 2458/1/2393 2455/1/2390 691/1/2381
f 2455/1/2390 2458/1/2393 688/1/1269
f 2459/1/2394 2460/1/2395 1273/1/2156
f 2460/1/2395 2459/1/2394 1270/1/677
f 2461/1/2396 1271/1/2162 1273/1/2156
f 2460/1/2395 1274/1/2166 1272/1/2165
f 2462/1/2397 1267/1/681 1271/1/2162
f 2461/1/2396 1272/1/2165 1268/1/679
f 2462/1/2397 2459/1/2394 1269/1/673
f 2459/1/2394 2462/1/2397 1268/1/679
f 2463/1/2398 2464/1/2401 1461/1/2399
f 2464/1/2401 2463/1/2398 1458/1/2402
f 2465/1/2404 1459/1/2407 1461/1/2399
f 2464/1/2401 1462/1/2403 1460/1/2405
f 2466/1/2406 1455/1/2409 1459/1/2407
f 2465/1/2404 1460/1/2405 1456/1/2408
f 2466/1/2406 2463/1/2398 1457/1/2400
f 2463/1/2398 2466/1/2406 1456/1/2408
f 2468/1/2410 1457/1/2400 1451/1/282
f 2467/1/2411 1452/1/281 1458/1/2402
f 2469/1/2412 1455/1/2409 1457/1/2400
f 2468/1/2410 1458/1/2402 1456/1/2408
f 2469/1/2412 2470/1/2413 1453/1/273
f 2470/1/2413 2469/1/2412 1456/1/2408
f 2470/1/2413 2467/1/2411 1451/1/282
f 2467/1/2411 2470/1/2413 1454/1/275
f 2471/1/2414 2472/1/2417 679/1/2415
f 2472/1/2417 2471/1/2414 682/1/2418
f 2473/1/2420 675/1/2423 679/1/2415
f 2472/1/2417 680/1/2419 676/1/2421
f 2474/1/2422 677/1/2425 675/1/2423
f 2473/1/2420 676/1/2421 678/1/2424
f 2474/1/2422 2471/1/2414 681/1/2416
f 2471/1/2414 2474/1/2422 678/1/2424
f 2475/1/2426 2476/1/2427 1429/1/747
f 2475/1/2426 1426/1/742 1430/1/748
f 2477/1/2428 1417/1/778 1429/1/747
f 2477/1/2428 2476/1/2427 1430/1/748
f 2478/1/2429 1421/1/779 1417/1/778
f 2478/1/2429 2477/1/2428 1418/1/780
f 2478/1/2429 2475/1/2426 1425/1/740
f 2475/1/2426 2478/1/2429 1422/1/777
f 2480/1/2430 779/1/1526 767/1/1539
f 2479/1/2431 768/1/1541 780/1/1536
f 2481/1/2432 775/1/1532 779/1/1526
f 2480/1/2430 780/1/1536 776/1/1535
f 2481/1/2432 2482/1/2433 769/1/1544
f 2482/1/2433 2481/1/2432 776/1/1535
f 2479/1/2431 767/1/1539 769/1/1544
f 2482/1/2433 770/1/1543 768/1/1541
f 2483/1/2434 2484/1/2436 121/1/253
f 2484/1/2436 2483/1/2434 118/1/2437
f 2484/1/2436 2485/1/2438 115/1/220
f 2485/1/2438 2484/1/2436 122/1/258
f 2486/1/2439 113/1/232 115/1/220
f 2485/1/2438 116/1/222 114/1/234
f 2483/1/2434 117/1/2435 113/1/232
f 2486/1/2439 114/1/234 118/1/2437
f 2488/1/2440 1449/1/2444 1447/1/2441
f 2487/1/2442 1448/1/2447 1450/1/2443
f 2488/1/2440 2489/1/2445 1443/1/277
f 2489/1/2445 2488/1/2440 1450/1/2443
f 2490/1/2446 1445/1/272 1443/1/277
f 2489/1/2445 1444/1/279 1446/1/276
f 2487/1/2442 1447/1/2441 1445/1/272
f 2490/1/2446 1446/1/276 1448/1/2447
f 2492/1/2448 1471/1/2450 1481/1/2453
f 2492/1/2448 1472/1/2452 2491/1/2449
f 2492/1/2448 1479/1/2454 2493/1/2455
f 2493/1/2455 1482/1/2451 2492/1/2448
f 2493/1/2455 1473/1/2457 2494/1/2458
f 2493/1/2455 1474/1/2459 1480/1/2456
f 2495/1/2460 1473/1/2457 1475/1/2463
f 2495/1/2460 1474/1/2459 2494/1/2458
f 2496/1/2462 1475/1/2463 1477/1/2465
f 2495/1/2460 1478/1/2464 1476/1/2461
f 2496/1/2462 1471/1/2450 2491/1/2449
f 2496/1/2462 1472/1/2452 1478/1/2464
f 2498/1/2466 1465/1/814 1461/1/2399
f 2497/1/2467 1462/1/2403 1466/1/824
f 2499/1/2468 1463/1/820 1465/1/814
f 2498/1/2466 1466/1/824 1464/1/823
f 2499/1/2468 2500/1/2469 1459/1/2407
f 2500/1/2469 2499/1/2468 1464/1/823
f 2500/1/2469 2497/1/2467 1461/1/2399
f 2497/1/2467 2500/1/2469 1460/1/2405
