# Blender 4.5.3 LTS
# www.blender.org
mtllib glass body.mtl
o RenderMesh_14653989514
v 0.101508 0.375120 -0.053606
v 0.101508 0.377120 -0.053606
v -0.101509 0.375120 -0.053606
v -0.101509 0.377120 -0.053606
v -0.101509 0.375120 0.053605
v -0.101509 0.377120 0.053605
v 0.101508 0.375120 0.053605
v 0.101508 0.377120 0.053605
v 0.112917 -0.375120 -0.059631
v 0.112917 -0.377120 -0.059631
v -0.112918 -0.375120 0.059631
v -0.112918 -0.377120 0.059631
v -0.112918 -0.375120 -0.059631
v -0.112918 -0.377120 -0.059631
v 0.112918 -0.375120 0.059630
v 0.112918 -0.377120 0.059630
v 0.101508 -0.304730 -0.053606
v 0.103452 -0.304260 -0.053606
v 0.101508 0.375120 -0.053606
v 0.103508 0.375120 -0.053606
v 0.101508 0.375120 0.053605
v 0.103508 0.375120 0.053605
v 0.101508 -0.304730 0.053605
v 0.103452 -0.304260 0.053605
v 0.112917 -0.328663 -0.059631
v 0.114875 -0.328256 -0.059631
v 0.112918 -0.328663 0.059630
v 0.114876 -0.328256 0.059630
v 0.112918 -0.375120 0.059630
v 0.114918 -0.375120 0.059630
v 0.112917 -0.375120 -0.059631
v 0.114917 -0.375120 -0.059631
v -0.101509 0.375120 -0.053606
v -0.103509 0.375120 -0.053606
v -0.101509 -0.304730 -0.053606
v -0.103453 -0.304260 -0.053606
v -0.101509 -0.304730 0.053605
v -0.103453 -0.304260 0.053605
v -0.101509 0.375120 0.053605
v -0.103509 0.375120 0.053605
v -0.112918 -0.328663 -0.059631
v -0.114876 -0.328256 -0.059631
v -0.112918 -0.328663 0.059631
v -0.114876 -0.328256 0.059631
v -0.112918 -0.375120 -0.059631
v -0.114918 -0.375120 -0.059631
v -0.112918 -0.375120 0.059631
v -0.114918 -0.375120 0.059631
v -0.101509 0.375120 0.053605
v -0.101509 0.375120 0.055605
v -0.101509 -0.304730 0.053605
v -0.101509 -0.304454 0.055586
v 0.101508 -0.304730 0.053605
v 0.101508 -0.304454 0.055586
v 0.101508 0.375120 0.053605
v 0.101508 0.375120 0.055605
v -0.112918 -0.328663 0.059631
v -0.112918 -0.328456 0.061620
v 0.112918 -0.328663 0.059630
v 0.112918 -0.328456 0.061619
v -0.112918 -0.375120 0.059631
v -0.112918 -0.375120 0.061631
v 0.112918 -0.375120 0.059630
v 0.112918 -0.375120 0.061630
v 0.101508 0.375120 -0.053606
v 0.101508 0.375120 -0.055606
v -0.101509 -0.304730 -0.053606
v -0.101509 -0.304454 -0.055587
v -0.101509 0.375120 -0.053606
v -0.101509 0.375120 -0.055606
v 0.101508 -0.304730 -0.053606
v 0.101508 -0.304454 -0.055587
v 0.112917 -0.328663 -0.059631
v 0.112917 -0.328456 -0.061620
v -0.112918 -0.328663 -0.059631
v -0.112918 -0.328456 -0.061620
v 0.112917 -0.375120 -0.059631
v 0.112917 -0.375120 -0.061631
v -0.112918 -0.375120 -0.059631
v -0.112918 -0.375120 -0.061631
v -0.102481 -0.303495 0.052605
v -0.102509 0.374120 0.052605
v -0.102509 0.374120 -0.052606
v -0.102481 -0.303495 -0.052606
v 0.111353 -0.327590 -0.060381
v -0.111354 -0.327590 -0.060381
v -0.100870 -0.305562 -0.054841
v 0.100869 -0.305562 -0.054841
v -0.113918 -0.374120 -0.058631
v -0.113918 -0.374120 0.058631
v -0.113897 -0.329459 0.058631
v -0.113897 -0.329459 -0.058631
v -0.111354 -0.327590 0.060382
v 0.111354 -0.327590 0.060381
v 0.100869 -0.305562 0.054840
v -0.100870 -0.305562 0.054840
v 0.100508 0.374120 -0.054606
v 0.100508 -0.303592 -0.054596
v -0.100509 -0.303592 -0.054596
v -0.100509 0.374120 -0.054606
v 0.102508 0.374120 0.052605
v 0.102480 -0.303495 0.052605
v 0.102480 -0.303495 -0.052606
v 0.102508 0.374120 -0.052606
v 0.111917 -0.376120 -0.058631
v 0.111918 -0.376120 0.058630
v -0.111918 -0.376120 0.058631
v -0.111918 -0.376120 -0.058631
v -0.113467 -0.327557 -0.058378
v -0.113467 -0.327557 0.058378
v -0.102911 -0.305397 0.052807
v -0.102911 -0.305397 -0.052808
v 0.102910 -0.305397 0.052807
v 0.113467 -0.327557 0.058377
v 0.113466 -0.327557 -0.058378
v 0.102910 -0.305397 -0.052808
v -0.100509 0.376120 0.052605
v 0.100508 0.376120 0.052605
v 0.100508 0.376120 -0.052606
v -0.100509 0.376120 -0.052606
v 0.113918 -0.374120 0.058630
v 0.113917 -0.374120 -0.058631
v 0.113896 -0.329459 -0.058631
v 0.113897 -0.329459 0.058630
v -0.111918 -0.374120 0.060631
v 0.111918 -0.374120 0.060630
v 0.111918 -0.329560 0.060625
v -0.111918 -0.329560 0.060626
v 0.100508 -0.303592 0.054595
v 0.100508 0.374120 0.054605
v -0.100509 0.374120 0.054605
v -0.100509 -0.303592 0.054595
v 0.111917 -0.374120 -0.060631
v -0.111918 -0.374120 -0.060631
v -0.111918 -0.329560 -0.060626
v 0.111917 -0.329560 -0.060626
vn 0.1021 0.7061 -0.7007
vn -0.0000 -0.7096 -0.7046
vn 0.8184 -0.4078 -0.4049
vn 0.8561 -0.2820 -0.4331
vn -0.8815 0.1308 -0.4536
vn -0.8184 -0.4078 -0.4049
vn -0.0000 -0.7096 0.7046
vn 0.8184 -0.4078 0.4049
vn -0.8184 -0.4078 0.4049
vn 0.1021 0.7061 0.7007
vn 0.8561 -0.2820 0.4331
vn -0.8815 0.1309 0.4536
vn -0.8402 0.5359 0.0832
vn 0.8402 0.5359 0.0832
vn 0.4341 -0.2354 0.8696
vn -0.4341 -0.2354 0.8696
vn -0.4246 -0.0431 -0.9044
vn 0.4246 -0.0431 -0.9044
vn 0.5368 -0.8301 -0.1509
vn 0.4189 -0.2619 0.8695
vn 0.4311 -0.0241 -0.9020
vn -0.5368 -0.8301 -0.1509
vn -0.4189 -0.2619 0.8695
vn -0.4311 -0.0241 -0.9020
vn -0.0001 0.7091 0.7052
vn -0.0001 0.7091 -0.7052
vn 0.8180 0.4078 -0.4058
vn 0.8180 0.4078 0.4058
vn -0.8178 0.4083 0.4056
vn -0.8178 0.4083 -0.4056
vn -0.0881 -0.7063 -0.7024
vn 0.8530 -0.2585 -0.4535
vn -0.8931 0.1131 -0.4355
vn -0.0881 -0.7063 0.7024
vn 0.8530 -0.2585 0.4535
vn -0.8931 0.1131 0.4355
vn 0.8402 0.5359 -0.0832
vn -0.8402 0.5359 -0.0832
vn -0.4341 -0.2355 -0.8696
vn 0.4341 -0.2355 -0.8696
vn 0.4246 -0.0431 0.9044
vn -0.4245 -0.0431 0.9044
vn -0.5368 -0.8301 0.1509
vn -0.4189 -0.2619 -0.8694
vn -0.4311 -0.0241 0.9020
vn 0.5368 -0.8301 0.1509
vn 0.4189 -0.2619 -0.8694
vn 0.4311 -0.0240 0.9020
vn -0.7062 -0.7080 -0.0000
vn -0.7049 0.7068 0.0595
vn -0.4071 -0.4081 0.8171
vn -0.4071 -0.4081 -0.8171
vn 0.7049 0.7068 0.0595
vn 0.7062 -0.7080 -0.0000
vn 0.4071 -0.4081 0.8171
vn 0.4071 -0.4081 -0.8171
vn -0.1021 0.7061 -0.7007
vn -0.8561 -0.2820 -0.4331
vn 0.8815 0.1309 -0.4536
vn -0.1021 0.7061 0.7007
vn -0.8561 -0.2820 0.4331
vn 0.8815 0.1309 0.4536
vn -0.7071 -0.0000 0.7071
vn -0.7071 -0.0000 -0.7071
vn -0.4082 0.8165 -0.4082
vn -0.4082 0.8165 0.4083
vn -0.4082 -0.8165 0.4083
vn -0.4082 -0.8165 -0.4082
vn 0.7071 -0.0000 -0.7071
vn 0.4082 0.8165 -0.4082
vn 0.4082 -0.8165 -0.4082
vn 0.7071 -0.0000 0.7071
vn 0.4082 0.8165 0.4082
vn 0.4082 -0.8165 0.4082
vn 0.1854 0.6056 0.7739
vn 0.1854 0.6055 -0.7739
vn -0.2468 -0.7479 -0.6162
vn -0.2468 -0.7479 0.6162
vn 0.2468 -0.7479 -0.6162
vn -0.1854 0.6056 -0.7739
vn -0.8530 -0.2585 -0.4535
vn 0.8931 0.1132 -0.4355
vn -0.1854 0.6056 0.7739
vn -0.8530 -0.2585 0.4535
vn 0.8931 0.1132 0.4355
vn 0.2469 -0.7479 0.6162
vn -0.4082 -0.8165 0.4082
vn -0.4082 0.8165 0.4082
vn 0.0001 0.7091 -0.7052
vn 0.0001 0.7091 0.7052
vn -0.8179 0.4078 0.4058
vn -0.8180 0.4078 -0.4058
vn 0.8178 0.4083 -0.4056
vn 0.8178 0.4083 0.4056
vn 0.0881 -0.7063 0.7024
vn 0.0881 -0.7063 -0.7024
vn 0.7066 0.7076 -0.0000
vn -0.7066 0.7076 -0.0000
vn -0.4076 0.4081 -0.8169
vn 0.4076 0.4081 -0.8169
vn 0.4076 0.4082 0.8168
vn -0.4076 0.4082 0.8168
vn -0.7059 -0.7069 0.0445
vn 0.7059 -0.7069 0.0445
vn -0.7049 0.7068 -0.0595
vn 0.7049 0.7068 -0.0595
vn 0.4076 0.4081 0.8169
vn -0.4076 0.4081 0.8169
vn -0.4076 0.4083 -0.8168
vn 0.4076 0.4083 -0.8168
vn 0.7059 -0.7069 -0.0445
vn -0.7059 -0.7069 -0.0445
vt 0.000000 0.000000
s 1
f 81/1/1 82/1/2 39/1/3 37/1/4
f 82/1/2 81/1/1 38/1/5 40/1/6
f 82/1/2 83/1/7 33/1/8 39/1/3
f 83/1/7 82/1/2 40/1/6 34/1/9
f 83/1/7 84/1/10 35/1/11 33/1/8
f 84/1/10 83/1/7 34/1/9 36/1/12
f 84/1/10 81/1/1 37/1/4 35/1/11
f 81/1/1 84/1/10 36/1/12 38/1/5
f 85/1/13 86/1/14 75/1/15 73/1/16
f 86/1/14 85/1/13 74/1/17 76/1/18
f 86/1/14 87/1/19 67/1/20 75/1/15
f 87/1/19 86/1/14 76/1/18 68/1/21
f 87/1/19 88/1/22 71/1/23 67/1/20
f 88/1/22 87/1/19 68/1/21 72/1/24
f 88/1/22 85/1/13 73/1/16 71/1/23
f 85/1/13 88/1/22 72/1/24 74/1/17
f 89/1/25 90/1/26 47/1/27 45/1/28
f 90/1/26 89/1/25 46/1/29 48/1/30
f 90/1/26 91/1/31 43/1/32 47/1/27
f 91/1/31 90/1/26 48/1/30 44/1/33
f 91/1/31 92/1/34 41/1/35 43/1/32
f 92/1/34 91/1/31 44/1/33 42/1/36
f 92/1/34 89/1/25 45/1/28 41/1/35
f 89/1/25 92/1/34 42/1/36 46/1/29
f 93/1/37 94/1/38 59/1/39 57/1/40
f 94/1/38 93/1/37 58/1/41 60/1/42
f 94/1/38 95/1/43 53/1/44 59/1/39
f 95/1/43 94/1/38 60/1/42 54/1/45
f 95/1/43 96/1/46 51/1/47 53/1/44
f 96/1/46 95/1/43 54/1/45 52/1/48
f 96/1/46 93/1/37 57/1/40 51/1/47
f 93/1/37 96/1/46 52/1/48 58/1/41
f 97/1/49 98/1/50 71/1/23 65/1/51
f 98/1/50 97/1/49 66/1/52 72/1/24
f 98/1/50 99/1/53 67/1/20 71/1/23
f 99/1/53 98/1/50 72/1/24 68/1/21
f 99/1/53 100/1/54 69/1/55 67/1/20
f 100/1/54 99/1/53 68/1/21 70/1/56
f 100/1/54 97/1/49 65/1/51 69/1/55
f 97/1/49 100/1/54 70/1/56 66/1/52
f 101/1/2 102/1/57 23/1/58 21/1/6
f 102/1/57 101/1/2 22/1/3 24/1/59
f 102/1/57 103/1/60 17/1/61 23/1/58
f 103/1/60 102/1/57 24/1/59 18/1/62
f 103/1/60 104/1/7 19/1/9 17/1/61
f 104/1/7 103/1/60 18/1/62 20/1/8
f 104/1/7 101/1/2 21/1/6 19/1/9
f 101/1/2 104/1/7 20/1/8 22/1/3
f 105/1/63 106/1/64 15/1/65 9/1/66
f 106/1/64 105/1/63 10/1/67 16/1/68
f 106/1/64 107/1/69 11/1/70 15/1/65
f 107/1/69 106/1/64 16/1/68 12/1/71
f 107/1/69 108/1/72 13/1/73 11/1/70
f 108/1/72 107/1/69 12/1/71 14/1/74
f 108/1/72 105/1/63 9/1/66 13/1/73
f 105/1/63 108/1/72 14/1/74 10/1/67
f 109/1/75 110/1/76 43/1/32 41/1/35
f 110/1/76 109/1/75 42/1/36 44/1/33
f 110/1/76 111/1/77 37/1/4 43/1/32
f 111/1/77 110/1/76 44/1/33 38/1/5
f 111/1/77 112/1/78 35/1/11 37/1/4
f 112/1/78 111/1/77 38/1/5 36/1/12
f 112/1/78 109/1/75 41/1/35 35/1/11
f 109/1/75 112/1/78 36/1/12 42/1/36
f 113/1/79 114/1/80 27/1/81 23/1/58
f 114/1/80 113/1/79 24/1/59 28/1/82
f 114/1/80 115/1/83 25/1/84 27/1/81
f 115/1/83 114/1/80 28/1/82 26/1/85
f 115/1/83 116/1/86 17/1/61 25/1/84
f 116/1/86 115/1/83 26/1/85 18/1/62
f 116/1/86 113/1/79 23/1/58 17/1/61
f 113/1/79 116/1/86 18/1/62 24/1/59
f 117/1/69 118/1/64 7/1/68 5/1/71
f 118/1/64 117/1/69 6/1/70 8/1/65
f 118/1/64 119/1/63 1/1/87 7/1/68
f 119/1/63 118/1/64 8/1/65 2/1/88
f 119/1/63 120/1/72 3/1/74 1/1/87
f 120/1/72 119/1/63 2/1/88 4/1/73
f 120/1/72 117/1/69 5/1/71 3/1/74
f 117/1/69 120/1/72 4/1/73 6/1/70
f 121/1/89 122/1/90 31/1/91 29/1/92
f 122/1/90 121/1/89 30/1/93 32/1/94
f 122/1/90 123/1/95 25/1/84 31/1/91
f 123/1/95 122/1/90 32/1/94 26/1/85
f 123/1/95 124/1/96 27/1/81 25/1/84
f 124/1/96 123/1/95 26/1/85 28/1/82
f 124/1/96 121/1/89 29/1/92 27/1/81
f 121/1/89 124/1/96 28/1/82 30/1/93
f 125/1/97 126/1/98 63/1/99 61/1/100
f 126/1/98 125/1/97 62/1/101 64/1/102
f 126/1/98 127/1/103 59/1/39 63/1/99
f 127/1/103 126/1/98 64/1/102 60/1/42
f 127/1/103 128/1/104 57/1/40 59/1/39
f 128/1/104 127/1/103 60/1/42 58/1/41
f 128/1/104 125/1/97 61/1/100 57/1/40
f 125/1/97 128/1/104 58/1/41 62/1/101
f 129/1/105 130/1/49 55/1/52 53/1/44
f 130/1/49 129/1/105 54/1/45 56/1/51
f 130/1/49 131/1/54 49/1/56 55/1/52
f 131/1/54 130/1/49 56/1/51 50/1/55
f 131/1/54 132/1/106 51/1/47 49/1/56
f 132/1/106 131/1/54 50/1/55 52/1/48
f 132/1/106 129/1/105 53/1/44 51/1/47
f 129/1/105 132/1/106 52/1/48 54/1/45
f 133/1/98 134/1/97 79/1/107 77/1/108
f 134/1/97 133/1/98 78/1/109 80/1/110
f 134/1/97 135/1/111 75/1/15 79/1/107
f 135/1/111 134/1/97 80/1/110 76/1/18
f 135/1/111 136/1/112 73/1/16 75/1/15
f 136/1/112 135/1/111 76/1/18 74/1/17
f 136/1/112 133/1/98 77/1/108 73/1/16
f 133/1/98 136/1/112 74/1/17 78/1/109
o RenderMesh_14653989624
v -0.678991 0.168510 0.026405
v -0.680991 0.168510 0.026405
v -0.678991 0.167952 -0.000000
v -0.680991 0.167952 -0.000000
v -0.678991 0.157573 -0.000000
v -0.680991 0.157573 -0.000000
v -0.678991 0.168510 -0.026405
v -0.680991 0.168510 -0.026405
v -0.678991 0.175850 0.019065
v -0.680991 0.175850 0.019065
v -0.678991 0.175850 -0.019066
v -0.680991 0.175850 -0.019066
v -0.678991 0.194915 0.026963
v -0.680991 0.194915 0.026963
v -0.678991 0.194915 -0.037343
v -0.680991 0.194915 -0.037343
v -0.678991 0.194915 0.037342
v -0.680991 0.194915 0.037342
v -0.678991 0.194915 -0.026963
v -0.680991 0.194915 -0.026963
v -0.678991 0.221320 0.026405
v -0.680991 0.221320 0.026405
v -0.678991 0.221320 -0.026405
v -0.680991 0.221320 -0.026405
v -0.678991 0.213981 0.019065
v -0.680991 0.213981 0.019065
v -0.678991 0.213981 -0.019066
v -0.680991 0.213981 -0.019066
v -0.678991 0.232257 -0.000000
v -0.680991 0.232257 -0.000000
v -0.678991 0.221878 -0.000000
v -0.680991 0.221878 -0.000000
v -0.596687 0.175850 -0.019066
v -0.597948 0.176948 -0.017968
v -0.678991 0.194915 -0.026963
v -0.678991 0.194915 -0.024963
v -0.678991 0.175850 -0.019066
v -0.678991 0.177264 -0.017652
v -0.596687 0.194915 -0.026964
v -0.597948 0.194915 -0.025411
v -0.678991 0.213981 -0.019066
v -0.678991 0.212567 -0.017652
v -0.596687 0.213981 -0.019066
v -0.597948 0.212883 -0.017968
v -0.596687 0.221878 -0.000001
v -0.597948 0.220325 -0.000001
v -0.678991 0.221878 -0.000000
v -0.678991 0.219878 -0.000000
v -0.596687 0.167952 -0.000001
v -0.597948 0.169505 -0.000001
v -0.678991 0.167952 -0.000000
v -0.678991 0.169952 -0.000000
v -0.596687 0.175850 0.019065
v -0.597948 0.176948 0.017967
v -0.678991 0.175850 0.019065
v -0.678991 0.177264 0.017651
v -0.596687 0.194915 0.026962
v -0.597948 0.194915 0.025409
v -0.678991 0.194915 0.026963
v -0.678991 0.194915 0.024963
v -0.596687 0.213981 0.019065
v -0.597948 0.212883 0.017967
v -0.678991 0.213981 0.019065
v -0.678991 0.212567 0.017651
v 0.110044 -0.390544 -0.094510
v 0.110044 -0.392544 -0.094510
v 0.381612 -0.390544 -0.094512
v 0.381612 -0.392544 -0.094512
v 0.381612 -0.390544 0.094511
v 0.381612 -0.392544 0.094511
v 0.110044 -0.390544 0.094512
v 0.110044 -0.392544 0.094512
v -0.513033 0.147564 -0.047351
v -0.515033 0.147564 -0.047351
v -0.513033 0.242266 -0.047351
v -0.515033 0.242266 -0.047351
v -0.513033 0.194915 -0.066965
v -0.515033 0.194915 -0.066965
v -0.513033 0.261879 -0.000000
v -0.515033 0.261879 -0.000000
v -0.513033 0.127951 -0.000000
v -0.515033 0.127951 -0.000000
v -0.513033 0.242266 0.047350
v -0.515033 0.242266 0.047350
v -0.513033 0.147564 0.047350
v -0.515033 0.147564 0.047350
v -0.513033 0.194915 0.066964
v -0.515033 0.194915 0.066964
v 0.615034 0.333838 -0.015545
v 0.617034 0.333838 -0.015545
v 0.615034 0.330780 -0.000041
v 0.617034 0.330780 -0.000041
v 0.615034 0.316096 -0.015545
v 0.617034 0.316096 -0.015545
v 0.615034 0.316096 0.015464
v 0.617034 0.316096 0.015464
v 0.615034 0.333838 0.015464
v 0.617034 0.333838 0.015464
v 0.615034 0.375225 0.016397
v 0.617034 0.375225 0.016397
v 0.615034 0.382017 -0.000000
v 0.617034 0.382017 -0.000000
v 0.615034 0.381083 0.022255
v 0.617034 0.381083 0.022255
v 0.615034 0.358828 0.023189
v 0.617034 0.358828 0.023189
v 0.615034 0.390302 -0.000000
v 0.617034 0.390302 -0.000000
v 0.615034 0.358828 0.031474
v 0.617034 0.358828 0.031474
v 0.615034 0.381083 -0.022255
v 0.617034 0.381083 -0.022255
v 0.615034 0.336573 0.022255
v 0.617034 0.336573 0.022255
v 0.615034 0.375225 -0.016397
v 0.617034 0.375225 -0.016397
v 0.615034 0.342431 0.016397
v 0.617034 0.342431 0.016397
v 0.615034 0.358828 -0.023189
v 0.617034 0.358828 -0.023189
v 0.615034 0.335639 -0.000000
v 0.617034 0.335639 -0.000000
v 0.615034 0.358828 -0.031475
v 0.617034 0.358828 -0.031475
v 0.615034 0.327354 -0.000000
v 0.617034 0.327354 -0.000000
v 0.615034 0.336573 -0.022255
v 0.617034 0.336573 -0.022255
v 0.615034 0.342431 -0.016397
v 0.617034 0.342431 -0.016397
v -0.513033 0.147564 0.047350
v -0.513033 0.146150 0.048764
v -0.430613 0.147564 0.047350
v -0.430613 0.146150 0.048764
v -0.430613 0.194915 0.066964
v -0.430613 0.194915 0.068964
v -0.513033 0.127951 -0.000000
v -0.513033 0.125951 0.000000
v -0.513033 0.194915 0.066964
v -0.513033 0.194915 0.068964
v -0.430613 0.127951 -0.000001
v -0.430613 0.125951 -0.000001
v -0.430613 0.242266 0.047350
v -0.430613 0.243680 0.048764
v -0.513033 0.147564 -0.047351
v -0.513033 0.146150 -0.048765
v -0.513033 0.242266 0.047350
v -0.513033 0.243680 0.048764
v -0.430613 0.147564 -0.047353
v -0.430613 0.146150 -0.048767
v -0.513033 0.261879 -0.000000
v -0.513033 0.263879 -0.000000
v -0.513033 0.194915 -0.066965
v -0.513033 0.194915 -0.068965
v -0.430613 0.261879 -0.000001
v -0.430613 0.263879 -0.000001
v -0.430613 0.194915 -0.066965
v -0.430613 0.194915 -0.068965
v -0.513033 0.242266 -0.047351
v -0.513033 0.243680 -0.048765
v -0.430613 0.242266 -0.047353
v -0.430613 0.243680 -0.048767
v -0.434354 0.308118 -0.069416
v -0.436354 0.308118 -0.069416
v -0.434354 0.040663 -0.069416
v -0.436354 0.040663 -0.069416
v -0.434352 0.040663 0.069424
v -0.436352 0.040663 0.069424
v -0.434352 0.308118 0.069424
v -0.436352 0.308118 0.069424
v -0.406679 0.322483 -0.026684
v -0.408679 0.322483 -0.026684
v -0.406679 0.379479 -0.026684
v -0.408679 0.379479 -0.026684
v -0.406679 0.379479 -0.047190
v -0.408679 0.379479 -0.047190
v -0.406679 0.306416 -0.047190
v -0.408679 0.306416 -0.047190
v -0.406679 0.322483 0.026683
v -0.408679 0.322483 0.026683
v -0.406679 0.306416 0.047189
v -0.408679 0.306416 0.047189
v -0.406679 0.379479 0.026683
v -0.408679 0.379479 0.026683
v -0.406679 0.379479 0.047189
v -0.408679 0.379479 0.047189
v 0.657234 0.326394 0.049867
v 0.658638 0.327819 0.049867
v 0.668998 0.314804 -0.049868
v 0.670402 0.316229 -0.049868
v 0.657234 0.326394 -0.049868
v 0.658638 0.327819 -0.049868
v 0.668998 0.314804 0.049867
v 0.670402 0.316229 0.049867
v -0.377686 0.360464 -0.001190
v -0.379654 0.360822 -0.001190
v -0.384780 0.321446 -0.008285
v -0.386748 0.321804 -0.008285
v -0.384780 0.321446 0.008283
v -0.386748 0.321804 0.008283
v -0.377686 0.360464 0.001188
v -0.379654 0.360822 0.001188
v 0.490954 0.152631 -0.094512
v 0.492933 0.152918 -0.094512
v 0.490955 0.152631 0.094511
v 0.492934 0.152918 0.094511
v 0.509567 0.024175 -0.094512
v 0.511459 0.023528 -0.094512
v 0.509567 0.024175 0.094511
v 0.511459 0.023528 0.094511
v 0.480573 -0.003824 0.094511
v 0.481322 -0.005678 0.094511
v 0.480573 -0.003824 -0.094512
v 0.481322 -0.005678 -0.094512
v 0.388192 -0.003824 -0.094512
v 0.388192 -0.005824 -0.094512
v 0.388192 -0.003824 0.094511
v 0.388192 -0.005824 0.094511
v -0.381278 0.186165 -0.082985
v -0.383278 0.186165 -0.082985
v -0.381278 0.025489 -0.082985
v -0.383278 0.025489 -0.082985
v -0.381278 0.025489 0.082990
v -0.383278 0.025489 0.082990
v -0.381278 0.186165 0.082990
v -0.383278 0.186165 0.082990
v 0.381612 -0.390544 -0.094512
v 0.383527 -0.391121 -0.094512
v 0.423841 -0.250271 -0.094512
v 0.425835 -0.250420 -0.094512
v 0.381612 -0.390544 0.094511
v 0.383527 -0.391121 0.094511
v 0.423842 -0.250271 0.094511
v 0.425837 -0.250420 0.094511
v 0.388192 -0.003824 -0.094512
v 0.390171 -0.003538 -0.094512
v 0.388192 -0.003824 0.094511
v 0.390171 -0.003538 0.094511
v -0.127135 0.152631 -0.094510
v -0.129104 0.152982 -0.094510
v -0.150040 0.024175 -0.094510
v -0.151943 0.023559 -0.094510
v -0.150039 0.024175 0.094512
v -0.151942 0.023559 0.094512
v -0.127135 0.152631 0.094512
v -0.129104 0.152982 0.094512
v -0.121046 -0.003824 -0.094510
v -0.121795 -0.005678 -0.094510
v -0.121044 -0.003824 0.094512
v -0.121793 -0.005678 0.094512
v 0.110044 -0.003824 -0.094510
v 0.110044 -0.005824 -0.094510
v 0.110044 -0.003824 0.094512
v 0.110044 -0.005824 0.094512
v 0.633407 0.025489 -0.082986
v 0.634013 0.023583 -0.082986
v -0.381278 0.025489 0.082990
v -0.381278 0.023489 0.082990
v -0.381278 0.025489 -0.082985
v -0.381278 0.023489 -0.082985
v 0.633407 0.025489 0.082989
v 0.634013 0.023583 0.082989
v 0.678991 0.057766 -0.082986
v 0.680767 0.056847 -0.082986
v 0.678991 0.057766 0.082989
v 0.680767 0.056847 0.082989
v 0.678991 0.318687 0.082989
v 0.680991 0.318687 0.082989
v 0.678991 0.318687 -0.082986
v 0.680991 0.318687 -0.082986
v 0.542120 0.040663 -0.069417
v 0.542120 0.038663 -0.069417
v -0.434352 0.040663 0.069424
v -0.434352 0.038663 0.069424
v -0.434354 0.040663 -0.069416
v -0.434354 0.038663 -0.069416
v 0.542120 0.040663 0.069422
v 0.542120 0.038663 0.069422
v 0.668720 0.313940 0.036155
v 0.670720 0.313940 0.036155
v 0.668720 0.361840 0.036155
v 0.670599 0.362524 0.036155
v 0.668720 0.361840 0.057833
v 0.670599 0.362524 0.057833
v 0.668720 0.313940 0.057833
v 0.670720 0.313940 0.057833
v 0.644643 0.390544 0.057833
v 0.645488 0.392357 0.057833
v 0.644643 0.390544 0.036155
v 0.645488 0.392357 0.036155
v 0.575059 0.390544 0.057833
v 0.574214 0.392357 0.057833
v 0.575059 0.390544 0.036155
v 0.574214 0.392357 0.036155
v 0.550982 0.361840 0.057833
v 0.549103 0.362524 0.057833
v 0.550982 0.361840 0.036155
v 0.549103 0.362524 0.036155
v 0.550982 0.313940 0.057833
v 0.548982 0.313940 0.057833
v 0.550982 0.313940 0.036155
v 0.548982 0.313940 0.036155
v 0.668720 0.361840 -0.057836
v 0.670599 0.362524 -0.057836
v 0.668720 0.313940 -0.036160
v 0.670720 0.313940 -0.036160
v 0.668720 0.313940 -0.057836
v 0.670720 0.313940 -0.057836
v 0.668720 0.361840 -0.036160
v 0.670599 0.362524 -0.036160
v 0.644643 0.390544 -0.057836
v 0.645488 0.392357 -0.057836
v 0.644643 0.390544 -0.036160
v 0.645488 0.392357 -0.036160
v 0.575059 0.390544 -0.057836
v 0.574214 0.392357 -0.057836
v 0.575059 0.390544 -0.036160
v 0.574214 0.392357 -0.036160
v 0.550982 0.361840 -0.057836
v 0.549103 0.362524 -0.057836
v 0.550982 0.361840 -0.036160
v 0.549103 0.362524 -0.036160
v 0.550982 0.313940 -0.057836
v 0.548982 0.313940 -0.057836
v 0.550982 0.313940 -0.036160
v 0.548982 0.313940 -0.036160
v -0.375308 0.360464 -0.001190
v -0.375308 0.362464 -0.001190
v -0.377686 0.360464 -0.001190
v -0.377686 0.362464 -0.001190
v -0.377686 0.360464 0.001188
v -0.377686 0.362464 0.001188
v -0.375308 0.360464 0.001188
v -0.375308 0.362464 0.001188
v -0.127135 0.152631 0.094512
v -0.127135 0.152631 0.096512
v -0.121044 -0.003824 0.094512
v -0.121044 -0.003824 0.096512
v 0.110044 -0.003824 0.094512
v 0.110044 -0.003824 0.096512
v -0.150039 0.024175 0.094512
v -0.150039 0.024175 0.096512
v 0.490955 0.152631 0.094511
v 0.490955 0.152631 0.096511
v 0.388192 -0.003824 0.094511
v 0.388192 -0.003824 0.096511
v 0.509567 0.024175 0.094511
v 0.509567 0.024175 0.096511
v 0.480573 -0.003824 0.094511
v 0.480573 -0.003824 0.096511
v 0.423842 -0.250271 0.094511
v 0.423842 -0.250271 0.096511
v 0.110044 -0.390544 0.094512
v 0.110044 -0.390544 0.096512
v 0.381612 -0.390544 0.094511
v 0.381612 -0.390544 0.096511
v 0.509567 0.024175 -0.094512
v 0.509567 0.024175 -0.096512
v 0.388192 -0.003824 -0.094512
v 0.388192 -0.003824 -0.096512
v 0.490954 0.152631 -0.094512
v 0.490954 0.152631 -0.096512
v 0.480573 -0.003824 -0.094512
v 0.480573 -0.003824 -0.096512
v 0.110044 -0.003824 -0.094510
v 0.110044 -0.003824 -0.096510
v -0.127135 0.152631 -0.094510
v -0.127135 0.152631 -0.096510
v 0.423841 -0.250271 -0.094512
v 0.423841 -0.250271 -0.096512
v -0.121046 -0.003824 -0.094510
v -0.121046 -0.003824 -0.096510
v -0.150040 0.024175 -0.094510
v -0.150040 0.024175 -0.096510
v 0.110044 -0.390544 -0.094510
v 0.110044 -0.390544 -0.096510
v 0.381612 -0.390544 -0.094512
v 0.381612 -0.390544 -0.096512
v 0.413232 0.186165 0.082989
v 0.413232 0.186165 0.084989
v -0.381278 0.025489 0.082990
v -0.381278 0.025489 0.084990
v 0.633407 0.025489 0.082989
v 0.633407 0.025489 0.084989
v -0.381278 0.186165 0.082990
v -0.381278 0.186165 0.084990
v 0.539921 0.318687 0.082989
v 0.539921 0.318687 0.084989
v 0.678991 0.057766 0.082989
v 0.678991 0.057766 0.084989
v 0.678991 0.318687 0.082989
v 0.678991 0.318687 0.084989
v 0.615034 0.333838 -0.015545
v 0.615034 0.335800 -0.015158
v 0.603967 0.333838 -0.015545
v 0.603967 0.335800 -0.015158
v 0.603967 0.330780 -0.000041
v 0.603967 0.332742 0.000346
v 0.615034 0.330780 -0.000041
v 0.615034 0.332742 0.000346
v 0.615034 0.330780 -0.000041
v 0.615034 0.332742 -0.000428
v 0.603967 0.330780 -0.000041
v 0.603967 0.332742 -0.000428
v 0.603967 0.333838 0.015464
v 0.603967 0.335800 0.015077
v 0.615034 0.333838 0.015464
v 0.615034 0.335800 0.015077
v 0.566167 0.326394 -0.049868
v 0.566167 0.328394 -0.049868
v 0.657234 0.326394 0.049867
v 0.657234 0.328394 0.049867
v 0.657234 0.326394 -0.049868
v 0.657234 0.328394 -0.049868
v 0.566167 0.326394 0.049867
v 0.566167 0.328394 0.049867
v 0.633407 0.025489 -0.082986
v 0.633407 0.025489 -0.084986
v 0.539921 0.318687 -0.082986
v 0.539921 0.318687 -0.084986
v 0.678991 0.057766 -0.082986
v 0.678991 0.057766 -0.084986
v 0.678991 0.318687 -0.082986
v 0.678991 0.318687 -0.084986
v 0.413232 0.186165 -0.082986
v 0.413232 0.186165 -0.084986
v -0.381278 0.025489 -0.082985
v -0.381278 0.025489 -0.084985
v -0.381278 0.186165 -0.082985
v -0.381278 0.186165 -0.084985
v -0.406679 0.322483 -0.026684
v -0.406679 0.324483 -0.026684
v -0.345912 0.322483 -0.026684
v -0.345912 0.324483 -0.026684
v -0.345912 0.322483 0.026682
v -0.345912 0.324483 0.026682
v -0.406679 0.322483 0.026683
v -0.406679 0.324483 0.026683
v 0.678991 0.318687 -0.082986
v 0.678991 0.320687 -0.082986
v 0.539921 0.318687 -0.082986
v 0.539921 0.320687 -0.082986
v 0.539921 0.318687 0.082989
v 0.539921 0.320687 0.082989
v 0.678991 0.318687 0.082989
v 0.678991 0.320687 0.082989
v 0.542120 0.308118 0.069422
v 0.542120 0.308118 0.071422
v -0.434352 0.308118 0.069424
v -0.434352 0.308118 0.071424
v 0.542120 0.040663 0.069422
v 0.542120 0.040663 0.071422
v -0.434352 0.040663 0.069424
v -0.434352 0.040663 0.071424
v 0.542120 0.308118 -0.069417
v 0.542120 0.308118 -0.071417
v 0.259578 0.199533 -0.069417
v 0.259578 0.199533 -0.071417
v 0.259578 0.295863 -0.069417
v 0.259578 0.295863 -0.071417
v -0.067474 0.295863 -0.069417
v -0.067474 0.295863 -0.071417
v 0.542120 0.040663 -0.069417
v 0.542120 0.040663 -0.071417
v -0.434354 0.308118 -0.069416
v -0.434354 0.308118 -0.071416
v -0.067474 0.199533 -0.069417
v -0.067474 0.199533 -0.071417
v -0.434354 0.040663 -0.069416
v -0.434354 0.040663 -0.071416
v 0.542120 0.308118 -0.069417
v 0.542120 0.310118 -0.069417
v -0.434354 0.308118 -0.069416
v -0.434354 0.310118 -0.069416
v -0.434352 0.308118 0.069424
v -0.434352 0.310118 0.069424
v 0.542120 0.308118 0.069422
v 0.542120 0.310118 0.069422
v 0.668720 0.313940 0.057833
v 0.668720 0.313940 0.059833
v 0.644643 0.390544 0.057833
v 0.644643 0.390544 0.059833
v 0.550982 0.313940 0.057833
v 0.550982 0.313940 0.059833
v 0.668720 0.361840 0.057833
v 0.668720 0.361840 0.059833
v 0.575059 0.390544 0.057833
v 0.575059 0.390544 0.059833
v 0.550982 0.361840 0.057833
v 0.550982 0.361840 0.059833
v 0.550982 0.313940 -0.057836
v 0.550982 0.313940 -0.059836
v 0.644643 0.390544 -0.057836
v 0.644643 0.390544 -0.059836
v 0.668720 0.313940 -0.057836
v 0.668720 0.313940 -0.059836
v 0.668720 0.361840 -0.057836
v 0.668720 0.361840 -0.059836
v 0.575059 0.390544 -0.057836
v 0.575059 0.390544 -0.059836
v 0.550982 0.361840 -0.057836
v 0.550982 0.361840 -0.059836
v -0.370910 0.379479 0.047189
v -0.370910 0.379479 0.049189
v -0.406679 0.379479 0.047189
v -0.406679 0.379479 0.049189
v -0.345912 0.347899 0.047189
v -0.345912 0.347899 0.049189
v -0.406679 0.306416 0.047189
v -0.406679 0.306416 0.049189
v -0.345912 0.306416 0.047189
v -0.345912 0.306416 0.049189
v -0.370910 0.379479 -0.047190
v -0.370910 0.379479 -0.049190
v -0.406679 0.379479 -0.047190
v -0.406679 0.379479 -0.049190
v -0.345912 0.347899 -0.047190
v -0.345912 0.347899 -0.049190
v -0.406679 0.306416 -0.047190
v -0.406679 0.306416 -0.049190
v -0.345912 0.306416 -0.047190
v -0.345912 0.306416 -0.049190
v -0.377686 0.360464 0.001188
v -0.377686 0.360822 0.003156
v -0.384780 0.321446 0.008283
v -0.384780 0.321804 0.010251
v -0.368212 0.321446 0.008283
v -0.368212 0.321804 0.010251
v -0.375308 0.360464 0.001188
v -0.375308 0.360822 0.003156
v -0.067474 0.295863 -0.023270
v -0.067474 0.295863 -0.025270
v 0.259578 0.295863 -0.023270
v 0.259578 0.295863 -0.025270
v 0.259578 0.199533 -0.023270
v 0.259578 0.199533 -0.025270
v -0.067474 0.199533 -0.023270
v -0.067474 0.199533 -0.025270
v -0.368212 0.321446 -0.008285
v -0.368212 0.321804 -0.010253
v -0.377686 0.360464 -0.001190
v -0.377686 0.360822 -0.003158
v -0.375308 0.360464 -0.001190
v -0.375308 0.360822 -0.003158
v -0.384780 0.321446 -0.008285
v -0.384780 0.321804 -0.010253
v -0.678991 0.221320 -0.026405
v -0.678991 0.222734 -0.027819
v -0.506292 0.232257 -0.000001
v -0.506292 0.234257 -0.000001
v -0.506292 0.221320 -0.026406
v -0.506292 0.222734 -0.027820
v -0.678991 0.232257 -0.000000
v -0.678991 0.234257 -0.000000
v -0.678991 0.194915 -0.037343
v -0.678991 0.194915 -0.039343
v -0.506292 0.221320 0.026404
v -0.506292 0.222734 0.027818
v -0.506292 0.194915 -0.037343
v -0.506292 0.194915 -0.039343
v -0.678991 0.221320 0.026405
v -0.678991 0.222734 0.027819
v -0.678991 0.168510 -0.026405
v -0.678991 0.167096 -0.027819
v -0.506292 0.194915 0.037342
v -0.506292 0.194915 0.039342
v -0.506292 0.168510 -0.026406
v -0.506292 0.167096 -0.027820
v -0.678991 0.194915 0.037342
v -0.678991 0.194915 0.039342
v -0.506292 0.157573 -0.000001
v -0.506292 0.155573 -0.000001
v -0.506292 0.168510 0.026404
v -0.506292 0.167096 0.027818
v -0.678991 0.157573 -0.000000
v -0.678991 0.155573 -0.000000
v -0.678991 0.168510 0.026405
v -0.678991 0.167096 0.027819
v 0.603967 0.316096 0.015464
v 0.603967 0.316096 0.017464
v 0.615034 0.316096 0.015464
v 0.615034 0.316096 0.017464
v 0.603967 0.333838 0.015464
v 0.603967 0.333838 0.017464
v 0.615034 0.333838 0.015464
v 0.615034 0.333838 0.017464
v 0.615034 0.333838 -0.015545
v 0.615034 0.333838 -0.017545
v 0.603967 0.316096 -0.015545
v 0.603967 0.316096 -0.017545
v 0.603967 0.333838 -0.015545
v 0.603967 0.333838 -0.017545
v 0.615034 0.316096 -0.015545
v 0.615034 0.316096 -0.017545
v 0.603967 0.358828 0.023189
v 0.603967 0.358828 0.021189
v 0.615034 0.358828 0.023189
v 0.615034 0.358828 0.021189
v 0.615034 0.342431 0.016397
v 0.615034 0.343845 0.014983
v 0.603967 0.375225 0.016397
v 0.603967 0.373811 0.014983
v 0.603967 0.342431 0.016397
v 0.603967 0.343845 0.014983
v 0.615034 0.375225 0.016397
v 0.615034 0.373811 0.014983
v 0.603967 0.335639 -0.000000
v 0.603967 0.337639 -0.000000
v 0.603967 0.382017 -0.000000
v 0.603967 0.380017 -0.000000
v 0.615034 0.335639 -0.000000
v 0.615034 0.337639 -0.000000
v 0.615034 0.382017 -0.000000
v 0.615034 0.380017 -0.000000
v 0.603967 0.342431 -0.016397
v 0.603967 0.343845 -0.014983
v 0.603967 0.375225 -0.016397
v 0.603967 0.373811 -0.014983
v 0.615034 0.342431 -0.016397
v 0.615034 0.343845 -0.014983
v 0.615034 0.375225 -0.016397
v 0.615034 0.373811 -0.014983
v 0.603967 0.358828 -0.023189
v 0.603967 0.358828 -0.021189
v 0.615034 0.358828 -0.023189
v 0.615034 0.358828 -0.021189
v 0.615034 0.336573 0.022255
v 0.615034 0.335159 0.023669
v 0.615034 0.358828 0.031474
v 0.615034 0.358828 0.033474
v 0.603967 0.336573 0.022255
v 0.603967 0.335159 0.023669
v 0.603967 0.358828 0.031474
v 0.603967 0.358828 0.033474
v 0.603967 0.327354 -0.000000
v 0.603967 0.325354 -0.000000
v 0.615034 0.381083 0.022255
v 0.615034 0.382497 0.023669
v 0.615034 0.327354 -0.000000
v 0.615034 0.325354 -0.000000
v 0.603967 0.381083 0.022255
v 0.603967 0.382497 0.023669
v 0.603967 0.336573 -0.022255
v 0.603967 0.335159 -0.023669
v 0.615034 0.390302 -0.000000
v 0.615034 0.392302 -0.000000
v 0.615034 0.336573 -0.022255
v 0.615034 0.335159 -0.023669
v 0.603967 0.390302 -0.000000
v 0.603967 0.392302 -0.000000
v 0.603967 0.358828 -0.031475
v 0.603967 0.358828 -0.033475
v 0.615034 0.381083 -0.022255
v 0.615034 0.382497 -0.023669
v 0.615034 0.358828 -0.031475
v 0.615034 0.358828 -0.033475
v 0.603967 0.381083 -0.022255
v 0.603967 0.382497 -0.023669
v -0.345912 0.347899 -0.026684
v -0.345912 0.347899 -0.024684
v -0.406679 0.322483 -0.026684
v -0.406679 0.322483 -0.024684
v -0.345912 0.322483 -0.026684
v -0.345912 0.322483 -0.024684
v -0.370910 0.379479 -0.026684
v -0.370910 0.379479 -0.024684
v -0.406679 0.379479 -0.026684
v -0.406679 0.379479 -0.024684
v -0.370910 0.379479 0.026683
v -0.370910 0.379479 0.024683
v -0.406679 0.322483 0.026683
v -0.406679 0.322483 0.024683
v -0.406679 0.379479 0.026683
v -0.406679 0.379479 0.024683
v -0.345912 0.347899 0.026682
v -0.345912 0.347899 0.024682
v -0.345912 0.322483 0.026682
v -0.345912 0.322483 0.024682
v 0.550982 0.313940 -0.036160
v 0.550982 0.313940 -0.034160
v 0.668720 0.313940 -0.036160
v 0.668720 0.313940 -0.034160
v 0.644643 0.390544 -0.036160
v 0.644643 0.390544 -0.034160
v 0.668720 0.361840 -0.036160
v 0.668720 0.361840 -0.034160
v 0.575059 0.390544 -0.036160
v 0.575059 0.390544 -0.034160
v 0.550982 0.361840 -0.036160
v 0.550982 0.361840 -0.034160
v 0.644643 0.390544 0.036155
v 0.644643 0.390544 0.034155
v 0.550982 0.313940 0.036155
v 0.550982 0.313940 0.034155
v 0.575059 0.390544 0.036155
v 0.575059 0.390544 0.034155
v 0.550982 0.361840 0.036155
v 0.550982 0.361840 0.034155
v 0.668720 0.313940 0.036155
v 0.668720 0.313940 0.034155
v 0.668720 0.361840 0.036155
v 0.668720 0.361840 0.034155
v 0.110044 -0.003824 -0.094510
v 0.108044 -0.003824 -0.094510
v 0.110044 -0.390544 -0.094510
v 0.108044 -0.390544 -0.094510
v 0.110044 -0.390544 0.094512
v 0.108044 -0.390544 0.094512
v 0.110044 -0.003824 0.094512
v 0.108044 -0.003824 0.094512
v -0.067474 0.199533 -0.023270
v -0.067474 0.201533 -0.023270
v 0.259578 0.199533 -0.023270
v 0.259578 0.201533 -0.023270
v -0.067474 0.199533 -0.069417
v -0.067474 0.201533 -0.069417
v 0.259578 0.199533 -0.069417
v 0.259578 0.201533 -0.069417
v 0.259578 0.295863 -0.023270
v 0.259578 0.293863 -0.023270
v -0.067474 0.295863 -0.023270
v -0.067474 0.293863 -0.023270
v 0.259578 0.295863 -0.069417
v 0.259578 0.293863 -0.069417
v -0.067474 0.295863 -0.069417
v -0.067474 0.293863 -0.069417
v -0.381278 0.186165 -0.082985
v -0.381278 0.188165 -0.082985
v 0.413232 0.186165 0.082989
v 0.413232 0.188165 0.082989
v 0.413232 0.186165 -0.082986
v 0.413232 0.188165 -0.082986
v -0.381278 0.186165 0.082990
v -0.381278 0.188165 0.082990
v 0.490954 0.152631 -0.094512
v 0.490954 0.154631 -0.094512
v -0.127135 0.152631 -0.094510
v -0.127135 0.154631 -0.094510
v -0.127135 0.152631 0.094512
v -0.127135 0.154631 0.094512
v 0.490955 0.152631 0.094511
v 0.490955 0.154631 0.094511
v -0.067474 0.199533 -0.069417
v -0.065474 0.199533 -0.069417
v -0.067474 0.295863 -0.069417
v -0.065474 0.295863 -0.069417
v -0.067474 0.295863 -0.023270
v -0.065474 0.295863 -0.023270
v -0.067474 0.199533 -0.023270
v -0.065474 0.199533 -0.023270
v 0.259578 0.199533 -0.023270
v 0.257578 0.199533 -0.023270
v 0.259578 0.295863 -0.023270
v 0.257578 0.295863 -0.023270
v 0.259578 0.199533 -0.069417
v 0.257578 0.199533 -0.069417
v 0.259578 0.295863 -0.069417
v 0.257578 0.295863 -0.069417
v 0.539921 0.318687 -0.082986
v 0.538475 0.320069 -0.082986
v 0.413232 0.186165 -0.082986
v 0.411786 0.187547 -0.082986
v 0.413232 0.186165 0.082989
v 0.411786 0.187547 0.082989
v 0.539921 0.318687 0.082989
v 0.538475 0.320069 0.082989
v 0.554403 0.314804 -0.049868
v 0.552999 0.316229 -0.049868
v 0.554403 0.314804 0.049867
v 0.552999 0.316229 0.049867
v 0.566167 0.326394 -0.049868
v 0.564763 0.327819 -0.049868
v 0.566167 0.326394 0.049867
v 0.564763 0.327819 0.049867
v -0.370910 0.379479 -0.047190
v -0.370039 0.381279 -0.047190
v -0.345912 0.347899 -0.026684
v -0.344023 0.348556 -0.026684
v -0.345912 0.347899 -0.047190
v -0.344023 0.348556 -0.047190
v -0.370910 0.379479 -0.026684
v -0.370039 0.381279 -0.026684
v -0.406679 0.379479 -0.047190
v -0.406679 0.381479 -0.047190
v -0.406679 0.379479 -0.026684
v -0.406679 0.381479 -0.026684
v -0.345912 0.322483 -0.026684
v -0.343912 0.322483 -0.026684
v -0.345912 0.306416 -0.047190
v -0.343912 0.306416 -0.047190
v -0.345912 0.322483 0.026682
v -0.343912 0.322483 0.026682
v -0.345912 0.306416 0.047189
v -0.343912 0.306416 0.047189
v -0.345912 0.347899 0.047189
v -0.344023 0.348556 0.047189
v -0.345912 0.347899 0.026682
v -0.344023 0.348556 0.026682
v -0.370910 0.379479 0.026683
v -0.370039 0.381279 0.026683
v -0.370910 0.379479 0.047189
v -0.370039 0.381279 0.047189
v -0.406679 0.379479 0.047189
v -0.406679 0.381479 0.047189
v -0.406679 0.379479 0.026683
v -0.406679 0.381479 0.026683
v -0.375308 0.360464 0.001188
v -0.373340 0.360822 0.001188
v -0.368212 0.321446 -0.008285
v -0.366244 0.321804 -0.008285
v -0.375308 0.360464 -0.001190
v -0.373340 0.360822 -0.001190
v -0.368212 0.321446 0.008283
v -0.366244 0.321804 0.008283
v 0.603967 0.316096 -0.015545
v 0.601967 0.316096 -0.015545
v 0.603967 0.330780 -0.000041
v 0.601967 0.330780 -0.000041
v 0.603967 0.333838 -0.015545
v 0.601967 0.333838 -0.015545
v 0.603967 0.316096 0.015464
v 0.601967 0.316096 0.015464
v 0.603967 0.333838 0.015464
v 0.601967 0.333838 0.015464
v 0.603967 0.381083 -0.022255
v 0.601967 0.381083 -0.022255
v 0.603967 0.382017 -0.000000
v 0.601967 0.382017 -0.000000
v 0.603967 0.390302 -0.000000
v 0.601967 0.390302 -0.000000
v 0.603967 0.381083 0.022255
v 0.601967 0.381083 0.022255
v 0.603967 0.375225 -0.016397
v 0.601967 0.375225 -0.016397
v 0.603967 0.375225 0.016397
v 0.601967 0.375225 0.016397
v 0.603967 0.358828 -0.023189
v 0.601967 0.358828 -0.023189
v 0.603967 0.358828 0.023189
v 0.601967 0.358828 0.023189
v 0.603967 0.358828 -0.031475
v 0.601967 0.358828 -0.031475
v 0.603967 0.358828 0.031474
v 0.601967 0.358828 0.031474
v 0.603967 0.336573 -0.022255
v 0.601967 0.336573 -0.022255
v 0.603967 0.336573 0.022255
v 0.601967 0.336573 0.022255
v 0.603967 0.342431 -0.016397
v 0.601967 0.342431 -0.016397
v 0.603967 0.342431 0.016397
v 0.601967 0.342431 0.016397
v 0.603967 0.335639 -0.000000
v 0.601967 0.335639 -0.000000
v 0.603967 0.327354 -0.000000
v 0.601967 0.327354 -0.000000
v 0.575525 0.389544 0.058833
v 0.551982 0.361476 0.058833
v 0.551982 0.314940 0.058833
v 0.667720 0.314940 0.058833
v 0.667720 0.361476 0.058833
v 0.644177 0.389544 0.058833
v 0.422821 -0.250195 0.095511
v 0.387037 -0.002824 0.095511
v 0.480169 -0.002824 0.095511
v 0.508504 0.024539 0.095511
v 0.490089 0.151631 0.095511
v -0.126298 0.151631 0.095512
v -0.148961 0.024524 0.095512
v -0.120640 -0.002824 0.095512
v 0.111044 -0.002824 0.095512
v 0.111044 -0.389544 0.095512
v 0.380869 -0.389544 0.095511
v 0.614034 0.344062 -0.016073
v 0.614034 0.357904 -0.021806
v 0.604967 0.357904 -0.021806
v 0.604967 0.344062 -0.016073
v -0.369407 0.322609 -0.009090
v -0.383585 0.322609 -0.009090
v -0.376849 0.359659 -0.002353
v -0.376145 0.359659 -0.002353
v 0.258578 0.200533 -0.024270
v -0.066474 0.200533 -0.024270
v -0.066474 0.294863 -0.024270
v 0.258578 0.294863 -0.024270
v 0.614034 0.337022 0.000924
v 0.604967 0.337022 0.000924
v 0.604967 0.342755 0.014766
v 0.614034 0.342755 0.014766
v 0.549982 0.314940 -0.037160
v 0.550042 0.361182 -0.037160
v 0.550042 0.361182 -0.056836
v 0.549982 0.314940 -0.056836
v -0.677991 0.176174 0.017434
v -0.598317 0.176016 0.017592
v -0.598317 0.169111 0.000923
v -0.677991 0.169335 0.000924
v -0.597317 0.177164 -0.017752
v -0.597317 0.169811 -0.000001
v -0.597317 0.177164 0.017751
v -0.597317 0.194915 0.025103
v -0.597317 0.212667 0.017751
v -0.597317 0.220019 -0.000001
v -0.597317 0.212667 -0.017752
v -0.597317 0.194915 -0.025105
v -0.677991 0.222410 -0.026188
v -0.677991 0.232874 -0.000924
v -0.507292 0.232874 -0.000925
v -0.507292 0.222410 -0.026189
v -0.371394 0.378479 -0.025684
v -0.405679 0.378479 -0.025684
v -0.405679 0.323483 -0.025684
v -0.346912 0.323483 -0.025684
v -0.346912 0.347551 -0.025684
v 0.669017 0.362948 0.037155
v 0.645708 0.390684 0.037155
v 0.645708 0.390684 0.056833
v 0.669017 0.362948 0.056833
v -0.344968 0.347228 -0.046190
v -0.344968 0.347228 -0.027684
v -0.344912 0.321483 -0.027684
v -0.344912 0.321483 0.027682
v -0.344968 0.347228 0.027682
v -0.344968 0.347228 0.046189
v -0.344912 0.307416 0.046189
v -0.344912 0.307416 -0.046190
v 0.573994 0.390684 0.037155
v 0.550685 0.362948 0.037155
v 0.550685 0.362948 0.056833
v 0.573994 0.390684 0.056833
v 0.389325 -0.004671 -0.093512
v 0.389325 -0.004671 0.093511
v 0.424696 -0.249356 0.093511
v 0.424695 -0.249356 -0.093512
v -0.433352 0.041663 0.070424
v 0.541120 0.041663 0.070422
v 0.541120 0.307118 0.070422
v -0.433352 0.307118 0.070424
v -0.679991 0.169275 -0.025640
v -0.679991 0.158655 -0.000000
v -0.679991 0.169184 0.025419
v -0.679991 0.189617 0.025851
v -0.679991 0.175085 0.019830
v -0.679991 0.166870 -0.000000
v -0.679991 0.175085 -0.019831
v -0.679991 0.194915 -0.028045
v -0.679991 0.214746 -0.019831
v -0.679991 0.222960 -0.000000
v -0.679991 0.215161 0.018830
v -0.679991 0.220969 0.024640
v -0.679991 0.231175 -0.000000
v -0.679991 0.220555 -0.025640
v -0.679991 0.194915 -0.036261
v 0.614034 0.317096 0.016464
v 0.614034 0.332838 0.016464
v 0.604967 0.332838 0.016464
v 0.604967 0.317096 0.016464
v 0.616034 0.336924 0.020490
v 0.616034 0.328436 -0.000000
v 0.616034 0.335337 -0.016659
v 0.616034 0.334631 0.000179
v 0.616034 0.341251 0.016162
v -0.677991 0.195839 0.037959
v -0.507292 0.195839 0.037959
v -0.507292 0.221103 0.027494
v -0.677991 0.221103 0.027495
v -0.677991 0.177481 0.018741
v -0.677991 0.193991 0.025580
v -0.598317 0.193991 0.025803
v -0.598317 0.177323 0.018899
v 0.604967 0.334626 0.014289
v 0.614034 0.334626 0.014289
v 0.614034 0.331955 0.000747
v 0.604967 0.331955 0.000747
v 0.669660 0.361182 -0.056836
v 0.669660 0.361182 -0.037160
v 0.669720 0.314940 -0.037160
v 0.669720 0.314940 -0.056836
v 0.604967 0.373594 -0.016073
v 0.604967 0.359752 -0.021806
v 0.614034 0.359752 -0.021806
v 0.614034 0.373594 -0.016073
v 0.541120 0.039663 -0.068417
v 0.541120 0.039663 0.068422
v -0.433352 0.039663 0.068424
v -0.433354 0.039663 -0.068416
v -0.431613 0.243356 0.047133
v -0.431613 0.262496 0.000923
v -0.512033 0.262496 0.000924
v -0.512033 0.243356 0.047133
v 0.604967 0.373594 0.016073
v 0.614034 0.373594 0.016073
v 0.614034 0.359752 0.021806
v 0.604967 0.359752 0.021806
v 0.614034 0.342755 -0.014766
v 0.604967 0.342755 -0.014766
v 0.604967 0.337022 -0.000924
v 0.614034 0.337022 -0.000924
v -0.405679 0.380479 -0.027684
v -0.371474 0.380379 -0.027684
v -0.371474 0.380379 -0.046190
v -0.405679 0.380479 -0.046190
v -0.371474 0.380379 0.027683
v -0.405679 0.380479 0.027683
v -0.405679 0.380479 0.046189
v -0.371474 0.380379 0.046189
v -0.431613 0.193991 0.067581
v -0.512033 0.193991 0.067581
v -0.512033 0.147781 0.048440
v -0.431613 0.147781 0.048440
v -0.507292 0.156956 -0.000925
v -0.677991 0.156956 -0.000924
v -0.677991 0.167420 -0.026188
v -0.507292 0.167420 -0.026189
v 0.551982 0.314940 -0.058836
v 0.551982 0.361476 -0.058836
v 0.575525 0.389544 -0.058836
v 0.644177 0.389544 -0.058836
v 0.667720 0.361476 -0.058836
v 0.667720 0.314940 -0.058836
v 0.492088 0.151785 0.093511
v 0.510370 0.024841 0.093511
v 0.510370 0.024841 -0.093512
v 0.492087 0.151785 -0.093512
v -0.677991 0.195839 0.025580
v -0.677991 0.212350 0.018741
v -0.598317 0.212508 0.018899
v -0.598317 0.195839 0.025803
v 0.614034 0.359752 -0.032092
v 0.604967 0.359752 -0.032092
v 0.604967 0.380866 -0.023345
v 0.614034 0.380866 -0.023345
v -0.677991 0.168727 0.027495
v -0.507292 0.168727 0.027494
v -0.507292 0.193991 0.037959
v -0.677991 0.193991 0.037959
v -0.369407 0.322609 0.009088
v -0.376145 0.359659 0.002351
v -0.376849 0.359659 0.002351
v -0.383585 0.322609 0.009088
v -0.512033 0.127334 0.000924
v -0.431613 0.127334 0.000923
v -0.431613 0.146474 0.047133
v -0.512033 0.146474 0.047133
v 0.602967 0.337338 0.021490
v 0.602967 0.357828 0.029977
v 0.602967 0.357828 0.023857
v 0.602967 0.341666 0.017162
v 0.602967 0.334971 0.001000
v 0.602967 0.328851 0.001000
v -0.066474 0.294863 -0.024270
v -0.066474 0.200533 -0.024270
v -0.066474 0.200533 -0.068417
v -0.066474 0.294863 -0.068417
v -0.598317 0.213815 0.017592
v -0.677991 0.213657 0.017434
v -0.677991 0.220495 0.000924
v -0.598317 0.220719 0.000923
v 0.575636 0.391450 -0.037160
v 0.644066 0.391450 -0.037160
v 0.644066 0.391450 -0.056836
v 0.575636 0.391450 -0.056836
v -0.371394 0.378479 0.025683
v -0.346912 0.347551 0.025682
v -0.346912 0.323483 0.025682
v -0.405679 0.323483 0.025683
v -0.405679 0.378479 0.025683
v 0.109044 -0.389544 0.093512
v 0.109044 -0.004824 0.093512
v 0.109044 -0.004824 -0.093510
v 0.109044 -0.389544 -0.093510
v -0.598317 0.220719 -0.000925
v -0.677991 0.220495 -0.000924
v -0.677991 0.213657 -0.017435
v -0.598317 0.213815 -0.017593
v -0.376686 0.361464 0.000188
v -0.376308 0.361464 0.000188
v -0.376308 0.361464 -0.000190
v -0.376686 0.361464 -0.000190
v -0.512033 0.193991 -0.067582
v -0.431613 0.193991 -0.067582
v -0.431613 0.147781 -0.048443
v -0.512033 0.147781 -0.048441
v 0.550685 0.362948 -0.056836
v 0.550685 0.362948 -0.037160
v 0.573994 0.390684 -0.037160
v 0.573994 0.390684 -0.056836
v 0.669660 0.361182 0.056833
v 0.669720 0.314940 0.056833
v 0.669720 0.314940 0.037155
v 0.669660 0.361182 0.037155
v -0.126135 0.153631 0.093512
v 0.489955 0.153631 0.093511
v 0.489954 0.153631 -0.093512
v -0.126135 0.153631 -0.093510
v 0.554413 0.316218 0.048867
v 0.564753 0.326405 0.048867
v 0.564753 0.326405 -0.048868
v 0.554413 0.316218 -0.048868
v 0.658648 0.326405 0.048867
v 0.668988 0.316218 0.048867
v 0.668988 0.316218 -0.048868
v 0.658648 0.326405 -0.048868
v -0.679991 0.195104 0.027967
v -0.679991 0.173808 0.027517
v -0.679991 0.194915 0.036260
v -0.679991 0.219555 0.026054
v -0.679991 0.213746 0.020245
v 0.616034 0.329761 -0.000041
v 0.616034 0.332621 0.014464
v 0.616034 0.317096 0.014464
v 0.616034 0.317096 -0.014545
v 0.616034 0.332621 -0.014545
v 0.413659 0.185165 0.083989
v -0.380278 0.185165 0.083990
v -0.380278 0.026489 0.083990
v 0.633089 0.026489 0.083989
v 0.677991 0.058283 0.083989
v 0.677991 0.317687 0.083989
v 0.540348 0.317687 0.083989
v -0.507292 0.195839 -0.037960
v -0.677991 0.195839 -0.037960
v -0.677991 0.221103 -0.027495
v -0.507292 0.221103 -0.027496
v -0.431613 0.242049 0.048440
v -0.512033 0.242049 0.048440
v -0.512033 0.195839 0.067581
v -0.431613 0.195839 0.067581
v -0.407679 0.378479 -0.046190
v -0.407679 0.307416 -0.046190
v -0.407679 0.307416 0.046189
v -0.407679 0.378479 0.046189
v -0.407679 0.378479 0.027683
v -0.407679 0.321483 0.027683
v -0.407679 0.321483 -0.027684
v -0.407679 0.378479 -0.027684
v 0.413659 0.185165 -0.083986
v 0.540348 0.317687 -0.083986
v 0.677991 0.317687 -0.083986
v 0.677991 0.058283 -0.083986
v 0.633089 0.026489 -0.083986
v -0.380278 0.026489 -0.083985
v -0.380278 0.185165 -0.083985
v 0.538301 0.041663 -0.070417
v -0.433354 0.041663 -0.070416
v -0.433354 0.307084 -0.070416
v -0.068474 0.294896 -0.070417
v -0.068474 0.198533 -0.070417
v 0.259316 0.198533 -0.070417
v 0.540921 0.319687 0.081989
v 0.677991 0.319687 0.081989
v 0.677991 0.319687 -0.081986
v 0.540921 0.319687 -0.081986
v -0.067457 0.296863 -0.070417
v -0.374463 0.307118 -0.070416
v 0.541120 0.307118 -0.070417
v 0.541120 0.042373 -0.070417
v 0.260578 0.200118 -0.070417
v 0.260578 0.296863 -0.070417
v -0.382278 0.026489 0.081990
v -0.382278 0.185165 0.081990
v -0.382278 0.185165 -0.081985
v -0.382278 0.026489 -0.081985
v 0.616034 0.336875 -0.005596
v 0.616034 0.337545 -0.021575
v 0.616034 0.358828 -0.030393
v 0.616034 0.380318 -0.021490
v 0.616034 0.389220 -0.000000
v 0.616034 0.380318 0.021490
v 0.616034 0.358828 0.030392
v 0.616034 0.338338 0.021904
v 0.616034 0.342666 0.017577
v 0.616034 0.358828 0.024271
v 0.616034 0.375990 0.017162
v 0.616034 0.383099 -0.000000
v 0.616034 0.375990 -0.017162
v 0.616034 0.358828 -0.024271
v 0.616034 0.341666 -0.017162
v -0.150815 0.024851 0.093512
v -0.128295 0.151822 0.093512
v -0.128295 0.151822 -0.093510
v -0.150816 0.024851 -0.093510
v -0.346912 0.323483 -0.025684
v -0.405679 0.323483 -0.025684
v -0.405679 0.323483 0.025683
v -0.346912 0.323483 0.025682
v -0.433352 0.309118 0.068424
v 0.541120 0.309118 0.068422
v 0.541120 0.309118 -0.068417
v -0.433354 0.309118 -0.068416
v 0.424550 -0.251303 -0.093512
v 0.424551 -0.251303 0.093511
v 0.382858 -0.389875 0.093511
v 0.382858 -0.389875 -0.093512
v 0.479948 -0.004751 0.093511
v 0.389192 -0.004824 0.093511
v 0.389192 -0.004824 -0.093512
v 0.479948 -0.004751 -0.093512
v -0.346912 0.347551 0.048189
v -0.371394 0.378479 0.048189
v -0.405679 0.378479 0.048189
v -0.405679 0.307416 0.048189
v -0.346912 0.307416 0.048189
v -0.122140 -0.004057 -0.093510
v -0.122138 -0.004057 0.093512
v -0.150271 0.023172 0.093512
v -0.150272 0.023172 -0.093510
v -0.346912 0.307416 -0.048190
v -0.405679 0.307416 -0.048190
v -0.405679 0.378479 -0.048190
v -0.371394 0.378479 -0.048190
v -0.346912 0.347551 -0.048190
v 0.679063 0.056729 -0.081986
v 0.679063 0.056729 0.081989
v 0.634526 0.025114 0.081989
v 0.634526 0.025114 -0.081986
v 0.679879 0.058307 -0.081986
v 0.679991 0.317687 -0.081986
v 0.679991 0.317687 0.081989
v 0.679879 0.058307 0.081989
v -0.677991 0.232874 0.000924
v -0.677991 0.222410 0.026188
v -0.507292 0.222410 0.026187
v -0.507292 0.232874 0.000923
v -0.374145 0.359659 0.000351
v -0.367407 0.322609 0.007088
v -0.367407 0.322609 -0.007090
v -0.374145 0.359659 -0.000353
v -0.507292 0.167420 0.026187
v -0.677991 0.167420 0.026188
v -0.677991 0.156956 0.000924
v -0.507292 0.156956 0.000923
v 0.109044 -0.004824 -0.093510
v 0.109044 -0.004824 0.093512
v -0.120419 -0.004751 0.093512
v -0.120421 -0.004751 -0.093510
v 0.632710 0.024536 -0.081986
v 0.632710 0.024536 0.081989
v -0.380278 0.024489 0.081990
v -0.380278 0.024489 -0.081985
v 0.614034 0.357904 0.032091
v 0.604967 0.357904 0.032091
v 0.604967 0.336790 0.023345
v 0.614034 0.336790 0.023345
v -0.507292 0.168727 -0.027496
v -0.677991 0.168727 -0.027495
v -0.677991 0.193991 -0.037960
v -0.507292 0.193991 -0.037960
v 0.550042 0.361182 0.037155
v 0.549982 0.314940 0.037155
v 0.549982 0.314940 0.056833
v 0.550042 0.361182 0.056833
v 0.614034 0.332838 -0.016545
v 0.614034 0.317096 -0.016545
v 0.604967 0.317096 -0.016545
v 0.604967 0.332838 -0.016545
v 0.614034 0.344062 0.016073
v 0.604967 0.344062 0.016073
v 0.604967 0.357904 0.021806
v 0.614034 0.357904 0.021806
v 0.258578 0.200533 -0.068417
v -0.066474 0.200533 -0.068417
v -0.066474 0.200533 -0.024270
v 0.258578 0.200533 -0.024270
v 0.604967 0.331955 -0.000829
v 0.614034 0.331955 -0.000829
v 0.614034 0.334626 -0.014370
v 0.604967 0.334626 -0.014370
v 0.644066 0.391450 0.037155
v 0.575636 0.391450 0.037155
v 0.575636 0.391450 0.056833
v 0.644066 0.391450 0.056833
v 0.604967 0.380634 0.000924
v 0.614034 0.380634 0.000924
v 0.614034 0.374901 0.014766
v 0.604967 0.374901 0.014766
v -0.512033 0.242049 -0.048441
v -0.431613 0.242049 -0.048443
v -0.431613 0.195839 -0.067582
v -0.512033 0.195839 -0.067582
v 0.614034 0.380866 0.023345
v 0.604967 0.380866 0.023345
v 0.604967 0.359752 0.032091
v 0.614034 0.359752 0.032091
v 0.604967 0.374901 -0.014766
v 0.614034 0.374901 -0.014766
v 0.614034 0.380634 -0.000924
v 0.604967 0.380634 -0.000924
v -0.598317 0.177323 -0.018900
v -0.598317 0.193991 -0.025805
v -0.677991 0.193991 -0.025580
v -0.677991 0.177481 -0.018742
v 0.614034 0.326737 0.000924
v 0.614034 0.335483 0.022038
v 0.604967 0.335483 0.022038
v 0.604967 0.326737 0.000924
v 0.614034 0.335483 -0.022038
v 0.614034 0.326737 -0.000924
v 0.604967 0.326737 -0.000924
v 0.604967 0.335483 -0.022038
v 0.481667 -0.004057 0.093511
v 0.481667 -0.004057 -0.093512
v 0.509794 0.023157 -0.093512
v 0.509794 0.023157 0.093511
v 0.604967 0.390919 0.000924
v 0.604967 0.382173 0.022038
v 0.614034 0.382173 0.022038
v 0.614034 0.390919 0.000924
v 0.614034 0.357904 -0.032092
v 0.614034 0.336790 -0.023345
v 0.604967 0.336790 -0.023345
v 0.604967 0.357904 -0.032092
v -0.512033 0.146474 -0.047134
v -0.431613 0.146474 -0.047136
v -0.431613 0.127334 -0.000925
v -0.512033 0.127334 -0.000924
v -0.431613 0.262496 -0.000925
v -0.431613 0.243356 -0.047136
v -0.512033 0.243356 -0.047134
v -0.512033 0.262496 -0.000924
v 0.645708 0.390684 -0.056836
v 0.645708 0.390684 -0.037160
v 0.669017 0.362948 -0.037160
v 0.669017 0.362948 -0.056836
v -0.380278 0.187165 -0.081985
v -0.380278 0.187165 0.081990
v 0.412232 0.187165 0.081989
v 0.412232 0.187165 -0.081986
v 0.667720 0.314940 -0.035160
v 0.667720 0.361476 -0.035160
v 0.644177 0.389544 -0.035160
v 0.575525 0.389544 -0.035160
v 0.551982 0.361476 -0.035160
v 0.551982 0.314940 -0.035160
v 0.667720 0.314940 0.035155
v 0.551982 0.314940 0.035155
v 0.551982 0.361476 0.035155
v 0.575525 0.389544 0.035155
v 0.644177 0.389544 0.035155
v 0.667720 0.361476 0.035155
v -0.066474 0.294863 -0.068417
v 0.258578 0.294863 -0.068417
v 0.258578 0.294863 -0.024270
v -0.066474 0.294863 -0.024270
v -0.435352 0.041663 0.068424
v -0.435352 0.307118 0.068424
v -0.435354 0.307118 -0.068416
v -0.435354 0.041663 -0.068416
v 0.380612 -0.391544 0.093511
v 0.111044 -0.391544 0.093512
v 0.111044 -0.391544 -0.093510
v 0.380612 -0.391544 -0.093512
v -0.385585 0.322609 0.007088
v -0.378849 0.359659 0.000351
v -0.378849 0.359659 -0.000353
v -0.385585 0.322609 -0.007090
v 0.413200 0.187579 0.081989
v 0.538507 0.318655 0.081989
v 0.538507 0.318655 -0.081986
v 0.413200 0.187579 -0.081986
v 0.258578 0.294863 -0.068417
v 0.258578 0.200533 -0.068417
v 0.258578 0.200533 -0.024270
v 0.258578 0.294863 -0.024270
v 0.111044 -0.002824 -0.095510
v -0.120642 -0.002824 -0.095510
v -0.148962 0.024524 -0.095510
v -0.126298 0.151631 -0.095510
v 0.490088 0.151631 -0.095512
v 0.508504 0.024539 -0.095512
v 0.480169 -0.002824 -0.095512
v 0.387037 -0.002824 -0.095512
v 0.422820 -0.250195 -0.095512
v 0.380869 -0.389544 -0.095512
v 0.111044 -0.389544 -0.095510
v -0.369854 0.379595 -0.046190
v -0.369854 0.379595 -0.027684
v -0.345588 0.349012 -0.027684
v -0.345588 0.349012 -0.046190
v 0.602967 0.317096 -0.014545
v 0.602967 0.317096 0.014464
v 0.602967 0.332621 0.014464
v 0.602967 0.329761 -0.000041
v 0.602967 0.332621 -0.014545
v -0.369854 0.379595 0.027683
v -0.369854 0.379595 0.046189
v -0.345588 0.349012 0.046189
v -0.345588 0.349012 0.027682
v 0.602967 0.334971 -0.001000
v 0.602967 0.341666 -0.017162
v 0.602967 0.358828 -0.024271
v 0.602967 0.375990 -0.017162
v 0.602967 0.383099 -0.000000
v 0.602967 0.375990 0.017162
v 0.602967 0.359828 0.023857
v 0.602967 0.359828 0.029977
v 0.602967 0.380318 0.021490
v 0.602967 0.389220 -0.000000
v 0.602967 0.380318 -0.021490
v 0.602967 0.358828 -0.030393
v 0.602967 0.337338 -0.021490
v 0.602967 0.328851 -0.001000
v 0.567167 0.327394 -0.048868
v 0.567167 0.327394 0.048867
v 0.656234 0.327394 0.048867
v 0.656234 0.327394 -0.048868
v -0.598317 0.195839 -0.025805
v -0.598317 0.212508 -0.018900
v -0.677991 0.212350 -0.018742
v -0.677991 0.195839 -0.025580
v -0.514033 0.148329 0.046585
v -0.514033 0.194915 0.065882
v -0.514033 0.241501 0.046585
v -0.514033 0.260797 -0.000000
v -0.514033 0.241501 -0.046586
v -0.514033 0.194915 -0.065883
v -0.514033 0.148329 -0.046586
v -0.514033 0.129033 -0.000000
v -0.677991 0.169335 -0.000924
v -0.598317 0.169111 -0.000925
v -0.598317 0.176016 -0.017593
v -0.677991 0.176174 -0.017435
v 0.604967 0.382173 -0.022038
v 0.604967 0.390919 -0.000924
v 0.614034 0.390919 -0.000924
v 0.614034 0.382173 -0.022038
vn 0.4227 -0.9063 -0.0000
vn 0.9397 -0.3419 -0.0000
vn 0.6435 -0.2342 -0.7287
vn 0.2839 -0.6086 -0.7410
vn 0.2839 -0.6086 0.7410
vn 0.6435 -0.2342 0.7287
vn 0.7071 0.7071 -0.0000
vn 0.4082 0.4082 -0.8165
vn 0.4083 0.4082 0.8165
vn -0.7071 0.7071 -0.0000
vn -0.4082 0.4082 -0.8165
vn -0.4083 0.4082 0.8165
vn -0.9397 -0.3419 -0.0000
vn -0.6435 -0.2342 -0.7287
vn -0.6435 -0.2342 0.7287
vn -0.4227 -0.9063 -0.0000
vn -0.2839 -0.6086 -0.7410
vn -0.2839 -0.6086 0.7410
vn -0.9972 0.0743 -0.0000
vn -0.7560 0.6545 -0.0000
vn -0.4140 0.3585 -0.8367
vn -0.6967 0.0519 -0.7155
vn -0.6967 0.0519 0.7155
vn -0.4140 0.3585 0.8367
vn -0.3746 0.9272 -0.0000
vn -0.2547 0.6304 -0.7333
vn -0.2547 0.6304 0.7333
vn -0.9462 0.3236 -0.0000
vn -0.6291 0.2151 -0.7470
vn -0.6291 0.2151 0.7470
vn -0.6545 -0.7561 -0.0000
vn -0.3947 -0.4560 -0.7977
vn -0.3947 -0.4560 0.7977
vn 0.6421 -0.7667 -0.0000
vn 0.3906 -0.4665 -0.7936
vn 0.3906 -0.4665 0.7936
vn 0.9513 0.3081 -0.0000
vn 0.6295 0.2039 -0.7498
vn 0.6295 0.2039 0.7498
vn 0.3746 0.9272 -0.0000
vn 0.2547 0.6304 -0.7333
vn 0.2547 0.6304 0.7333
vn 0.4082 0.4082 0.8165
vn 0.4082 0.4083 -0.8165
vn 0.4083 0.4083 0.8165
vn -0.5965 0.8026 -0.0000
vn -0.3734 0.5024 -0.7799
vn -0.3734 0.5024 0.7799
vn -0.6815 0.5914 -0.4310
vn -0.6815 -0.7230 0.1134
vn -0.4327 -0.0000 -0.9015
vn -0.4327 -0.6375 -0.6375
vn -0.4664 0.6255 0.6255
vn -0.4664 -0.0000 0.8846
vn 0.6815 -0.7230 0.1134
vn 0.4327 -0.0000 -0.9015
vn 0.4664 -0.0000 0.8846
vn 0.6815 0.5914 -0.4310
vn 0.4327 -0.6375 -0.6375
vn 0.4664 0.6255 0.6255
vn -0.7669 0.6315 0.1148
vn 0.7668 0.6315 0.1148
vn 0.4142 0.1905 0.8900
vn -0.4142 0.1905 0.8900
vn -0.4142 0.4916 -0.7660
vn 0.4142 0.4917 -0.7660
vn 0.6418 -0.7545 -0.1372
vn 0.3906 -0.6011 0.6973
vn 0.3906 -0.3171 -0.8642
vn -0.6418 -0.7545 -0.1372
vn -0.3906 -0.6011 0.6972
vn -0.3906 -0.3172 -0.8642
vn -0.4082 0.4083 0.8165
vn -0.4082 0.4083 -0.8165
vn 0.7071 -0.7071 -0.0000
vn 0.4082 -0.4082 0.8165
vn 0.4082 -0.4082 -0.8165
vn -0.7071 -0.7071 -0.0000
vn -0.4083 -0.4082 0.8165
vn -0.4083 -0.4082 -0.8165
vn -0.6815 0.1134 0.7230
vn 0.6815 0.1134 0.7230
vn 0.4327 -0.9016 -0.0000
vn -0.4327 -0.9016 -0.0000
vn -0.4664 0.8846 -0.0000
vn 0.4664 0.8846 -0.0000
vn 0.6815 -0.4310 -0.5915
vn 0.4327 -0.6375 0.6375
vn 0.4664 0.6255 -0.6255
vn -0.6815 -0.4310 -0.5915
vn -0.4327 -0.6375 0.6375
vn -0.4664 0.6255 -0.6255
vn -0.0003 0.7128 -0.7014
vn -0.1499 -0.7047 -0.6935
vn 0.8307 -0.3046 -0.4659
vn 0.8207 0.4070 -0.4010
vn -0.8203 0.4083 -0.4005
vn -0.8449 0.3099 -0.4360
vn -0.1499 -0.7047 0.6935
vn 0.8307 -0.3046 0.4659
vn -0.8449 0.3099 0.4360
vn -0.0003 0.7128 0.7014
vn 0.8207 0.4070 0.4010
vn -0.8203 0.4083 0.4005
vn 0.7075 -0.4016 -0.5815
vn -0.6625 -0.6199 -0.4206
vn 0.6608 -0.5307 0.5307
vn 0.4216 -0.6412 0.6412
vn 0.4590 0.6282 -0.6282
vn -0.4531 0.6304 -0.6304
vn -0.6625 -0.1409 0.7357
vn 0.6608 -0.7506 -0.0000
vn -0.4531 0.8915 -0.0000
vn 0.7075 0.1272 0.6951
vn 0.4216 -0.9068 -0.0000
vn 0.4590 0.8884 -0.0000
vn 0.4705 0.6239 0.6239
vn 0.4706 0.8824 -0.0000
vn 0.6608 -0.5307 -0.5307
vn -0.4530 0.6304 0.6304
vn 0.4705 0.6239 -0.6240
vn 0.4705 -0.0000 -0.8824
vn 0.6608 -0.0000 0.7505
vn -0.4530 -0.0000 -0.8915
vn 0.4706 -0.6239 -0.6239
vn 0.6608 0.5307 0.5307
vn -0.4530 -0.6304 -0.6304
vn 0.4705 -0.8824 -0.0000
vn 0.6608 0.7506 -0.0000
vn -0.4530 -0.8915 -0.0000
vn 0.4705 -0.6239 0.6239
vn 0.6608 0.5307 -0.5307
vn -0.4530 -0.6304 0.6304
vn 0.4706 -0.0000 0.8824
vn 0.6608 -0.0000 -0.7506
vn -0.4530 -0.0000 0.8915
vn 0.6815 0.4310 0.5915
vn 0.6815 -0.1134 -0.7230
vn 0.4664 -0.8846 -0.0000
vn 0.4664 -0.6255 0.6255
vn 0.4327 0.6375 -0.6375
vn 0.4327 0.9015 -0.0000
vn -0.6815 -0.1134 -0.7230
vn -0.4664 -0.8846 -0.0000
vn -0.4327 0.9015 -0.0000
vn -0.6815 0.4310 0.5915
vn -0.4664 -0.6255 0.6255
vn -0.4327 0.6375 -0.6375
vn -0.4355 -0.9002 -0.0000
vn 0.4083 -0.4082 -0.8165
vn -0.2914 -0.6023 -0.7432
vn -0.2914 -0.6023 0.7432
vn 0.4083 -0.4082 0.8165
vn 0.4083 0.4082 -0.8165
vn -0.4083 0.4082 -0.8165
vn -0.9445 -0.3286 -0.0000
vn -0.6485 -0.2256 -0.7270
vn -0.6485 -0.2256 0.7270
vn -0.3411 0.6455 0.6834
vn 0.6014 -0.4210 0.6790
vn -0.3719 -0.7997 0.4714
vn -0.8307 -0.3046 0.4659
vn 0.8449 0.3099 0.4360
vn 0.3800 0.8169 0.4339
vn 0.6014 -0.4210 -0.6790
vn -0.3719 -0.7997 -0.4714
vn 0.3800 0.8169 -0.4339
vn -0.3411 0.6455 -0.6834
vn -0.8307 -0.3046 -0.4659
vn 0.8449 0.3099 -0.4360
vn 0.1438 -0.7049 0.6946
vn 0.1428 -0.7046 -0.6951
vn -0.8360 -0.2933 -0.4638
vn -0.8359 -0.2932 0.4640
vn 0.8495 0.2981 0.4353
vn 0.8492 0.2982 -0.4359
vn 0.0003 -0.7115 -0.7027
vn -0.8203 -0.4076 -0.4012
vn 0.8202 -0.4066 -0.4024
vn 0.0003 -0.7115 0.7027
vn -0.8203 -0.4076 0.4012
vn 0.8202 -0.4066 0.4024
vn 0.1428 -0.7046 0.6951
vn -0.8360 -0.2933 0.4639
vn 0.8492 0.2982 0.4359
vn 0.1438 -0.7049 -0.6946
vn -0.8359 -0.2932 -0.4640
vn 0.8495 0.2981 -0.4353
vn 0.0003 0.7123 -0.7018
vn -0.8204 0.4071 -0.4016
vn 0.8200 0.4084 -0.4011
vn 0.0003 0.7123 0.7018
vn -0.8204 0.4071 0.4016
vn 0.8200 0.4084 0.4011
vn -0.6014 -0.4210 0.6790
vn 0.3412 0.6455 0.6834
vn 0.3719 -0.7997 0.4714
vn -0.3800 0.8169 0.4339
vn 0.3412 0.6455 -0.6834
vn -0.6014 -0.4210 -0.6790
vn 0.3719 -0.7997 -0.4714
vn -0.3800 0.8169 -0.4339
vn 0.1016 -0.7019 0.7050
vn 0.1016 -0.7019 -0.7050
vn -0.7513 -0.5208 -0.4054
vn -0.7513 -0.5208 0.4054
vn 0.8681 -0.2866 0.4054
vn 0.8681 -0.2866 -0.4054
vn -0.0083 0.7124 -0.7017
vn -0.8851 0.0659 -0.4606
vn 0.8946 -0.0666 -0.4418
vn -0.0084 0.7124 0.7017
vn -0.8851 0.0659 0.4606
vn 0.8946 -0.0666 0.4418
vn -0.4083 0.4083 -0.8165
vn 0.4083 0.4083 -0.8165
vn -0.4083 -0.4083 -0.8165
vn -0.4083 -0.4083 0.8165
vn 0.4083 -0.4083 -0.8165
vn 0.4083 -0.4083 0.8165
vn -0.0000 0.7071 0.7071
vn -0.0000 1.0000 -0.0000
vn 0.7345 0.6786 -0.0000
vn 0.7345 0.4798 0.4798
vn -0.7345 0.4799 0.4798
vn -0.7345 0.6786 -0.0000
vn -0.0000 0.5643 -0.8255
vn 0.8209 0.3434 -0.4562
vn -0.8209 0.3434 -0.4562
vn -0.0000 -0.9787 -0.2055
vn 0.7653 0.1020 0.6356
vn -0.7653 0.1020 0.6356
vn -0.0000 -0.7071 0.7071
vn 0.7345 -0.4799 0.4798
vn -0.7345 -0.4798 0.4798
vn -0.0000 -1.0000 -0.0000
vn 0.7345 -0.6786 -0.0000
vn -0.7345 -0.6786 -0.0000
vn -0.0000 -0.7071 -0.7071
vn 0.7345 -0.4798 -0.4798
vn -0.7345 -0.4798 -0.4798
vn -0.0000 -0.0000 -1.0000
vn 0.7345 -0.0000 -0.6786
vn -0.7345 -0.0000 -0.6786
vn -0.0000 0.7071 -0.7071
vn 0.7345 0.4798 -0.4798
vn -0.7345 0.4798 -0.4798
vn -0.0000 0.9808 -0.1951
vn 0.9078 0.2966 0.2965
vn -0.9078 0.2965 0.2965
vn -0.0000 -0.1951 -0.9808
vn 0.9078 -0.2965 -0.2965
vn -0.9078 -0.2965 -0.2965
vn 0.7345 -0.4798 0.4798
vn -0.7345 -0.4799 0.4798
vn -0.0000 -0.0000 1.0000
vn 0.7345 -0.0000 0.6786
vn -0.7345 -0.0000 0.6786
vn -0.4083 0.4083 0.8165
vn -0.0000 0.1951 -0.9808
vn -0.9078 0.2965 -0.2965
vn 0.9078 0.2965 -0.2965
vn -0.0000 -0.2155 0.9765
vn -0.8167 0.4593 0.3494
vn 0.8167 0.4594 0.3494
vn -0.0000 -0.9847 0.1745
vn -0.7632 -0.6388 0.0976
vn 0.7632 -0.6388 0.0976
vn -0.0000 -0.9808 -0.1951
vn -0.9078 -0.2965 0.2965
vn 0.9078 -0.2965 0.2965
vn 0.6815 0.7230 -0.1134
vn -0.6815 0.7230 -0.1134
vn -0.4664 -0.0000 -0.8846
vn 0.4664 -0.0000 -0.8846
vn 0.4327 -0.0000 0.9015
vn -0.4327 -0.0000 0.9015
vn -0.6815 -0.5914 0.4310
vn -0.4664 -0.6255 -0.6255
vn -0.4327 0.6375 0.6375
vn 0.6815 -0.5914 0.4310
vn 0.4664 -0.6255 -0.6255
vn 0.4327 0.6375 0.6375
vn 0.7075 0.5815 0.4016
vn 0.7075 -0.6951 -0.1272
vn 0.4216 -0.0000 0.9068
vn 0.4590 -0.0000 -0.8884
vn -0.6625 -0.7357 0.1409
vn -0.6625 0.4206 0.6199
vn 0.7071 -0.1368 -0.6937
vn -0.7071 -0.1368 -0.6937
vn -0.4083 -0.8801 -0.2425
vn 0.4082 -0.8801 -0.2425
vn 0.4082 0.7221 -0.5585
vn -0.4083 0.7221 -0.5585
vn -0.7071 0.1368 0.6937
vn -0.4083 -0.7220 0.5585
vn -0.4083 0.8801 0.2425
vn 0.7071 0.1368 0.6937
vn 0.4082 -0.7221 0.5585
vn 0.4082 0.8801 0.2425
vn 0.1499 -0.7047 0.6935
vn 0.1499 -0.7047 -0.6935
vn 0.0002 0.7128 -0.7014
vn -0.8207 0.4070 -0.4010
vn 0.8203 0.4083 -0.4005
vn 0.0002 0.7128 0.7014
vn -0.8207 0.4070 0.4010
vn 0.8203 0.4083 0.4005
vn 0.6815 -0.5914 -0.4310
vn 0.6815 0.7230 0.1134
vn -0.6815 0.7230 0.1134
vn -0.6815 -0.5914 -0.4310
vn -0.7071 -0.0000 0.7071
vn -0.7071 -0.0000 -0.7071
vn -0.4083 0.8165 -0.4083
vn -0.4083 0.8165 0.4083
vn -0.4083 -0.8165 0.4083
vn -0.4083 -0.8165 -0.4083
vn 0.7071 -0.0000 -0.7071
vn 0.4082 0.8165 -0.4083
vn 0.4083 -0.8165 -0.4083
vn 0.7071 -0.0000 0.7071
vn 0.4083 0.8165 0.4082
vn 0.4083 -0.8165 0.4082
vn -0.6815 0.4310 -0.5914
vn -0.6815 -0.1135 0.7230
vn 0.6815 -0.1135 0.7230
vn 0.6815 0.4310 -0.5914
vn -0.6815 -0.4310 0.5915
vn 0.6815 -0.4310 0.5915
vn 0.6815 0.1134 -0.7230
vn -0.6815 0.1134 -0.7230
vn 0.7167 0.0006 -0.6974
vn -0.7030 0.1934 -0.6844
vn -0.3835 -0.7885 -0.4808
vn 0.4061 -0.8235 -0.3962
vn 0.4089 0.8226 -0.3951
vn 0.3922 0.8068 -0.4420
vn -0.7029 0.1934 0.6844
vn -0.3835 -0.7885 0.4808
vn 0.3922 0.8068 0.4420
vn 0.7167 0.0006 0.6974
vn 0.4061 -0.8235 0.3962
vn 0.4089 0.8226 0.3951
vn -0.7030 0.1934 0.6844
vn -0.3834 -0.7885 0.4808
vn -0.7029 0.1934 -0.6844
vn -0.6815 -0.7230 -0.1134
vn 0.6815 -0.7230 -0.1134
vn 0.6815 0.5914 0.4310
vn -0.6815 0.5914 0.4310
vn -0.6815 0.1135 -0.7230
vn -0.4327 -0.9015 -0.0000
vn 0.4327 -0.9015 -0.0000
vn 0.6815 -0.4310 0.5914
vn -0.4082 0.4082 0.8165
vn 0.1030 -0.7100 -0.6966
vn 0.1008 0.7249 -0.6814
vn -0.8281 0.2854 -0.4825
vn -0.7573 -0.5202 -0.3948
vn 0.8737 -0.2847 -0.3945
vn 0.8484 -0.2922 -0.4413
vn 0.1008 0.7250 0.6814
vn -0.8281 0.2854 0.4825
vn 0.8484 -0.2922 0.4413
vn 0.1030 -0.7100 0.6966
vn -0.7573 -0.5202 0.3948
vn 0.8737 -0.2847 0.3945
vn 0.7075 0.6952 -0.1272
vn 0.7075 -0.5815 0.4016
vn 0.4216 0.6412 0.6412
vn 0.4590 -0.6282 -0.6282
vn -0.6625 -0.4206 0.6199
vn -0.6625 0.7357 0.1409
vn -0.6815 0.7230 0.1135
vn 0.6815 0.7230 0.1135
vn 0.6815 -0.5914 -0.4311
vn -0.6815 -0.5914 -0.4311
vn -0.7669 0.6315 -0.1148
vn -0.6418 -0.7545 0.1372
vn -0.3906 -0.6011 -0.6973
vn -0.4142 0.1905 -0.8900
vn -0.4142 0.4916 0.7660
vn -0.3906 -0.3172 0.8642
vn 0.6418 -0.7545 0.1372
vn 0.3906 -0.6011 -0.6973
vn 0.3906 -0.3171 0.8642
vn 0.7668 0.6315 -0.1148
vn 0.4142 0.1905 -0.8900
vn 0.4142 0.4917 0.7660
vn -0.6815 -0.4310 -0.5914
vn 0.6815 -0.4310 -0.5914
vn -0.0000 -0.5556 -0.8315
vn 0.9078 -0.0000 -0.4194
vn -0.9078 -0.0000 -0.4194
vn -0.0000 -0.8315 0.5556
vn 0.9078 -0.0000 0.4194
vn -0.9078 -0.0000 0.4194
vn -0.0000 -0.5556 0.8315
vn 0.9078 -0.4194 -0.0000
vn -0.9078 -0.4194 -0.0000
vn -0.0000 0.8315 0.5556
vn 0.9078 0.4194 -0.0000
vn -0.9078 0.4193 -0.0000
vn -0.8165 0.4082 -0.4082
vn -0.8165 -0.4082 -0.4083
vn 0.8165 -0.4082 -0.4083
vn 0.8165 0.4082 -0.4082
vn -0.8165 0.4082 0.4082
vn 0.8165 0.4082 0.4082
vn -0.8165 -0.4082 0.4082
vn 0.8165 -0.4082 0.4082
vn -0.6625 0.6199 -0.4206
vn 0.7075 0.4016 -0.5815
vn 0.7075 -0.1272 0.6951
vn 0.4216 0.9068 -0.0000
vn 0.4590 -0.8884 -0.0000
vn -0.6625 0.1409 0.7357
vn 0.7124 0.1918 -0.6750
vn -0.7124 0.1918 -0.6750
vn -0.7124 0.1918 0.6750
vn 0.7124 0.1918 0.6750
vn -0.2914 -0.6022 -0.7432
vn 0.8165 -0.4082 -0.4082
vn 0.8165 0.4083 -0.4083
vn -0.8165 0.4082 -0.4083
vn -0.8165 -0.4082 -0.4082
vn 0.8165 0.4083 0.4083
vn -0.8165 0.4082 0.4083
vn -0.6625 0.1409 -0.7357
vn 0.7075 -0.1272 -0.6952
vn 0.7075 0.4016 0.5815
vn 0.4216 0.6412 -0.6412
vn 0.4590 -0.6282 0.6282
vn -0.6625 0.6199 0.4206
vn -0.4082 -0.8165 -0.4083
vn 0.4082 -0.8165 -0.4083
vn -0.4082 0.8165 -0.4083
vn -0.4082 -0.8165 0.4083
vn -0.4082 0.8165 0.4083
vn 0.4082 -0.8165 0.4083
vn 0.4082 0.8165 0.4083
vn 0.4327 -0.0000 -0.9016
vn -0.6815 0.5915 -0.4310
vn 0.6815 0.5915 -0.4310
vn 0.3411 0.6455 0.6834
vn 0.3411 0.6455 -0.6834
vn 0.0003 0.7128 -0.7014
vn 0.0003 0.7128 0.7014
vn -0.4083 -0.8165 -0.4082
vn 0.4082 -0.8165 -0.4082
vn -0.4083 0.8165 -0.4082
vn 0.4082 -0.8165 0.4082
vn 0.4083 0.8165 0.4083
vn 0.5037 0.4963 -0.7071
vn -0.5037 -0.4963 -0.7071
vn 0.2822 -0.8682 -0.4083
vn 0.8639 -0.2951 -0.4083
vn -0.2822 0.8682 -0.4083
vn -0.8639 0.2951 -0.4083
vn -0.5037 -0.4963 0.7071
vn 0.2822 -0.8682 0.4083
vn -0.8639 0.2951 0.4083
vn 0.5037 0.4963 0.7071
vn 0.8639 -0.2951 0.4083
vn -0.2822 0.8682 0.4083
vn 0.5037 -0.4963 -0.7071
vn -0.5037 0.4963 -0.7071
vn -0.8639 -0.2951 -0.4083
vn -0.2822 -0.8682 -0.4083
vn 0.8639 0.2951 -0.4083
vn 0.2822 0.8682 -0.4083
vn -0.5037 0.4963 0.7071
vn -0.8639 -0.2951 0.4083
vn 0.2822 0.8682 0.4083
vn 0.5037 -0.4963 0.7071
vn -0.2822 -0.8682 0.4083
vn 0.8639 0.2951 0.4083
vn -0.0000 0.1847 0.9828
vn -0.0000 0.9787 0.2054
vn -0.0000 -0.1951 0.9808
vn -0.0000 -0.7725 -0.6350
vn -0.8442 -0.4141 -0.3404
vn -0.7138 -0.7003 -0.0000
vn 0.7138 -0.7003 -0.0000
vn 0.8442 -0.4141 -0.3404
vn -0.8165 0.4083 -0.4082
vn -0.8165 0.4083 0.4082
vn -0.0000 -0.7725 0.6350
vn -0.8442 -0.4141 0.3404
vn 0.8442 -0.4141 0.3404
vn 0.3931 -0.9195 -0.0000
vn 0.4082 -0.4083 -0.8165
vn 0.2660 -0.6224 -0.7361
vn 0.2660 -0.6224 0.7361
vn -0.3032 0.9529 -0.0000
vn -0.2092 0.6574 -0.7239
vn -0.2092 0.6574 0.7239
vn -0.8882 0.4594 -0.0000
vn -0.5899 0.3051 -0.7477
vn -0.5899 0.3051 0.7477
vn 0.3930 -0.9195 -0.0000
vn 0.6815 -0.5915 -0.4310
vn -0.5899 0.3051 -0.7476
vn -0.9674 0.2533 -0.0000
vn -0.2337 0.2877 0.9288
vn -0.2337 0.2877 -0.9288
vn 0.6952 -0.7188 -0.0000
vn 0.3905 -0.4034 0.8275
vn 0.3905 -0.4034 -0.8275
vn -0.7188 -0.6952 -0.0000
vn -0.1705 0.3848 0.9071
vn -0.1705 0.3849 -0.9071
vn -0.4082 -0.4082 0.8165
vn -0.4082 -0.4082 -0.8165
vn -0.2533 -0.9674 -0.0000
vn 0.1966 -0.2868 0.9376
vn 0.1966 -0.2868 -0.9376
vn -0.4082 -0.8165 -0.4082
vn -0.4082 -0.8165 0.4082
vn 0.0167 0.9999 -0.0000
vn 0.9999 -0.0166 0.0006
vn -0.5049 0.8632 -0.0000
vn 0.8632 0.5049 -0.0000
vn -0.0001 0.2156 -0.9765
vn -0.0000 0.8197 0.5729
vn -0.0000 0.1951 0.9808
vn -0.7345 0.4798 0.4798
vn 0.7345 -0.4799 -0.4798
vn -0.0841 0.7288 -0.6795
vn -0.1262 -0.7070 -0.6959
vn 0.7405 -0.5445 -0.3938
vn 0.8314 0.2716 -0.4848
vn -0.8527 -0.2783 -0.4421
vn -0.8830 -0.2560 -0.3935
vn -0.1262 -0.7070 0.6959
vn 0.7405 -0.5445 0.3938
vn -0.8830 -0.2560 0.3935
vn -0.0841 0.7288 0.6795
vn 0.8314 0.2716 0.4848
vn -0.8527 -0.2783 0.4421
vn 0.4083 -0.8165 0.4083
vn -0.4082 0.8165 0.4082
vn 0.4082 0.8165 -0.4082
vn -0.4082 0.8165 -0.4082
vn 0.4082 0.8165 0.4082
vn -0.1138 -0.7033 0.7017
vn -0.1138 -0.7033 -0.7017
vn 0.2045 0.6791 -0.7050
vn -0.6658 0.6264 -0.4054
vn 0.9010 0.1548 -0.4054
vn 0.2045 0.6791 0.7050
vn -0.6658 0.6263 0.4054
vn 0.9010 0.1548 0.4054
vn -0.7044 -0.1651 -0.6904
vn 0.7139 -0.0002 -0.7003
vn 0.4069 0.8215 -0.3994
vn -0.3335 0.8181 -0.4685
vn 0.3397 -0.8337 -0.4354
vn 0.4077 -0.8213 -0.3991
vn 0.7139 -0.0002 0.7003
vn 0.4069 0.8215 0.3994
vn 0.4077 -0.8213 0.3991
vn -0.7044 -0.1651 0.6904
vn -0.3335 0.8181 0.4685
vn 0.3397 -0.8337 0.4354
vn -0.6328 0.3750 0.6775
vn -0.6328 0.3750 -0.6775
vn 0.3338 0.8183 -0.4679
vn 0.3338 0.8183 0.4679
vn -0.3399 -0.8339 0.4348
vn -0.3399 -0.8339 -0.4348
vn 0.3616 -0.6468 -0.6715
vn 0.3616 -0.6468 0.6715
vn -0.4572 -0.5780 0.6759
vn -0.4572 -0.5780 -0.6759
vn -0.7761 0.4029 -0.4851
vn -0.7761 0.4029 0.4851
vn 0.7956 -0.4128 0.4434
vn 0.7956 -0.4128 -0.4434
vn 0.6630 0.3028 -0.6847
vn -0.2712 0.8452 -0.4605
vn 0.2753 -0.8578 -0.4340
vn 0.6630 0.3028 0.6847
vn -0.2712 0.8452 0.4605
vn 0.2753 -0.8578 0.4340
vn 0.2055 0.7030 0.6808
vn 0.0001 -0.7175 0.6965
vn -0.8242 -0.4063 0.3945
vn 0.8241 -0.4067 0.3944
vn 0.0001 -0.7175 -0.6965
vn -0.8242 -0.4063 -0.3945
vn 0.8241 -0.4067 -0.3944
vn 0.2055 0.7030 -0.6808
vn 0.6815 -0.1134 0.7230
vn 0.6815 0.4310 -0.5915
vn -0.6815 0.4310 -0.5915
vn -0.6815 -0.1134 0.7230
vn 0.1372 -0.7545 -0.6418
vn -0.1148 0.6315 -0.7668
vn -0.8900 0.1905 -0.4142
vn -0.6972 -0.6011 -0.3906
vn 0.8642 -0.3171 -0.3906
vn 0.7660 0.4917 -0.4142
vn -0.1148 0.6315 0.7668
vn -0.8900 0.1905 0.4142
vn 0.7660 0.4917 0.4142
vn 0.1372 -0.7545 0.6418
vn -0.6972 -0.6011 0.3906
vn 0.8642 -0.3171 0.3906
vn -0.7138 -0.0001 0.7004
vn -0.7138 -0.0001 -0.7004
vn -0.4069 0.8215 -0.3994
vn -0.4069 0.8215 0.3994
vn -0.4073 -0.8214 0.3993
vn -0.4073 -0.8214 -0.3993
vn 0.7045 -0.1652 -0.6903
vn 0.7045 -0.1652 0.6902
vn -0.7054 -0.1325 0.6963
vn -0.7054 -0.1325 -0.6963
vn 0.7114 -0.0000 -0.7028
vn 0.4074 0.8197 -0.4026
vn 0.4075 -0.8197 -0.4025
vn 0.7114 -0.0000 0.7028
vn 0.4074 0.8197 0.4026
vn 0.4075 -0.8197 0.4025
vn 0.6815 -0.7230 -0.1135
vn -0.0002 0.7128 0.7014
vn -0.0002 0.7128 -0.7014
vn 0.7071 0.1368 -0.6937
vn -0.7071 0.1368 -0.6937
vn -0.4082 -0.7221 -0.5585
vn 0.4083 -0.7221 -0.5585
vn 0.4082 0.8801 -0.2425
vn -0.4082 0.8801 -0.2425
vn -0.7071 -0.1368 0.6937
vn -0.4082 -0.8801 0.2425
vn -0.4082 0.7221 0.5585
vn 0.7071 -0.1368 0.6937
vn 0.4083 -0.8801 0.2425
vn 0.4082 0.7221 0.5585
vn -0.6815 -0.5915 -0.4310
vn 0.6815 0.7230 -0.1135
vn -0.6815 -0.1135 -0.7230
vn 0.6815 -0.1135 -0.7230
vn -0.6625 0.4206 -0.6199
vn -0.6625 -0.7357 -0.1409
vn 0.7075 -0.6951 0.1272
vn 0.4216 -0.0000 -0.9068
vn 0.4590 -0.0000 0.8884
vn 0.7075 0.5815 -0.4016
vn 0.4216 -0.6412 -0.6412
vn 0.4590 0.6282 0.6282
vn -0.6815 0.1135 0.7230
vn -0.6815 -0.4310 0.5914
vn 0.6815 0.1135 -0.7230
vn 0.6320 0.3747 -0.6784
vn 0.6320 0.3747 0.6784
vn -0.3667 -0.6418 0.6734
vn -0.3667 -0.6418 -0.6734
vn -0.6815 -0.7230 0.1135
vn 0.6815 -0.7230 0.1135
vn 0.6815 0.4310 0.5914
vn 0.4083 0.8165 -0.4082
vn 0.8165 0.4082 -0.4083
vn -0.8165 -0.4082 0.4083
vn 0.1148 0.6315 -0.7668
vn -0.1372 -0.7545 -0.6418
vn 0.6973 -0.6011 -0.3906
vn 0.8900 0.1905 -0.4142
vn -0.7660 0.4916 -0.4142
vn -0.8642 -0.3172 -0.3906
vn -0.1372 -0.7545 0.6418
vn 0.6973 -0.6011 0.3906
vn -0.8642 -0.3172 0.3906
vn 0.1148 0.6315 0.7668
vn 0.8900 0.1905 0.4142
vn -0.7660 0.4916 0.4142
vn 0.4886 0.5111 -0.7071
vn -0.4886 -0.5111 -0.7071
vn 0.3081 -0.8593 -0.4083
vn 0.8723 -0.2691 -0.4082
vn -0.3081 0.8593 -0.4083
vn -0.8723 0.2691 -0.4083
vn -0.4886 -0.5111 0.7071
vn 0.3081 -0.8593 0.4083
vn -0.8723 0.2691 0.4083
vn 0.4886 0.5111 0.7071
vn 0.8723 -0.2691 0.4082
vn -0.3081 0.8593 0.4083
vn -0.8165 -0.4083 0.4082
vn -0.8165 -0.4083 -0.4082
vn 0.9514 0.3081 -0.0000
vn -0.6544 -0.7561 -0.0000
vn -0.9462 0.3235 -0.0000
vn 0.5935 -0.4337 0.6780
vn 0.5935 -0.4337 -0.6780
vn -0.3279 0.6518 -0.6839
vn -0.3279 0.6518 0.6839
vn -0.7345 -0.4799 -0.4798
vn 0.7345 0.4799 0.4798
vn -0.0000 0.5556 -0.8315
vn -0.0000 0.8315 -0.5556
vn 0.4083 0.8165 -0.4083
vn -0.6625 0.7357 -0.1409
vn -0.6625 -0.4206 -0.6199
vn 0.7075 -0.5815 -0.4016
vn 0.7075 0.6951 0.1272
vn 0.7075 0.1272 -0.6952
vn -0.6625 -0.1409 -0.7357
vn -0.6625 -0.6199 0.4206
vn 0.7075 -0.4016 0.5815
vn -0.6815 0.4310 0.5914
vt 0.000000 0.000000
s 1
f 993/2/113 994/2/114 625/2/115 623/2/116
f 994/2/114 993/2/113 624/2/117 626/2/118
f 994/2/114 995/2/119 619/2/120 625/2/115
f 995/2/119 994/2/114 626/2/118 620/2/121
f 995/2/119 996/2/122 615/2/123 619/2/120
f 996/2/122 995/2/119 620/2/121 616/2/124
f 996/2/122 997/2/125 621/2/126 615/2/123
f 997/2/125 996/2/122 616/2/124 622/2/127
f 997/2/125 998/2/128 617/2/129 621/2/126
f 998/2/128 997/2/125 622/2/127 618/2/130
f 998/2/128 993/2/113 623/2/116 617/2/129
f 993/2/113 998/2/128 618/2/130 624/2/117
f 999/2/131 1000/2/132 481/2/133 487/2/134
f 1000/2/132 999/2/131 488/2/135 482/2/136
f 1000/2/132 1001/2/137 485/2/138 481/2/133
f 1001/2/137 1000/2/132 482/2/136 486/2/139
f 1001/2/137 1002/2/140 483/2/141 485/2/138
f 1002/2/140 1001/2/137 486/2/139 484/2/142
f 1002/2/140 1003/2/143 479/2/144 483/2/141
f 1003/2/143 1002/2/140 484/2/142 480/2/145
f 1003/2/143 1004/2/146 471/2/147 479/2/144
f 1004/2/146 1003/2/143 480/2/145 472/2/148
f 1004/2/146 1005/2/149 477/2/150 471/2/147
f 1005/2/149 1004/2/146 472/2/148 478/2/151
f 1005/2/149 1006/2/152 473/2/153 477/2/150
f 1006/2/152 1005/2/149 478/2/151 474/2/154
f 1006/2/152 1007/2/119 475/2/120 473/2/153
f 1007/2/119 1006/2/152 474/2/154 476/2/155
f 1007/2/119 1008/2/119 489/2/156 475/2/120
f 1008/2/119 1007/2/119 476/2/155 490/2/157
f 1008/2/119 1009/2/158 491/2/159 489/2/156
f 1009/2/158 1008/2/119 490/2/157 492/2/160
f 1009/2/158 999/2/131 487/2/134 491/2/159
f 999/2/131 1009/2/158 492/2/160 488/2/135
f 1010/2/161 1011/2/162 761/2/163 755/2/164
f 1011/2/162 1010/2/161 756/2/165 762/2/166
f 1011/2/162 1012/2/167 759/2/168 761/2/163
f 1012/2/167 1011/2/162 762/2/166 760/2/169
f 1012/2/167 1013/2/170 751/2/171 759/2/168
f 1013/2/170 1012/2/167 760/2/169 752/2/172
f 1013/2/170 1010/2/161 755/2/164 751/2/171
f 1010/2/161 1013/2/170 752/2/172 756/2/165
f 1014/2/173 1015/2/174 681/2/175 675/2/176
f 1015/2/174 1014/2/173 676/2/177 682/2/178
f 1015/2/174 1016/2/179 677/2/180 681/2/175
f 1016/2/179 1015/2/174 682/2/178 678/2/181
f 1016/2/179 1017/2/182 679/2/183 677/2/180
f 1017/2/182 1016/2/179 678/2/181 680/2/184
f 1017/2/182 1014/2/173 675/2/176 679/2/183
f 1014/2/173 1017/2/182 680/2/184 676/2/177
f 1018/2/122 1019/2/119 673/2/155 671/2/185
f 1019/2/119 1018/2/122 672/2/186 674/2/120
f 1019/2/119 1020/2/187 667/2/188 673/2/155
f 1020/2/187 1019/2/119 674/2/120 668/2/189
f 1020/2/187 1021/2/190 669/2/191 667/2/188
f 1021/2/190 1020/2/187 668/2/189 670/2/192
f 1021/2/190 1018/2/122 671/2/185 669/2/191
f 1018/2/122 1021/2/190 670/2/192 672/2/186
f 1022/2/193 1023/2/194 743/2/195 747/2/196
f 1023/2/194 1022/2/193 748/2/197 744/2/198
f 1023/2/194 1024/2/199 739/2/200 743/2/195
f 1024/2/199 1023/2/194 744/2/198 740/2/201
f 1024/2/199 1025/2/202 735/2/203 739/2/200
f 1025/2/202 1024/2/199 740/2/201 736/2/204
f 1025/2/202 1022/2/193 747/2/196 735/2/203
f 1022/2/193 1025/2/202 736/2/204 748/2/197
f 1026/2/205 1027/2/206 457/2/207 461/2/208
f 1027/2/206 1026/2/205 462/2/209 458/2/210
f 1027/2/206 1028/2/211 455/2/212 457/2/207
f 1028/2/211 1027/2/206 458/2/210 456/2/213
f 1028/2/211 1029/2/214 459/2/215 455/2/212
f 1029/2/214 1028/2/211 456/2/213 460/2/216
f 1029/2/214 1026/2/205 461/2/208 459/2/215
f 1026/2/205 1029/2/214 460/2/216 462/2/209
f 1030/2/217 1031/2/218 189/2/219 191/2/220
f 1031/2/218 1030/2/217 192/2/221 190/2/222
f 1031/2/218 1032/2/223 185/2/224 189/2/219
f 1032/2/223 1031/2/218 190/2/222 186/2/225
f 1032/2/223 1033/2/226 187/2/227 185/2/224
f 1033/2/226 1032/2/223 186/2/225 188/2/228
f 1033/2/226 1030/2/217 191/2/220 187/2/227
f 1030/2/217 1033/2/226 188/2/228 192/2/221
f 1034/2/229 1035/2/230 185/2/224 169/2/231
f 1035/2/230 1034/2/229 170/2/232 186/2/225
f 1035/2/230 1036/2/233 189/2/219 185/2/224
f 1036/2/233 1035/2/230 186/2/225 190/2/222
f 1036/2/233 1037/2/234 193/2/235 189/2/219
f 1037/2/234 1036/2/233 190/2/222 194/2/236
f 1037/2/234 1038/2/237 197/2/238 193/2/235
f 1038/2/237 1037/2/234 194/2/236 198/2/239
f 1038/2/237 1039/2/240 181/2/241 197/2/238
f 1039/2/240 1038/2/237 198/2/239 182/2/242
f 1039/2/240 1040/2/243 179/2/244 181/2/241
f 1040/2/243 1039/2/240 182/2/242 180/2/245
f 1040/2/243 1041/2/246 175/2/247 179/2/244
f 1041/2/246 1040/2/243 180/2/245 176/2/248
f 1041/2/246 1034/2/229 169/2/231 175/2/247
f 1034/2/229 1041/2/246 176/2/248 170/2/232
f 1042/2/249 1043/2/250 689/2/251 683/2/252
f 1043/2/250 1042/2/249 684/2/253 690/2/254
f 1043/2/250 1044/2/255 685/2/256 689/2/251
f 1044/2/255 1043/2/250 690/2/254 686/2/257
f 1044/2/255 1045/2/258 687/2/259 685/2/256
f 1045/2/258 1044/2/255 686/2/257 688/2/260
f 1045/2/258 1042/2/249 683/2/252 687/2/259
f 1042/2/249 1045/2/258 688/2/260 684/2/253
f 1046/2/261 1047/2/187 803/2/262 801/2/263
f 1047/2/187 1046/2/261 802/2/264 804/2/265
f 1047/2/187 1048/2/119 797/2/266 803/2/262
f 1048/2/119 1047/2/187 804/2/265 798/2/121
f 1048/2/119 1049/2/122 799/2/267 797/2/266
f 1049/2/122 1048/2/119 798/2/121 800/2/124
f 1049/2/122 1050/2/268 795/2/269 799/2/267
f 1050/2/268 1049/2/122 800/2/124 796/2/270
f 1050/2/268 1046/2/261 801/2/263 795/2/269
f 1046/2/261 1050/2/268 796/2/270 802/2/264
f 1051/2/271 1052/2/272 425/2/273 417/2/274
f 1052/2/272 1051/2/271 418/2/275 426/2/276
f 1052/2/272 1053/2/277 423/2/278 425/2/273
f 1053/2/277 1052/2/272 426/2/276 424/2/279
f 1053/2/277 1054/2/280 419/2/281 423/2/278
f 1054/2/280 1053/2/277 424/2/279 420/2/282
f 1054/2/280 1051/2/271 417/2/274 419/2/281
f 1051/2/271 1054/2/280 420/2/282 418/2/275
f 1055/2/283 1056/2/284 913/2/285 915/2/286
f 1056/2/284 1055/2/283 916/2/287 914/2/288
f 1056/2/284 1057/2/289 923/2/290 913/2/285
f 1057/2/289 1056/2/284 914/2/288 924/2/291
f 1057/2/289 1058/2/292 927/2/293 923/2/290
f 1058/2/292 1057/2/289 924/2/291 928/2/294
f 1058/2/292 1059/2/295 933/2/296 927/2/293
f 1059/2/295 1058/2/292 928/2/294 934/2/297
f 1059/2/295 1060/2/298 931/2/299 933/2/296
f 1060/2/298 1059/2/295 934/2/297 932/2/300
f 1060/2/298 1061/2/301 929/2/302 931/2/299
f 1061/2/301 1060/2/298 932/2/300 930/2/303
f 1061/2/301 1062/2/304 925/2/305 929/2/302
f 1062/2/304 1061/2/301 930/2/303 926/2/306
f 1062/2/304 1055/2/283 915/2/286 925/2/305
f 1055/2/283 1062/2/304 926/2/306 916/2/287
f 1063/2/307 1064/2/308 433/2/212 429/2/309
f 1064/2/308 1063/2/307 430/2/310 434/2/213
f 1064/2/308 1065/2/311 431/2/207 433/2/212
f 1065/2/311 1064/2/308 434/2/213 432/2/210
f 1065/2/311 1066/2/312 427/2/313 431/2/207
f 1066/2/312 1065/2/311 432/2/210 428/2/314
f 1066/2/312 1063/2/307 429/2/309 427/2/313
f 1063/2/307 1066/2/312 428/2/314 430/2/310
f 1067/2/315 1068/2/316 373/2/317 371/2/318
f 1068/2/316 1067/2/315 372/2/319 374/2/320
f 1068/2/316 1069/2/321 369/2/322 373/2/317
f 1069/2/321 1068/2/316 374/2/320 370/2/323
f 1069/2/321 1070/2/324 365/2/325 369/2/322
f 1070/2/324 1069/2/321 370/2/323 366/2/326
f 1070/2/324 1067/2/315 371/2/318 365/2/325
f 1067/2/315 1070/2/324 366/2/326 372/2/319
f 1071/2/119 1072/2/122 587/2/327 589/2/328
f 1072/2/122 1071/2/119 590/2/157 588/2/185
f 1072/2/122 1073/2/190 583/2/329 587/2/327
f 1073/2/190 1072/2/122 588/2/185 584/2/330
f 1073/2/190 1074/2/187 585/2/331 583/2/329
f 1074/2/187 1073/2/190 584/2/330 586/2/332
f 1074/2/187 1071/2/119 589/2/328 585/2/331
f 1071/2/119 1074/2/187 586/2/332 590/2/157
f 1075/2/333 1076/2/334 141/2/335 143/2/336
f 1076/2/334 1075/2/333 144/2/337 142/2/338
f 1076/2/334 1077/2/339 137/2/340 141/2/335
f 1077/2/339 1076/2/334 142/2/338 138/2/341
f 1077/2/339 1078/2/342 149/2/343 137/2/340
f 1078/2/342 1077/2/339 138/2/341 150/2/344
f 1078/2/342 1079/2/345 145/2/346 149/2/343
f 1079/2/345 1078/2/342 150/2/344 146/2/347
f 1079/2/345 1080/2/348 139/2/349 145/2/346
f 1080/2/348 1079/2/345 146/2/347 140/2/350
f 1080/2/348 1081/2/351 147/2/352 139/2/349
f 1081/2/351 1080/2/348 140/2/350 148/2/353
f 1081/2/351 1082/2/354 155/2/355 147/2/352
f 1082/2/354 1081/2/351 148/2/353 156/2/356
f 1082/2/354 1083/2/357 163/2/358 155/2/355
f 1083/2/357 1082/2/354 156/2/356 164/2/359
f 1083/2/357 1084/2/334 167/2/335 163/2/358
f 1084/2/334 1083/2/357 164/2/359 168/2/338
f 1084/2/334 1085/2/360 161/2/361 167/2/335
f 1085/2/360 1084/2/334 168/2/338 162/2/362
f 1085/2/360 1086/2/363 157/2/364 161/2/361
f 1086/2/363 1085/2/360 162/2/362 158/2/365
f 1086/2/363 1087/2/348 165/2/349 157/2/364
f 1087/2/348 1086/2/363 158/2/365 166/2/350
f 1087/2/348 1088/2/345 159/2/366 165/2/349
f 1088/2/345 1087/2/348 166/2/350 160/2/367
f 1088/2/345 1089/2/368 151/2/369 159/2/366
f 1089/2/368 1088/2/345 160/2/367 152/2/370
f 1089/2/368 1075/2/333 143/2/336 151/2/369
f 1075/2/333 1089/2/368 152/2/370 144/2/337
f 1090/2/122 1091/2/190 721/2/329 717/2/267
f 1091/2/190 1090/2/122 718/2/371 722/2/191
f 1091/2/190 1092/2/187 719/2/331 721/2/329
f 1092/2/187 1091/2/190 722/2/191 720/2/265
f 1092/2/187 1093/2/119 715/2/266 719/2/331
f 1093/2/119 1092/2/187 720/2/265 716/2/157
f 1093/2/119 1090/2/122 717/2/267 715/2/266
f 1090/2/122 1093/2/119 716/2/157 718/2/371
f 1094/2/372 1095/2/334 261/2/338 249/2/373
f 1095/2/334 1094/2/372 250/2/374 262/2/335
f 1095/2/334 1096/2/375 263/2/376 261/2/338
f 1096/2/375 1095/2/334 262/2/335 264/2/377
f 1096/2/375 1097/2/378 257/2/379 263/2/376
f 1097/2/378 1096/2/375 264/2/377 258/2/380
f 1097/2/378 1098/2/381 253/2/382 257/2/379
f 1098/2/381 1097/2/378 258/2/380 254/2/383
f 1098/2/381 1094/2/372 249/2/373 253/2/382
f 1094/2/372 1098/2/381 254/2/383 250/2/374
f 1099/2/384 1100/2/385 701/2/386 705/2/387
f 1100/2/385 1099/2/384 706/2/388 702/2/389
f 1100/2/385 1101/2/390 693/2/391 701/2/386
f 1101/2/390 1100/2/385 702/2/389 694/2/392
f 1101/2/390 1102/2/393 697/2/394 693/2/391
f 1102/2/393 1101/2/390 694/2/392 698/2/395
f 1102/2/393 1099/2/384 705/2/387 697/2/394
f 1099/2/384 1102/2/393 698/2/395 706/2/388
f 1103/2/396 1104/2/397 195/2/398 191/2/220
f 1104/2/397 1103/2/396 192/2/221 196/2/399
f 1104/2/397 1105/2/400 193/2/235 195/2/398
f 1105/2/400 1104/2/397 196/2/399 194/2/236
f 1105/2/400 1106/2/401 189/2/219 193/2/235
f 1106/2/401 1105/2/400 194/2/236 190/2/222
f 1106/2/401 1103/2/396 191/2/220 189/2/219
f 1103/2/396 1106/2/401 190/2/222 192/2/221
f 1107/2/402 1108/2/403 543/2/404 541/2/405
f 1108/2/403 1107/2/402 542/2/406 544/2/407
f 1108/2/403 1109/2/408 537/2/409 543/2/404
f 1109/2/408 1108/2/403 544/2/407 538/2/410
f 1109/2/408 1110/2/411 539/2/412 537/2/409
f 1110/2/411 1109/2/408 538/2/410 540/2/413
f 1110/2/411 1107/2/402 541/2/405 539/2/412
f 1107/2/402 1110/2/411 540/2/413 542/2/406
f 1111/2/414 1112/2/415 445/2/281 439/2/274
f 1112/2/415 1111/2/414 440/2/275 446/2/282
f 1112/2/415 1113/2/416 441/2/417 445/2/281
f 1113/2/416 1112/2/415 446/2/282 442/2/418
f 1113/2/416 1114/2/419 443/2/420 441/2/417
f 1114/2/419 1113/2/416 442/2/418 444/2/421
f 1114/2/419 1111/2/414 439/2/274 443/2/420
f 1111/2/414 1114/2/419 444/2/421 440/2/275
f 1115/2/422 1116/2/423 759/2/168 753/2/253
f 1116/2/423 1115/2/422 754/2/252 760/2/169
f 1116/2/423 1117/2/424 761/2/163 759/2/168
f 1117/2/424 1116/2/423 760/2/169 762/2/166
f 1117/2/424 1118/2/425 757/2/260 761/2/163
f 1118/2/425 1117/2/424 762/2/166 758/2/259
f 1118/2/425 1115/2/422 753/2/253 757/2/260
f 1115/2/422 1118/2/425 758/2/259 754/2/252
f 1119/2/426 1120/2/427 413/2/428 407/2/429
f 1120/2/427 1119/2/426 408/2/430 414/2/431
f 1120/2/427 1121/2/432 409/2/433 413/2/428
f 1121/2/432 1120/2/427 414/2/431 410/2/434
f 1121/2/432 1122/2/435 411/2/436 409/2/433
f 1122/2/435 1121/2/432 410/2/434 412/2/437
f 1122/2/435 1119/2/426 407/2/429 411/2/436
f 1119/2/426 1122/2/435 412/2/437 408/2/430
f 1123/2/438 1124/2/439 291/2/256 279/2/391
f 1124/2/439 1123/2/438 280/2/392 292/2/257
f 1124/2/439 1125/2/440 287/2/251 291/2/256
f 1125/2/440 1124/2/439 292/2/257 288/2/254
f 1125/2/440 1126/2/441 283/2/394 287/2/251
f 1126/2/441 1125/2/440 288/2/254 284/2/395
f 1126/2/441 1123/2/438 279/2/391 283/2/394
f 1123/2/438 1126/2/441 284/2/395 280/2/392
f 1127/2/393 1128/2/390 741/2/392 737/2/395
f 1128/2/390 1127/2/393 738/2/394 742/2/391
f 1128/2/390 1129/2/385 733/2/389 741/2/392
f 1129/2/385 1128/2/390 742/2/391 734/2/386
f 1129/2/385 1130/2/384 731/2/388 733/2/389
f 1130/2/384 1129/2/385 734/2/386 732/2/387
f 1130/2/384 1127/2/393 737/2/395 731/2/388
f 1127/2/393 1130/2/384 732/2/387 738/2/394
f 1131/2/442 1132/2/443 751/2/171 755/2/164
f 1132/2/443 1131/2/442 756/2/165 752/2/172
f 1132/2/443 1133/2/444 743/2/195 751/2/171
f 1133/2/444 1132/2/443 752/2/172 744/2/198
f 1133/2/444 1134/2/445 747/2/196 743/2/195
f 1134/2/445 1133/2/444 744/2/198 748/2/197
f 1134/2/445 1131/2/442 755/2/164 747/2/196
f 1131/2/442 1134/2/445 748/2/197 756/2/165
f 1135/2/446 1136/2/447 917/2/448 921/2/449
f 1136/2/447 1135/2/446 922/2/450 918/2/451
f 1136/2/447 1137/2/452 911/2/453 917/2/448
f 1137/2/452 1136/2/447 918/2/451 912/2/454
f 1137/2/452 1138/2/455 919/2/456 911/2/453
f 1138/2/455 1137/2/452 912/2/454 920/2/457
f 1138/2/455 1135/2/446 921/2/449 919/2/456
f 1135/2/446 1138/2/455 920/2/457 922/2/450
f 1139/2/458 1140/2/455 941/2/456 935/2/459
f 1140/2/455 1139/2/458 936/2/454 942/2/457
f 1140/2/455 1141/2/446 939/2/449 941/2/456
f 1141/2/446 1140/2/455 942/2/457 940/2/450
f 1141/2/446 1142/2/460 937/2/448 939/2/449
f 1142/2/460 1141/2/446 940/2/450 938/2/451
f 1142/2/460 1139/2/458 935/2/459 937/2/448
f 1139/2/458 1142/2/460 938/2/451 936/2/454
f 1143/2/461 1144/2/462 275/2/387 271/2/386
f 1144/2/462 1143/2/461 272/2/389 276/2/388
f 1144/2/462 1145/2/463 267/2/201 275/2/387
f 1145/2/463 1144/2/462 276/2/388 268/2/200
f 1145/2/463 1146/2/464 269/2/204 267/2/201
f 1146/2/464 1145/2/463 268/2/200 270/2/203
f 1146/2/464 1143/2/461 271/2/386 269/2/204
f 1143/2/461 1146/2/464 270/2/203 272/2/389
f 1147/2/465 1148/2/444 711/2/198 707/2/197
f 1148/2/444 1147/2/465 708/2/466 712/2/467
f 1148/2/444 1149/2/468 699/2/172 711/2/198
f 1149/2/468 1148/2/444 712/2/467 700/2/171
f 1149/2/468 1150/2/442 703/2/165 699/2/172
f 1150/2/442 1149/2/468 700/2/171 704/2/164
f 1150/2/442 1147/2/465 707/2/197 703/2/165
f 1147/2/465 1150/2/442 704/2/164 708/2/466
f 1151/2/119 1152/2/114 637/2/118 627/2/155
f 1152/2/114 1151/2/119 628/2/266 638/2/115
f 1152/2/114 1153/2/113 635/2/117 637/2/118
f 1153/2/113 1152/2/114 638/2/115 636/2/116
f 1153/2/113 1154/2/128 629/2/130 635/2/117
f 1154/2/128 1153/2/113 636/2/116 630/2/129
f 1154/2/128 1155/2/125 633/2/127 629/2/130
f 1155/2/125 1154/2/128 630/2/129 634/2/126
f 1155/2/125 1156/2/122 631/2/469 633/2/127
f 1156/2/122 1155/2/125 634/2/126 632/2/267
f 1156/2/122 1151/2/119 627/2/155 631/2/469
f 1151/2/119 1156/2/122 632/2/267 628/2/266
f 1157/2/470 1158/2/471 345/2/472 341/2/473
f 1158/2/471 1157/2/470 342/2/474 346/2/475
f 1158/2/471 1159/2/476 343/2/477 345/2/472
f 1159/2/476 1158/2/471 346/2/475 344/2/478
f 1159/2/476 1160/2/479 339/2/480 343/2/477
f 1160/2/479 1159/2/476 344/2/478 340/2/481
f 1160/2/479 1157/2/470 341/2/473 339/2/480
f 1157/2/470 1160/2/479 340/2/481 342/2/474
f 1161/2/482 1162/2/483 199/2/484 195/2/398
f 1162/2/483 1161/2/482 196/2/399 200/2/485
f 1162/2/483 1163/2/486 197/2/238 199/2/484
f 1163/2/486 1162/2/483 200/2/485 198/2/239
f 1163/2/486 1164/2/487 193/2/235 197/2/238
f 1164/2/487 1163/2/486 198/2/239 194/2/236
f 1164/2/487 1161/2/482 195/2/398 193/2/235
f 1161/2/482 1164/2/487 194/2/236 196/2/399
f 1165/2/488 1166/2/489 787/2/169 791/2/166
f 1166/2/489 1165/2/488 792/2/163 788/2/168
f 1166/2/489 1167/2/490 793/2/252 787/2/169
f 1167/2/490 1166/2/489 788/2/168 794/2/253
f 1167/2/490 1168/2/491 789/2/259 793/2/252
f 1168/2/491 1167/2/490 794/2/253 790/2/260
f 1168/2/491 1165/2/488 791/2/166 789/2/259
f 1165/2/488 1168/2/491 790/2/260 792/2/163
f 1169/2/463 1170/2/464 709/2/204 713/2/201
f 1170/2/464 1169/2/463 714/2/200 710/2/203
f 1170/2/464 1171/2/461 701/2/386 709/2/204
f 1171/2/461 1170/2/464 710/2/203 702/2/389
f 1171/2/461 1172/2/462 705/2/387 701/2/386
f 1172/2/462 1171/2/461 702/2/389 706/2/388
f 1172/2/462 1169/2/463 713/2/201 705/2/387
f 1169/2/463 1172/2/462 706/2/388 714/2/200
f 1173/2/492 1174/2/493 665/2/494 663/2/495
f 1174/2/493 1173/2/492 664/2/496 666/2/497
f 1174/2/493 1175/2/498 659/2/499 665/2/494
f 1175/2/498 1174/2/493 666/2/497 660/2/500
f 1175/2/498 1176/2/501 661/2/502 659/2/499
f 1176/2/501 1175/2/498 660/2/500 662/2/503
f 1176/2/501 1173/2/492 663/2/495 661/2/502
f 1173/2/492 1176/2/501 662/2/503 664/2/496
f 1177/2/194 1178/2/193 277/2/197 273/2/198
f 1178/2/193 1177/2/194 274/2/467 278/2/466
f 1178/2/193 1179/2/504 269/2/204 277/2/197
f 1179/2/504 1178/2/193 278/2/466 270/2/203
f 1179/2/504 1180/2/505 267/2/201 269/2/204
f 1180/2/505 1179/2/504 270/2/203 268/2/200
f 1180/2/505 1177/2/194 273/2/198 267/2/201
f 1177/2/194 1180/2/505 268/2/200 274/2/467
f 1181/2/357 1182/2/506 979/2/507 983/2/358
f 1182/2/506 1181/2/357 984/2/359 980/2/508
f 1182/2/506 1183/2/509 975/2/510 979/2/507
f 1183/2/509 1182/2/506 980/2/508 976/2/511
f 1183/2/509 1184/2/345 987/2/366 975/2/510
f 1184/2/345 1183/2/509 976/2/511 988/2/367
f 1184/2/345 1185/2/512 989/2/513 987/2/366
f 1185/2/512 1184/2/345 988/2/367 990/2/514
f 1185/2/512 1186/2/515 991/2/516 989/2/513
f 1186/2/515 1185/2/512 990/2/514 992/2/517
f 1186/2/515 1181/2/357 983/2/358 991/2/516
f 1181/2/357 1186/2/515 992/2/517 984/2/359
f 1187/2/351 1188/2/357 885/2/518 883/2/519
f 1188/2/357 1187/2/351 884/2/520 886/2/521
f 1188/2/357 1189/2/333 879/2/522 885/2/518
f 1189/2/333 1188/2/357 886/2/521 880/2/523
f 1189/2/333 1190/2/345 881/2/524 879/2/522
f 1190/2/345 1189/2/333 880/2/523 882/2/525
f 1190/2/345 1187/2/351 883/2/519 881/2/524
f 1187/2/351 1190/2/345 882/2/525 884/2/520
f 1191/2/526 1192/2/527 199/2/484 197/2/238
f 1192/2/527 1191/2/526 198/2/239 200/2/485
f 1192/2/527 1193/2/528 183/2/529 199/2/484
f 1193/2/528 1192/2/527 200/2/485 184/2/530
f 1193/2/528 1194/2/531 181/2/241 183/2/529
f 1194/2/531 1193/2/528 184/2/530 182/2/242
f 1194/2/531 1191/2/526 197/2/238 181/2/241
f 1191/2/526 1194/2/531 182/2/242 198/2/239
f 1195/2/532 1196/2/533 449/2/278 453/2/313
f 1196/2/533 1195/2/532 454/2/314 450/2/279
f 1196/2/533 1197/2/534 447/2/273 449/2/278
f 1197/2/534 1196/2/533 450/2/279 448/2/276
f 1197/2/534 1198/2/535 451/2/309 447/2/273
f 1198/2/535 1197/2/534 448/2/276 452/2/310
f 1198/2/535 1195/2/532 453/2/313 451/2/309
f 1195/2/532 1198/2/535 452/2/310 454/2/314
f 1199/2/261 1200/2/268 811/2/270 805/2/264
f 1200/2/268 1199/2/261 806/2/536 812/2/269
f 1200/2/268 1201/2/122 813/2/185 811/2/270
f 1201/2/122 1200/2/268 812/2/269 814/2/267
f 1201/2/122 1202/2/119 807/2/121 813/2/185
f 1202/2/119 1201/2/122 814/2/267 808/2/156
f 1202/2/119 1203/2/187 809/2/332 807/2/121
f 1203/2/187 1202/2/119 808/2/156 810/2/189
f 1203/2/187 1199/2/261 805/2/264 809/2/332
f 1199/2/261 1203/2/187 810/2/189 806/2/536
f 1204/2/357 1205/2/351 845/2/537 843/2/538
f 1205/2/351 1204/2/357 844/2/539 846/2/540
f 1205/2/351 1206/2/345 839/2/525 845/2/537
f 1206/2/345 1205/2/351 846/2/540 840/2/524
f 1206/2/345 1207/2/333 841/2/541 839/2/525
f 1207/2/333 1206/2/345 840/2/524 842/2/542
f 1207/2/333 1204/2/357 843/2/538 841/2/541
f 1204/2/357 1207/2/333 842/2/542 844/2/539
f 1208/2/543 1209/2/544 183/2/529 181/2/241
f 1209/2/544 1208/2/543 182/2/242 184/2/530
f 1209/2/544 1210/2/545 177/2/546 183/2/529
f 1210/2/545 1209/2/544 184/2/530 178/2/547
f 1210/2/545 1211/2/548 179/2/244 177/2/546
f 1211/2/548 1210/2/545 178/2/547 180/2/245
f 1211/2/548 1208/2/543 181/2/241 179/2/244
f 1208/2/543 1211/2/548 180/2/245 182/2/242
f 1212/2/432 1213/2/427 469/2/549 467/2/550
f 1213/2/427 1212/2/432 468/2/433 470/2/551
f 1213/2/427 1214/2/426 463/2/552 469/2/549
f 1214/2/426 1213/2/427 470/2/551 464/2/553
f 1214/2/426 1215/2/435 465/2/554 463/2/552
f 1215/2/435 1214/2/426 464/2/553 466/2/555
f 1215/2/435 1212/2/432 467/2/550 465/2/554
f 1212/2/432 1215/2/435 466/2/555 468/2/433
f 1216/2/167 1217/2/162 293/2/166 289/2/169
f 1217/2/162 1216/2/167 290/2/556 294/2/163
f 1217/2/162 1218/2/557 285/2/165 293/2/166
f 1218/2/557 1217/2/162 294/2/163 286/2/164
f 1218/2/557 1219/2/558 281/2/172 285/2/165
f 1219/2/558 1218/2/557 286/2/164 282/2/171
f 1219/2/558 1216/2/167 289/2/169 281/2/172
f 1216/2/167 1219/2/558 282/2/171 290/2/556
f 1220/2/559 1221/2/560 457/2/207 455/2/212
f 1221/2/560 1220/2/559 456/2/213 458/2/210
f 1221/2/560 1222/2/312 453/2/313 457/2/207
f 1222/2/312 1221/2/560 458/2/210 454/2/314
f 1222/2/312 1223/2/307 451/2/309 453/2/313
f 1223/2/307 1222/2/312 454/2/314 452/2/310
f 1223/2/307 1220/2/559 455/2/212 451/2/309
f 1220/2/559 1223/2/307 452/2/310 456/2/213
f 1224/2/415 1225/2/561 421/2/417 419/2/281
f 1225/2/561 1224/2/415 420/2/282 422/2/418
f 1225/2/561 1226/2/562 415/2/420 421/2/417
f 1226/2/562 1225/2/561 422/2/418 416/2/421
f 1226/2/562 1227/2/414 417/2/274 415/2/420
f 1227/2/414 1226/2/562 416/2/421 418/2/275
f 1227/2/414 1224/2/415 419/2/281 417/2/274
f 1224/2/415 1227/2/414 418/2/275 420/2/282
f 1228/2/432 1229/2/427 877/2/563 875/2/564
f 1229/2/427 1228/2/432 876/2/433 878/2/565
f 1229/2/427 1230/2/426 871/2/552 877/2/563
f 1230/2/426 1229/2/427 878/2/565 872/2/553
f 1230/2/426 1231/2/435 873/2/566 871/2/552
f 1231/2/435 1230/2/426 872/2/553 874/2/567
f 1231/2/435 1228/2/432 875/2/564 873/2/566
f 1228/2/432 1231/2/435 874/2/567 876/2/433
f 1232/2/568 1233/2/569 909/2/570 905/2/571
f 1233/2/569 1232/2/568 906/2/572 910/2/573
f 1233/2/569 1234/2/574 907/2/575 909/2/570
f 1234/2/574 1233/2/569 910/2/573 908/2/576
f 1234/2/574 1235/2/577 903/2/578 907/2/575
f 1235/2/577 1234/2/574 908/2/576 904/2/579
f 1235/2/577 1232/2/568 905/2/571 903/2/578
f 1232/2/568 1235/2/577 904/2/579 906/2/572
f 1236/2/580 1237/2/581 329/2/582 323/2/583
f 1237/2/581 1236/2/580 324/2/584 330/2/585
f 1237/2/581 1238/2/586 325/2/587 329/2/582
f 1238/2/586 1237/2/581 330/2/585 326/2/588
f 1238/2/586 1239/2/589 327/2/590 325/2/587
f 1239/2/589 1238/2/586 326/2/588 328/2/591
f 1239/2/589 1236/2/580 323/2/583 327/2/590
f 1236/2/580 1239/2/589 328/2/591 324/2/584
f 1240/2/592 1241/2/593 137/2/340 149/2/343
f 1241/2/593 1240/2/592 150/2/344 138/2/341
f 1241/2/593 1242/2/354 153/2/355 137/2/340
f 1242/2/354 1241/2/593 138/2/341 154/2/356
f 1242/2/354 1243/2/381 157/2/364 153/2/355
f 1243/2/381 1242/2/354 154/2/356 158/2/365
f 1243/2/381 1244/2/594 161/2/361 157/2/364
f 1244/2/594 1243/2/381 158/2/365 162/2/362
f 1244/2/594 1240/2/592 149/2/343 161/2/361
f 1240/2/592 1244/2/594 162/2/362 150/2/344
f 1245/2/348 1246/2/595 233/2/596 227/2/597
f 1246/2/595 1245/2/348 228/2/598 234/2/599
f 1246/2/595 1247/2/357 231/2/600 233/2/596
f 1247/2/357 1246/2/595 234/2/599 232/2/521
f 1247/2/357 1248/2/333 229/2/601 231/2/600
f 1248/2/333 1247/2/357 232/2/521 230/2/523
f 1248/2/333 1249/2/602 225/2/603 229/2/601
f 1249/2/602 1248/2/333 230/2/523 226/2/604
f 1249/2/602 1245/2/348 227/2/597 225/2/603
f 1245/2/348 1249/2/602 226/2/604 228/2/598
f 1250/2/605 1251/2/187 521/2/606 515/2/607
f 1251/2/187 1250/2/605 516/2/608 522/2/332
f 1251/2/187 1252/2/119 517/2/156 521/2/606
f 1252/2/119 1251/2/187 522/2/332 518/2/157
f 1252/2/119 1253/2/609 519/2/610 517/2/156
f 1253/2/609 1252/2/119 518/2/157 520/2/611
f 1253/2/609 1254/2/612 525/2/613 519/2/610
f 1254/2/612 1253/2/609 520/2/611 526/2/614
f 1254/2/612 1255/2/190 527/2/329 525/2/613
f 1255/2/190 1254/2/612 526/2/614 528/2/330
f 1255/2/190 1256/2/615 523/2/607 527/2/329
f 1256/2/615 1255/2/190 528/2/330 524/2/608
f 1256/2/615 1250/2/605 515/2/607 523/2/607
f 1250/2/605 1256/2/615 524/2/608 516/2/608
f 1257/2/424 1258/2/423 691/2/169 695/2/166
f 1258/2/423 1257/2/424 696/2/163 692/2/168
f 1258/2/423 1259/2/616 683/2/252 691/2/169
f 1259/2/616 1258/2/423 692/2/168 684/2/253
f 1259/2/616 1260/2/425 687/2/259 683/2/252
f 1260/2/425 1259/2/616 684/2/253 688/2/260
f 1260/2/425 1257/2/424 695/2/166 687/2/259
f 1257/2/424 1260/2/425 688/2/260 696/2/163
f 1261/2/390 1262/2/393 283/2/394 279/2/391
f 1262/2/393 1261/2/390 280/2/392 284/2/395
f 1262/2/393 1263/2/384 275/2/387 283/2/394
f 1263/2/384 1262/2/393 284/2/395 276/2/388
f 1263/2/384 1264/2/385 271/2/386 275/2/387
f 1264/2/385 1263/2/384 276/2/388 272/2/389
f 1264/2/385 1261/2/390 279/2/391 271/2/386
f 1261/2/390 1264/2/385 272/2/389 280/2/392
f 1265/2/345 1266/2/333 313/2/523 311/2/525
f 1266/2/333 1265/2/345 312/2/524 314/2/522
f 1266/2/333 1267/2/357 317/2/521 313/2/523
f 1267/2/357 1266/2/333 314/2/522 318/2/518
f 1267/2/357 1268/2/351 321/2/537 317/2/521
f 1268/2/351 1267/2/357 318/2/518 322/2/540
f 1268/2/351 1269/2/345 319/2/525 321/2/537
f 1269/2/345 1268/2/351 322/2/540 320/2/524
f 1269/2/345 1270/2/345 315/2/525 319/2/525
f 1270/2/345 1269/2/345 320/2/524 316/2/524
f 1270/2/345 1271/2/351 307/2/537 315/2/525
f 1271/2/351 1270/2/345 316/2/524 308/2/540
f 1271/2/351 1272/2/351 309/2/537 307/2/537
f 1272/2/351 1271/2/351 308/2/540 310/2/540
f 1272/2/351 1265/2/345 311/2/525 309/2/537
f 1265/2/345 1272/2/351 310/2/540 312/2/524
f 1273/2/615 1274/2/615 555/2/608 561/2/608
f 1274/2/615 1273/2/615 562/2/607 556/2/607
f 1274/2/615 1275/2/190 559/2/330 555/2/608
f 1275/2/190 1274/2/615 556/2/607 560/2/329
f 1275/2/190 1276/2/612 557/2/614 559/2/330
f 1276/2/612 1275/2/190 560/2/329 558/2/617
f 1276/2/612 1277/2/609 553/2/611 557/2/614
f 1277/2/609 1276/2/612 558/2/617 554/2/610
f 1277/2/609 1278/2/119 563/2/157 553/2/611
f 1278/2/119 1277/2/609 554/2/610 564/2/328
f 1278/2/119 1279/2/187 565/2/332 563/2/157
f 1279/2/187 1278/2/119 564/2/328 566/2/331
f 1279/2/187 1273/2/615 561/2/608 565/2/332
f 1273/2/615 1279/2/187 566/2/331 562/2/607
f 1280/2/618 1281/2/119 605/2/157 599/2/619
f 1281/2/119 1280/2/618 600/2/620 606/2/156
f 1281/2/119 1282/2/621 601/2/622 605/2/157
f 1282/2/621 1281/2/119 606/2/156 602/2/623
f 1282/2/621 1283/2/624 597/2/625 601/2/622
f 1283/2/624 1282/2/621 602/2/623 598/2/626
f 1283/2/624 1284/2/190 603/2/627 597/2/625
f 1284/2/190 1283/2/624 598/2/626 604/2/628
f 1284/2/190 1285/2/629 593/2/630 603/2/627
f 1285/2/629 1284/2/190 604/2/628 594/2/631
f 1285/2/629 1280/2/618 599/2/619 593/2/630
f 1280/2/618 1285/2/629 594/2/631 600/2/620
f 1286/2/432 1287/2/427 581/2/632 579/2/564
f 1287/2/427 1286/2/432 580/2/433 582/2/551
f 1287/2/427 1288/2/426 575/2/633 581/2/632
f 1288/2/426 1287/2/427 582/2/551 576/2/553
f 1288/2/426 1289/2/435 577/2/566 575/2/633
f 1289/2/435 1288/2/426 576/2/553 578/2/555
f 1289/2/435 1286/2/432 579/2/564 577/2/566
f 1286/2/432 1289/2/435 578/2/555 580/2/433
f 1290/2/634 1291/2/635 601/2/622 597/2/625
f 1291/2/635 1290/2/634 598/2/626 602/2/623
f 1291/2/635 1292/2/190 591/2/330 601/2/622
f 1292/2/190 1291/2/635 602/2/623 592/2/192
f 1292/2/190 1293/2/636 599/2/619 591/2/330
f 1293/2/636 1292/2/190 592/2/192 600/2/620
f 1293/2/636 1294/2/637 593/2/630 599/2/619
f 1294/2/637 1293/2/636 600/2/620 594/2/631
f 1294/2/637 1295/2/119 595/2/155 593/2/630
f 1295/2/119 1294/2/637 594/2/631 596/2/328
f 1295/2/119 1290/2/634 597/2/625 595/2/155
f 1290/2/634 1295/2/119 596/2/328 598/2/626
f 1296/2/357 1297/2/351 361/2/537 359/2/521
f 1297/2/351 1296/2/357 360/2/518 362/2/540
f 1297/2/351 1298/2/345 355/2/525 361/2/537
f 1298/2/345 1297/2/351 362/2/540 356/2/524
f 1298/2/345 1299/2/333 357/2/523 355/2/525
f 1299/2/333 1298/2/345 356/2/524 358/2/522
f 1299/2/333 1296/2/357 359/2/521 357/2/523
f 1296/2/357 1299/2/333 358/2/522 360/2/518
f 1300/2/638 1301/2/639 263/2/376 257/2/379
f 1301/2/639 1300/2/638 258/2/380 264/2/377
f 1301/2/639 1302/2/368 259/2/370 263/2/376
f 1302/2/368 1301/2/639 264/2/377 260/2/369
f 1302/2/368 1303/2/345 247/2/347 259/2/370
f 1303/2/345 1302/2/368 260/2/369 248/2/346
f 1303/2/345 1304/2/348 243/2/350 247/2/347
f 1304/2/348 1303/2/345 248/2/346 244/2/349
f 1304/2/348 1305/2/351 239/2/353 243/2/350
f 1305/2/351 1304/2/348 244/2/349 240/2/352
f 1305/2/351 1306/2/354 245/2/356 239/2/353
f 1306/2/354 1305/2/351 240/2/352 246/2/355
f 1306/2/354 1307/2/360 249/2/373 245/2/356
f 1307/2/360 1306/2/354 246/2/355 250/2/374
f 1307/2/360 1308/2/640 253/2/382 249/2/373
f 1308/2/640 1307/2/360 250/2/374 254/2/383
f 1308/2/640 1309/2/368 241/2/370 253/2/382
f 1309/2/368 1308/2/640 254/2/383 242/2/369
f 1309/2/368 1310/2/333 235/2/641 241/2/370
f 1310/2/333 1309/2/368 242/2/369 236/2/336
f 1310/2/333 1311/2/334 237/2/338 235/2/641
f 1311/2/334 1310/2/333 236/2/336 238/2/335
f 1311/2/334 1312/2/357 251/2/359 237/2/338
f 1312/2/357 1311/2/334 238/2/335 252/2/358
f 1312/2/357 1313/2/354 255/2/356 251/2/359
f 1313/2/354 1312/2/357 252/2/358 256/2/355
f 1313/2/354 1314/2/351 265/2/353 255/2/356
f 1314/2/351 1313/2/354 256/2/355 266/2/642
f 1314/2/351 1300/2/638 257/2/379 265/2/353
f 1300/2/638 1314/2/351 266/2/642 258/2/380
f 1315/2/643 1316/2/644 381/2/645 379/2/646
f 1316/2/644 1315/2/643 380/2/647 382/2/648
f 1316/2/644 1317/2/649 375/2/650 381/2/645
f 1317/2/649 1316/2/644 382/2/648 376/2/651
f 1317/2/649 1318/2/652 377/2/653 375/2/650
f 1318/2/652 1317/2/649 376/2/651 378/2/654
f 1318/2/652 1315/2/643 379/2/646 377/2/653
f 1315/2/643 1318/2/652 378/2/654 380/2/647
f 1319/2/426 1320/2/435 567/2/655 569/2/633
f 1320/2/435 1319/2/426 570/2/656 568/2/436
f 1320/2/435 1321/2/432 573/2/550 567/2/655
f 1321/2/432 1320/2/435 568/2/436 574/2/657
f 1321/2/432 1322/2/427 571/2/563 573/2/550
f 1322/2/427 1321/2/432 574/2/657 572/2/565
f 1322/2/427 1319/2/426 569/2/633 571/2/563
f 1319/2/426 1322/2/427 572/2/565 570/2/656
f 1323/2/432 1324/2/427 613/2/632 611/2/564
f 1324/2/427 1323/2/432 612/2/433 614/2/658
f 1324/2/427 1325/2/426 607/2/633 613/2/632
f 1325/2/426 1324/2/427 614/2/658 608/2/656
f 1325/2/426 1326/2/435 609/2/437 607/2/633
f 1326/2/435 1325/2/426 608/2/656 610/2/659
f 1326/2/435 1323/2/432 611/2/564 609/2/437
f 1323/2/432 1326/2/435 610/2/659 612/2/433
f 1327/2/660 1328/2/661 369/2/322 365/2/325
f 1328/2/661 1327/2/660 366/2/326 370/2/323
f 1328/2/661 1329/2/662 367/2/663 369/2/322
f 1329/2/662 1328/2/661 370/2/323 368/2/664
f 1329/2/662 1330/2/665 363/2/666 367/2/663
f 1330/2/665 1329/2/662 368/2/664 364/2/667
f 1330/2/665 1327/2/660 365/2/325 363/2/666
f 1327/2/660 1330/2/665 364/2/667 366/2/326
f 1331/2/668 1332/2/669 353/2/670 347/2/671
f 1332/2/669 1331/2/668 348/2/672 354/2/673
f 1332/2/669 1333/2/674 351/2/675 353/2/670
f 1333/2/674 1332/2/669 354/2/673 352/2/676
f 1333/2/674 1334/2/677 349/2/678 351/2/675
f 1334/2/677 1333/2/674 352/2/676 350/2/679
f 1334/2/677 1331/2/668 347/2/671 349/2/678
f 1331/2/668 1334/2/677 350/2/679 348/2/672
f 1335/2/268 1336/2/261 639/2/263 643/2/269
f 1336/2/261 1335/2/268 644/2/270 640/2/264
f 1336/2/261 1337/2/187 641/2/262 639/2/263
f 1337/2/187 1336/2/261 640/2/264 642/2/265
f 1337/2/187 1338/2/119 645/2/328 641/2/262
f 1338/2/119 1337/2/187 642/2/265 646/2/157
f 1338/2/119 1339/2/122 647/2/327 645/2/328
f 1339/2/122 1338/2/119 646/2/157 648/2/371
f 1339/2/122 1335/2/268 643/2/269 647/2/327
f 1335/2/268 1339/2/122 648/2/371 644/2/270
f 1340/2/680 1341/2/681 385/2/682 383/2/683
f 1341/2/681 1340/2/680 384/2/684 386/2/685
f 1341/2/681 1342/2/686 379/2/646 385/2/682
f 1342/2/686 1341/2/681 386/2/685 380/2/647
f 1342/2/686 1343/2/687 377/2/653 379/2/646
f 1343/2/687 1342/2/686 380/2/647 378/2/654
f 1343/2/687 1340/2/680 383/2/683 377/2/653
f 1340/2/680 1343/2/687 378/2/654 384/2/684
f 1344/2/122 1345/2/119 655/2/157 657/2/371
f 1345/2/119 1344/2/122 658/2/327 656/2/328
f 1345/2/119 1346/2/187 651/2/265 655/2/157
f 1346/2/187 1345/2/119 656/2/328 652/2/262
f 1346/2/187 1347/2/261 649/2/264 651/2/265
f 1347/2/261 1346/2/187 652/2/262 650/2/263
f 1347/2/261 1348/2/268 653/2/270 649/2/264
f 1348/2/268 1347/2/261 650/2/263 654/2/269
f 1348/2/268 1344/2/122 657/2/371 653/2/270
f 1344/2/122 1348/2/268 654/2/269 658/2/327
f 1349/2/688 1350/2/689 401/2/690 399/2/691
f 1350/2/689 1349/2/688 400/2/692 402/2/693
f 1350/2/689 1351/2/694 397/2/695 401/2/690
f 1351/2/694 1350/2/689 402/2/693 398/2/696
f 1351/2/694 1352/2/697 391/2/698 397/2/695
f 1352/2/697 1351/2/694 398/2/696 392/2/699
f 1352/2/697 1349/2/688 399/2/691 391/2/698
f 1349/2/688 1352/2/697 392/2/699 400/2/692
f 1353/2/700 1354/2/701 405/2/702 399/2/691
f 1354/2/701 1353/2/700 400/2/692 406/2/703
f 1354/2/701 1355/2/704 403/2/705 405/2/702
f 1355/2/704 1354/2/701 406/2/703 404/2/706
f 1355/2/704 1356/2/707 401/2/690 403/2/705
f 1356/2/707 1355/2/704 404/2/706 402/2/693
f 1356/2/707 1353/2/700 399/2/691 401/2/690
f 1353/2/700 1356/2/707 402/2/693 400/2/692
f 1357/2/708 1358/2/709 697/2/394 689/2/251
f 1358/2/709 1357/2/708 690/2/254 698/2/395
f 1358/2/709 1359/2/710 693/2/391 697/2/394
f 1359/2/710 1358/2/709 698/2/395 694/2/392
f 1359/2/710 1360/2/711 685/2/256 693/2/391
f 1360/2/711 1359/2/710 694/2/392 686/2/257
f 1360/2/711 1357/2/708 689/2/251 685/2/256
f 1357/2/708 1360/2/711 686/2/257 690/2/254
f 1361/2/712 1362/2/713 949/2/714 943/2/715
f 1362/2/713 1361/2/712 944/2/716 950/2/717
f 1362/2/713 1363/2/718 945/2/719 949/2/714
f 1363/2/718 1362/2/713 950/2/717 946/2/720
f 1363/2/718 1364/2/721 947/2/722 945/2/719
f 1364/2/721 1363/2/718 946/2/720 948/2/723
f 1364/2/721 1361/2/712 943/2/715 947/2/722
f 1361/2/712 1364/2/721 948/2/723 944/2/716
f 1365/2/504 1366/2/505 713/2/201 709/2/204
f 1366/2/505 1365/2/504 710/2/203 714/2/200
f 1366/2/505 1367/2/194 711/2/198 713/2/201
f 1367/2/194 1366/2/505 714/2/200 712/2/467
f 1367/2/194 1368/2/193 707/2/197 711/2/198
f 1368/2/193 1367/2/194 712/2/467 708/2/466
f 1368/2/193 1365/2/504 709/2/204 707/2/197
f 1365/2/504 1368/2/193 708/2/466 710/2/203
f 1369/2/724 1370/2/725 389/2/726 387/2/727
f 1370/2/725 1369/2/724 388/2/728 390/2/729
f 1370/2/725 1371/2/730 385/2/682 389/2/726
f 1371/2/730 1370/2/725 390/2/729 386/2/685
f 1371/2/730 1372/2/731 383/2/683 385/2/682
f 1372/2/731 1371/2/730 386/2/685 384/2/684
f 1372/2/731 1369/2/724 387/2/727 383/2/683
f 1369/2/724 1372/2/731 384/2/684 388/2/728
f 1373/2/732 1374/2/733 397/2/695 391/2/698
f 1374/2/733 1373/2/732 392/2/699 398/2/696
f 1374/2/733 1375/2/734 393/2/735 397/2/695
f 1375/2/734 1374/2/733 398/2/696 394/2/736
f 1375/2/734 1376/2/737 395/2/738 393/2/735
f 1376/2/737 1375/2/734 394/2/736 396/2/739
f 1376/2/737 1373/2/732 391/2/698 395/2/738
f 1373/2/732 1376/2/737 396/2/739 392/2/699
f 1377/2/461 1378/2/740 769/2/387 765/2/386
f 1378/2/740 1377/2/461 766/2/389 770/2/388
f 1378/2/740 1379/2/463 767/2/201 769/2/387
f 1379/2/463 1378/2/740 770/2/388 768/2/200
f 1379/2/463 1380/2/464 763/2/204 767/2/201
f 1380/2/464 1379/2/463 768/2/200 764/2/203
f 1380/2/464 1377/2/461 765/2/386 763/2/204
f 1377/2/461 1380/2/464 764/2/203 766/2/389
f 1381/2/161 1382/2/170 699/2/172 703/2/165
f 1382/2/170 1381/2/161 704/2/164 700/2/171
f 1382/2/170 1383/2/167 691/2/169 699/2/172
f 1383/2/167 1382/2/170 700/2/171 692/2/168
f 1383/2/167 1384/2/162 695/2/166 691/2/169
f 1384/2/162 1383/2/167 692/2/168 696/2/163
f 1384/2/162 1381/2/161 703/2/165 695/2/166
f 1381/2/161 1384/2/162 696/2/163 704/2/164
f 1385/2/211 1386/2/741 437/2/215 433/2/212
f 1386/2/741 1385/2/211 434/2/213 438/2/216
f 1386/2/741 1387/2/742 435/2/208 437/2/215
f 1387/2/742 1386/2/741 438/2/216 436/2/209
f 1387/2/742 1388/2/206 431/2/207 435/2/208
f 1388/2/206 1387/2/742 436/2/209 432/2/210
f 1388/2/206 1385/2/211 433/2/212 431/2/207
f 1385/2/211 1388/2/206 432/2/210 434/2/213
f 1389/2/190 1390/2/122 729/2/371 723/2/330
f 1390/2/122 1389/2/190 724/2/329 730/2/327
f 1390/2/122 1391/2/119 725/2/157 729/2/371
f 1391/2/119 1390/2/122 730/2/327 726/2/328
f 1391/2/119 1392/2/187 727/2/332 725/2/157
f 1392/2/187 1391/2/119 726/2/328 728/2/331
f 1392/2/187 1389/2/190 723/2/330 727/2/332
f 1389/2/190 1392/2/187 728/2/331 724/2/329
f 1393/2/464 1394/2/463 739/2/200 735/2/203
f 1394/2/463 1393/2/464 736/2/204 740/2/201
f 1394/2/463 1395/2/462 731/2/388 739/2/200
f 1395/2/462 1394/2/463 740/2/201 732/2/387
f 1395/2/462 1396/2/461 733/2/389 731/2/388
f 1396/2/461 1395/2/462 732/2/387 734/2/386
f 1396/2/461 1393/2/464 735/2/203 733/2/389
f 1393/2/464 1396/2/461 734/2/386 736/2/204
f 1397/2/426 1398/2/435 851/2/566 853/2/552
f 1398/2/435 1397/2/426 854/2/553 852/2/659
f 1398/2/435 1399/2/432 847/2/564 851/2/566
f 1399/2/432 1398/2/435 852/2/659 848/2/657
f 1399/2/432 1400/2/427 849/2/549 847/2/564
f 1400/2/427 1399/2/432 848/2/657 850/2/551
f 1400/2/427 1397/2/426 853/2/552 849/2/549
f 1397/2/426 1400/2/427 850/2/551 854/2/553
f 1401/2/743 1402/2/744 535/2/745 533/2/746
f 1402/2/744 1401/2/743 534/2/747 536/2/748
f 1402/2/744 1403/2/749 529/2/750 535/2/745
f 1403/2/749 1402/2/744 536/2/748 530/2/751
f 1403/2/749 1404/2/752 531/2/753 529/2/750
f 1404/2/752 1403/2/749 530/2/751 532/2/754
f 1404/2/752 1401/2/743 533/2/746 531/2/753
f 1401/2/743 1404/2/752 532/2/754 534/2/747
f 1405/2/534 1406/2/535 429/2/309 425/2/273
f 1406/2/535 1405/2/534 426/2/276 430/2/310
f 1406/2/535 1407/2/532 427/2/313 429/2/309
f 1407/2/532 1406/2/535 430/2/310 428/2/314
f 1407/2/532 1408/2/533 423/2/278 427/2/313
f 1408/2/533 1407/2/532 428/2/314 424/2/279
f 1408/2/533 1405/2/534 425/2/273 423/2/278
f 1405/2/534 1408/2/533 424/2/279 426/2/276
f 1409/2/440 1410/2/439 749/2/257 745/2/254
f 1410/2/439 1409/2/440 746/2/251 750/2/256
f 1410/2/439 1411/2/710 741/2/392 749/2/257
f 1411/2/710 1410/2/439 750/2/256 742/2/391
f 1411/2/710 1412/2/709 737/2/395 741/2/392
f 1412/2/709 1411/2/710 742/2/391 738/2/394
f 1412/2/709 1409/2/440 745/2/254 737/2/395
f 1409/2/440 1412/2/709 738/2/394 746/2/251
f 1413/2/616 1414/2/755 297/2/259 295/2/252
f 1414/2/755 1413/2/616 296/2/253 298/2/260
f 1414/2/755 1415/2/424 293/2/166 297/2/259
f 1415/2/424 1414/2/755 298/2/260 294/2/163
f 1415/2/424 1416/2/423 289/2/169 293/2/166
f 1416/2/423 1415/2/424 294/2/163 290/2/556
f 1416/2/423 1413/2/616 295/2/252 289/2/169
f 1413/2/616 1416/2/423 290/2/556 296/2/253
f 1417/2/390 1418/2/393 777/2/394 773/2/391
f 1418/2/393 1417/2/390 774/2/392 778/2/395
f 1418/2/393 1419/2/756 769/2/387 777/2/394
f 1419/2/756 1418/2/393 778/2/395 770/2/388
f 1419/2/756 1420/2/385 765/2/386 769/2/387
f 1420/2/385 1419/2/756 770/2/388 766/2/389
f 1420/2/385 1417/2/390 773/2/391 765/2/386
f 1417/2/390 1420/2/385 766/2/389 774/2/392
f 1421/2/249 1422/2/258 757/2/260 753/2/253
f 1422/2/258 1421/2/249 754/2/252 758/2/259
f 1422/2/258 1423/2/757 749/2/257 757/2/260
f 1423/2/757 1422/2/258 758/2/259 750/2/256
f 1423/2/757 1424/2/758 745/2/254 749/2/257
f 1424/2/758 1423/2/757 750/2/256 746/2/251
f 1424/2/758 1421/2/249 753/2/253 745/2/254
f 1421/2/249 1424/2/758 746/2/251 754/2/252
f 1425/2/759 1426/2/760 175/2/247 169/2/231
f 1426/2/760 1425/2/759 170/2/232 176/2/248
f 1426/2/760 1427/2/761 171/2/762 175/2/247
f 1427/2/761 1426/2/760 176/2/248 172/2/763
f 1427/2/761 1428/2/764 173/2/765 171/2/762
f 1428/2/764 1427/2/761 172/2/763 174/2/766
f 1428/2/764 1425/2/759 169/2/231 173/2/765
f 1425/2/759 1428/2/764 174/2/766 170/2/232
f 1429/2/767 1430/2/504 763/2/204 775/2/197
f 1430/2/504 1429/2/767 776/2/466 764/2/203
f 1430/2/504 1431/2/505 767/2/201 763/2/204
f 1431/2/505 1430/2/504 764/2/203 768/2/200
f 1431/2/505 1432/2/194 771/2/198 767/2/201
f 1432/2/194 1431/2/505 768/2/200 772/2/467
f 1432/2/194 1429/2/767 775/2/197 771/2/198
f 1429/2/767 1432/2/194 772/2/467 776/2/466
f 1433/2/768 1434/2/465 775/2/197 783/2/165
f 1434/2/465 1433/2/768 784/2/164 776/2/466
f 1434/2/465 1435/2/769 771/2/198 775/2/197
f 1435/2/769 1434/2/465 776/2/466 772/2/467
f 1435/2/769 1436/2/468 779/2/172 771/2/198
f 1436/2/468 1435/2/769 772/2/467 780/2/171
f 1436/2/468 1433/2/768 783/2/165 779/2/172
f 1433/2/768 1436/2/468 780/2/171 784/2/164
f 1437/2/770 1438/2/771 349/2/678 347/2/671
f 1438/2/771 1437/2/770 348/2/672 350/2/679
f 1438/2/771 1439/2/772 343/2/477 349/2/678
f 1439/2/772 1438/2/771 350/2/679 344/2/478
f 1439/2/772 1440/2/773 345/2/472 343/2/477
f 1440/2/773 1439/2/772 344/2/478 346/2/475
f 1440/2/773 1437/2/770 347/2/671 345/2/472
f 1437/2/770 1440/2/773 346/2/475 348/2/672
f 1441/2/440 1442/2/441 777/2/394 785/2/251
f 1442/2/441 1441/2/440 786/2/254 778/2/395
f 1442/2/441 1443/2/438 773/2/391 777/2/394
f 1443/2/438 1442/2/441 778/2/395 774/2/392
f 1443/2/438 1444/2/439 781/2/256 773/2/391
f 1444/2/439 1443/2/438 774/2/392 782/2/257
f 1444/2/439 1441/2/440 785/2/251 781/2/256
f 1441/2/440 1444/2/439 782/2/257 786/2/254
f 1445/2/774 1446/2/161 783/2/165 791/2/166
f 1446/2/161 1445/2/774 792/2/163 784/2/164
f 1446/2/161 1447/2/170 779/2/172 783/2/165
f 1447/2/170 1446/2/161 784/2/164 780/2/171
f 1447/2/170 1448/2/775 787/2/169 779/2/172
f 1448/2/775 1447/2/170 780/2/171 788/2/168
f 1448/2/775 1445/2/774 791/2/166 787/2/169
f 1445/2/774 1448/2/775 788/2/168 792/2/163
f 1449/2/468 1450/2/442 285/2/165 281/2/172
f 1450/2/442 1449/2/468 282/2/171 286/2/164
f 1450/2/442 1451/2/445 277/2/197 285/2/165
f 1451/2/445 1450/2/442 286/2/164 278/2/466
f 1451/2/445 1452/2/444 273/2/198 277/2/197
f 1452/2/444 1451/2/445 278/2/466 274/2/467
f 1452/2/444 1449/2/468 281/2/172 273/2/198
f 1449/2/468 1452/2/444 274/2/467 282/2/171
f 1453/2/255 1454/2/258 297/2/259 291/2/256
f 1454/2/258 1453/2/255 292/2/257 298/2/260
f 1454/2/258 1455/2/776 295/2/252 297/2/259
f 1455/2/776 1454/2/258 298/2/260 296/2/253
f 1455/2/776 1456/2/250 287/2/251 295/2/252
f 1456/2/250 1455/2/776 296/2/253 288/2/254
f 1456/2/250 1453/2/255 291/2/256 287/2/251
f 1453/2/255 1456/2/250 288/2/254 292/2/257
f 1457/2/272 1458/2/277 449/2/278 447/2/273
f 1458/2/277 1457/2/272 448/2/276 450/2/279
f 1458/2/277 1459/2/280 445/2/281 449/2/278
f 1459/2/280 1458/2/277 450/2/279 446/2/282
f 1459/2/280 1460/2/271 439/2/274 445/2/281
f 1460/2/271 1459/2/280 446/2/282 440/2/275
f 1460/2/271 1457/2/272 447/2/273 439/2/274
f 1457/2/272 1460/2/271 440/2/275 448/2/276
f 1461/2/435 1462/2/432 869/2/550 863/2/554
f 1462/2/432 1461/2/435 864/2/436 870/2/777
f 1462/2/432 1463/2/427 865/2/549 869/2/550
f 1463/2/427 1462/2/432 870/2/777 866/2/658
f 1463/2/427 1464/2/426 867/2/552 865/2/549
f 1464/2/426 1463/2/427 866/2/658 868/2/656
f 1464/2/426 1461/2/435 863/2/554 867/2/552
f 1461/2/435 1464/2/426 868/2/656 864/2/436
f 1465/2/122 1466/2/125 821/2/126 817/2/267
f 1466/2/125 1465/2/122 818/2/124 822/2/127
f 1466/2/125 1467/2/128 819/2/129 821/2/126
f 1467/2/128 1466/2/125 822/2/127 820/2/130
f 1467/2/128 1468/2/113 823/2/116 819/2/129
f 1468/2/113 1467/2/128 820/2/130 824/2/117
f 1468/2/113 1469/2/114 825/2/115 823/2/116
f 1469/2/114 1468/2/113 824/2/117 826/2/118
f 1469/2/114 1470/2/119 815/2/266 825/2/115
f 1470/2/119 1469/2/114 826/2/118 816/2/121
f 1470/2/119 1465/2/122 817/2/267 815/2/266
f 1465/2/122 1470/2/119 816/2/121 818/2/124
f 1471/2/122 1472/2/119 829/2/121 835/2/124
f 1472/2/119 1471/2/122 836/2/267 830/2/266
f 1472/2/119 1473/2/114 833/2/118 829/2/121
f 1473/2/114 1472/2/119 830/2/266 834/2/115
f 1473/2/114 1474/2/113 831/2/117 833/2/118
f 1474/2/113 1473/2/114 834/2/115 832/2/116
f 1474/2/113 1475/2/128 827/2/130 831/2/117
f 1475/2/128 1474/2/113 832/2/116 828/2/129
f 1475/2/128 1476/2/125 837/2/127 827/2/130
f 1476/2/125 1475/2/128 828/2/129 838/2/126
f 1476/2/125 1471/2/122 835/2/124 837/2/127
f 1471/2/122 1476/2/125 838/2/126 836/2/267
f 1477/2/435 1478/2/426 859/2/656 861/2/659
f 1478/2/426 1477/2/435 862/2/566 860/2/633
f 1478/2/426 1479/2/427 855/2/551 859/2/656
f 1479/2/427 1478/2/426 860/2/633 856/2/632
f 1479/2/427 1480/2/432 857/2/657 855/2/551
f 1480/2/432 1479/2/427 856/2/632 858/2/564
f 1480/2/432 1477/2/435 861/2/659 857/2/657
f 1477/2/435 1480/2/432 858/2/564 862/2/566
f 1481/2/357 1482/2/351 305/2/520 303/2/778
f 1482/2/351 1481/2/357 304/2/518 306/2/540
f 1482/2/351 1483/2/345 299/2/525 305/2/520
f 1483/2/345 1482/2/351 306/2/540 300/2/779
f 1483/2/345 1484/2/333 301/2/523 299/2/525
f 1484/2/333 1483/2/345 300/2/779 302/2/542
f 1484/2/333 1481/2/357 303/2/778 301/2/523
f 1481/2/357 1484/2/333 302/2/542 304/2/518
f 1485/2/427 1486/2/432 207/2/657 205/2/658
f 1486/2/432 1485/2/427 206/2/632 208/2/564
f 1486/2/432 1487/2/435 201/2/659 207/2/657
f 1487/2/435 1486/2/432 208/2/564 202/2/566
f 1487/2/435 1488/2/426 203/2/656 201/2/659
f 1488/2/426 1487/2/435 202/2/566 204/2/633
f 1488/2/426 1485/2/427 205/2/658 203/2/656
f 1485/2/427 1488/2/426 204/2/633 206/2/632
f 1489/2/780 1490/2/781 337/2/782 335/2/783
f 1490/2/781 1489/2/780 336/2/784 338/2/785
f 1490/2/781 1491/2/786 331/2/787 337/2/782
f 1491/2/786 1490/2/781 338/2/785 332/2/788
f 1491/2/786 1492/2/789 333/2/790 331/2/787
f 1492/2/789 1491/2/786 332/2/788 334/2/791
f 1492/2/789 1489/2/780 335/2/783 333/2/790
f 1489/2/780 1492/2/789 334/2/791 336/2/784
f 1493/2/792 1494/2/793 901/2/794 899/2/795
f 1494/2/793 1493/2/792 900/2/796 902/2/797
f 1494/2/793 1495/2/798 895/2/799 901/2/794
f 1495/2/798 1494/2/793 902/2/797 896/2/800
f 1495/2/798 1496/2/801 897/2/802 895/2/799
f 1496/2/801 1495/2/798 896/2/800 898/2/803
f 1496/2/801 1493/2/792 899/2/795 897/2/802
f 1493/2/792 1496/2/801 898/2/803 900/2/796
f 1497/2/345 1498/2/333 891/2/523 893/2/525
f 1498/2/333 1497/2/345 894/2/804 892/2/601
f 1498/2/333 1499/2/357 887/2/521 891/2/523
f 1499/2/357 1498/2/333 892/2/601 888/2/600
f 1499/2/357 1500/2/351 889/2/537 887/2/521
f 1500/2/351 1499/2/357 888/2/600 890/2/805
f 1500/2/351 1497/2/345 893/2/525 889/2/537
f 1497/2/345 1500/2/351 890/2/805 894/2/804
f 1501/2/119 1502/2/152 507/2/154 501/2/121
f 1502/2/152 1501/2/119 502/2/120 508/2/153
f 1502/2/152 1503/2/806 509/2/151 507/2/154
f 1503/2/806 1502/2/152 508/2/153 510/2/150
f 1503/2/806 1504/2/146 503/2/148 509/2/151
f 1504/2/146 1503/2/806 510/2/150 504/2/147
f 1504/2/146 1505/2/807 497/2/145 503/2/148
f 1505/2/807 1504/2/146 504/2/147 498/2/144
f 1505/2/807 1506/2/808 493/2/142 497/2/145
f 1506/2/808 1505/2/807 498/2/144 494/2/141
f 1506/2/808 1507/2/137 499/2/139 493/2/142
f 1507/2/137 1506/2/808 494/2/141 500/2/138
f 1507/2/137 1508/2/132 495/2/136 499/2/139
f 1508/2/132 1507/2/137 500/2/138 496/2/133
f 1508/2/132 1509/2/131 505/2/135 495/2/136
f 1509/2/131 1508/2/132 496/2/133 506/2/134
f 1509/2/131 1510/2/158 513/2/160 505/2/135
f 1510/2/158 1509/2/131 506/2/134 514/2/159
f 1510/2/158 1511/2/119 511/2/157 513/2/160
f 1511/2/119 1510/2/158 514/2/159 512/2/156
f 1511/2/119 1501/2/119 501/2/121 511/2/157
f 1501/2/119 1511/2/119 512/2/156 502/2/120
f 1512/2/809 1513/2/810 917/2/448 911/2/453
f 1513/2/810 1512/2/809 912/2/454 918/2/451
f 1513/2/810 1514/2/811 913/2/285 917/2/448
f 1514/2/811 1513/2/810 918/2/451 914/2/288
f 1514/2/811 1515/2/812 915/2/286 913/2/285
f 1515/2/812 1514/2/811 914/2/288 916/2/287
f 1515/2/812 1512/2/809 911/2/453 915/2/286
f 1512/2/809 1515/2/812 916/2/287 912/2/454
f 1516/2/333 1517/2/357 957/2/521 951/2/523
f 1517/2/357 1516/2/333 952/2/601 958/2/600
f 1517/2/357 1518/2/595 959/2/599 957/2/521
f 1518/2/595 1517/2/357 958/2/600 960/2/596
f 1518/2/595 1519/2/348 953/2/598 959/2/599
f 1519/2/348 1518/2/595 960/2/596 954/2/597
f 1519/2/348 1520/2/602 955/2/604 953/2/598
f 1520/2/602 1519/2/348 954/2/597 956/2/603
f 1520/2/602 1516/2/333 951/2/523 955/2/604
f 1516/2/333 1520/2/602 956/2/603 952/2/601
f 1521/2/809 1522/2/810 937/2/448 935/2/459
f 1522/2/810 1521/2/809 936/2/454 938/2/451
f 1522/2/810 1523/2/811 931/2/299 937/2/448
f 1523/2/811 1522/2/810 938/2/451 932/2/300
f 1523/2/811 1524/2/812 933/2/296 931/2/299
f 1524/2/812 1523/2/811 932/2/300 934/2/297
f 1524/2/812 1521/2/809 935/2/459 933/2/296
f 1521/2/809 1524/2/812 934/2/297 936/2/454
f 1525/2/506 1526/2/351 985/2/352 989/2/513
f 1526/2/351 1525/2/506 990/2/514 986/2/813
f 1526/2/351 1527/2/354 973/2/355 985/2/352
f 1527/2/354 1526/2/351 986/2/813 974/2/356
f 1527/2/354 1528/2/357 969/2/358 973/2/355
f 1528/2/357 1527/2/354 974/2/356 970/2/359
f 1528/2/357 1529/2/334 963/2/335 969/2/358
f 1529/2/334 1528/2/357 970/2/359 964/2/338
f 1529/2/334 1530/2/333 971/2/814 963/2/335
f 1530/2/333 1529/2/334 964/2/338 972/2/641
f 1530/2/333 1531/2/515 975/2/510 971/2/814
f 1531/2/515 1530/2/333 972/2/641 976/2/511
f 1531/2/515 1532/2/815 979/2/507 975/2/510
f 1532/2/815 1531/2/515 976/2/511 980/2/508
f 1532/2/815 1533/2/351 967/2/352 979/2/507
f 1533/2/351 1532/2/815 980/2/508 968/2/353
f 1533/2/351 1534/2/348 965/2/349 967/2/352
f 1534/2/348 1533/2/351 968/2/353 966/2/350
f 1534/2/348 1535/2/345 961/2/346 965/2/349
f 1535/2/345 1534/2/348 966/2/350 962/2/367
f 1535/2/345 1536/2/368 977/2/369 961/2/346
f 1536/2/368 1535/2/345 962/2/367 978/2/370
f 1536/2/368 1537/2/333 981/2/814 977/2/369
f 1537/2/333 1536/2/368 978/2/370 982/2/337
f 1537/2/333 1538/2/816 991/2/516 981/2/814
f 1538/2/816 1537/2/333 982/2/337 992/2/517
f 1538/2/816 1525/2/506 989/2/513 991/2/516
f 1525/2/506 1538/2/816 992/2/517 990/2/514
f 1539/2/435 1540/2/432 551/2/434 545/2/655
f 1540/2/432 1539/2/435 546/2/567 552/2/817
f 1540/2/432 1541/2/427 547/2/549 551/2/434
f 1541/2/427 1540/2/432 552/2/817 548/2/551
f 1541/2/427 1542/2/426 549/2/552 547/2/549
f 1542/2/426 1541/2/427 548/2/551 550/2/553
f 1542/2/426 1539/2/435 545/2/655 549/2/552
f 1539/2/435 1542/2/426 550/2/553 546/2/567
f 1543/2/818 1544/2/819 179/2/244 175/2/247
f 1544/2/819 1543/2/818 176/2/248 180/2/245
f 1544/2/819 1545/2/820 177/2/546 179/2/244
f 1545/2/820 1544/2/819 180/2/245 178/2/547
f 1545/2/820 1546/2/821 171/2/762 177/2/546
f 1546/2/821 1545/2/820 178/2/547 172/2/763
f 1546/2/821 1543/2/818 175/2/247 171/2/762
f 1543/2/818 1546/2/821 172/2/763 176/2/248
f 1547/2/357 1548/2/354 223/2/355 221/2/358
f 1548/2/354 1547/2/357 222/2/359 224/2/356
f 1548/2/354 1549/2/351 219/2/352 223/2/355
f 1549/2/351 1548/2/354 224/2/356 220/2/353
f 1549/2/351 1550/2/348 215/2/349 219/2/352
f 1550/2/348 1549/2/351 220/2/353 216/2/350
f 1550/2/348 1551/2/345 211/2/366 215/2/349
f 1551/2/345 1550/2/348 216/2/350 212/2/347
f 1551/2/345 1552/2/368 213/2/369 211/2/366
f 1552/2/368 1551/2/345 212/2/347 214/2/370
f 1552/2/368 1553/2/333 209/2/336 213/2/369
f 1553/2/333 1552/2/368 214/2/370 210/2/641
f 1553/2/333 1554/2/334 217/2/335 209/2/336
f 1554/2/334 1553/2/333 210/2/641 218/2/338
f 1554/2/334 1547/2/357 221/2/358 217/2/335
f 1547/2/357 1554/2/334 218/2/338 222/2/359
f 1555/2/822 1556/2/823 185/2/224 187/2/227
f 1556/2/823 1555/2/822 188/2/228 186/2/225
f 1556/2/823 1557/2/824 169/2/231 185/2/224
f 1557/2/824 1556/2/823 186/2/225 170/2/232
f 1557/2/824 1558/2/825 173/2/765 169/2/231
f 1558/2/825 1557/2/824 170/2/232 174/2/766
f 1558/2/825 1555/2/822 187/2/227 173/2/765
f 1555/2/822 1558/2/825 174/2/766 188/2/228
f 1559/2/776 1560/2/758 785/2/251 793/2/252
f 1560/2/758 1559/2/776 794/2/253 786/2/254
f 1560/2/758 1561/2/757 781/2/256 785/2/251
f 1561/2/757 1560/2/758 786/2/254 782/2/257
f 1561/2/757 1562/2/826 789/2/259 781/2/256
f 1562/2/826 1561/2/757 782/2/257 790/2/260
f 1562/2/826 1559/2/776 793/2/252 789/2/259
f 1559/2/776 1562/2/826 790/2/260 794/2/253
o RenderMesh_14653989374
v 0.443215 0.195216 0.060507
v 0.441801 0.196630 0.060507
v 0.461771 0.202903 0.060507
v 0.461771 0.204903 0.060507
v 0.443215 0.195216 0.053359
v 0.441801 0.196630 0.053359
v 0.461771 0.202903 0.053359
v 0.461771 0.204903 0.053359
v 0.435529 0.176660 0.053359
v 0.433529 0.176660 0.053359
v 0.480327 0.195216 0.060507
v 0.481741 0.196630 0.060507
v 0.435529 0.176660 0.060507
v 0.433529 0.176660 0.060507
v 0.480327 0.195216 0.053359
v 0.481741 0.196630 0.053359
v 0.443215 0.158104 0.053359
v 0.441801 0.156690 0.053359
v 0.488014 0.176660 0.060507
v 0.490014 0.176660 0.060507
v 0.443215 0.158104 0.060507
v 0.441801 0.156690 0.060507
v 0.488014 0.176660 0.053359
v 0.490014 0.176660 0.053359
v 0.461771 0.150418 0.053359
v 0.461771 0.148418 0.053359
v 0.480327 0.158104 0.060507
v 0.481741 0.156690 0.060507
v 0.461771 0.150418 0.060507
v 0.461771 0.148418 0.060507
v 0.480327 0.158104 0.053359
v 0.481741 0.156690 0.053359
v 0.485642 -0.083980 0.087307
v 0.485642 -0.081980 0.087307
v 0.485642 -0.083980 -0.087307
v 0.485642 -0.081980 -0.087307
v 0.467085 -0.091666 -0.087307
v 0.465671 -0.090252 -0.087307
v 0.504198 -0.091666 0.087307
v 0.505612 -0.090252 0.087307
v 0.467085 -0.091666 0.087307
v 0.465671 -0.090252 0.087307
v 0.504198 -0.091666 -0.087307
v 0.505612 -0.090252 -0.087307
v 0.459399 -0.110222 -0.087307
v 0.457399 -0.110222 -0.087307
v 0.511885 -0.110222 0.087307
v 0.513885 -0.110222 0.087307
v 0.459399 -0.110222 0.087307
v 0.457399 -0.110222 0.087307
v 0.511885 -0.110222 -0.087307
v 0.513885 -0.110222 -0.087307
v 0.467085 -0.128778 -0.087307
v 0.465671 -0.130192 -0.087307
v 0.504198 -0.128778 0.087307
v 0.505612 -0.130192 0.087307
v 0.467085 -0.128778 0.087307
v 0.465671 -0.130192 0.087307
v 0.504198 -0.128778 -0.087307
v 0.505612 -0.130192 -0.087307
v 0.485642 -0.136465 -0.087307
v 0.485642 -0.138465 -0.087307
v 0.485642 -0.136465 0.087307
v 0.485642 -0.138465 0.087307
v -0.246341 -0.080158 -0.098568
v -0.246341 -0.080158 -0.100568
v -0.227785 -0.035360 -0.098568
v -0.227785 -0.035360 -0.100568
v -0.227785 -0.072472 -0.098568
v -0.227785 -0.072472 -0.100568
v -0.220097 -0.053916 -0.098568
v -0.220097 -0.053916 -0.100568
v -0.272583 -0.053916 -0.098568
v -0.272583 -0.053916 -0.100568
v -0.264897 -0.072472 -0.098568
v -0.264897 -0.072472 -0.100568
v -0.264897 -0.035360 -0.098568
v -0.264897 -0.035360 -0.100568
v -0.246341 -0.027673 -0.098568
v -0.246341 -0.027673 -0.100568
v -0.246341 -0.080158 0.098568
v -0.246341 -0.080158 0.100568
v -0.220097 -0.053916 0.098568
v -0.220097 -0.053916 0.100568
v -0.227784 -0.035360 0.098568
v -0.227784 -0.035360 0.100568
v -0.227784 -0.072472 0.098568
v -0.227784 -0.072472 0.100568
v -0.264897 -0.035360 0.098568
v -0.264897 -0.035360 0.100568
v -0.246341 -0.027673 0.098568
v -0.246341 -0.027673 0.100568
v -0.272583 -0.053916 0.098568
v -0.272583 -0.053916 0.100568
v -0.264897 -0.072472 0.098568
v -0.264897 -0.072472 0.100568
v 0.316723 -0.080158 -0.098568
v 0.316723 -0.080158 -0.100568
v 0.335279 -0.035360 -0.098568
v 0.335279 -0.035360 -0.100568
v 0.335279 -0.072472 -0.098568
v 0.335279 -0.072472 -0.100568
v 0.342965 -0.053916 -0.098568
v 0.342965 -0.053916 -0.100568
v 0.290480 -0.053916 -0.098568
v 0.290480 -0.053916 -0.100568
v 0.298166 -0.072472 -0.098568
v 0.298166 -0.072472 -0.100568
v 0.298166 -0.035360 -0.098568
v 0.298166 -0.035360 -0.100568
v 0.316723 -0.027673 -0.098568
v 0.316723 -0.027673 -0.100568
v 0.335279 -0.072472 0.098568
v 0.335279 -0.072472 0.100568
v 0.335279 -0.035360 0.098568
v 0.335279 -0.035360 0.100568
v 0.316723 -0.080158 0.098568
v 0.316723 -0.080158 0.100568
v 0.342965 -0.053916 0.098568
v 0.342965 -0.053916 0.100568
v 0.290480 -0.053916 0.098568
v 0.290480 -0.053916 0.100568
v 0.298166 -0.072472 0.098568
v 0.298166 -0.072472 0.100568
v 0.298166 -0.035360 0.098568
v 0.298166 -0.035360 0.100568
v 0.316723 -0.027673 0.098568
v 0.316723 -0.027673 0.100568
v 0.485642 -0.136465 -0.087307
v 0.485642 -0.136465 -0.089307
v 0.467085 -0.128778 -0.087307
v 0.467085 -0.128778 -0.089307
v 0.504198 -0.128778 -0.087307
v 0.504198 -0.128778 -0.089307
v 0.485642 -0.083980 -0.087307
v 0.485642 -0.083980 -0.089307
v 0.511885 -0.110222 -0.087307
v 0.511885 -0.110222 -0.089307
v 0.504198 -0.091666 -0.087307
v 0.504198 -0.091666 -0.089307
v 0.459399 -0.110222 -0.087307
v 0.459399 -0.110222 -0.089307
v 0.467085 -0.091666 -0.087307
v 0.467085 -0.091666 -0.089307
v 0.504198 -0.128778 0.087307
v 0.504198 -0.128778 0.089307
v 0.467085 -0.128778 0.087307
v 0.467085 -0.128778 0.089307
v 0.485642 -0.136465 0.087307
v 0.485642 -0.136465 0.089307
v 0.485642 -0.083980 0.087307
v 0.485642 -0.083980 0.089307
v 0.511885 -0.110222 0.087307
v 0.511885 -0.110222 0.089307
v 0.504198 -0.091666 0.087307
v 0.504198 -0.091666 0.089307
v 0.459399 -0.110222 0.087307
v 0.459399 -0.110222 0.089307
v 0.467085 -0.091666 0.087307
v 0.467085 -0.091666 0.089307
v -0.485642 -0.136465 -0.087307
v -0.485642 -0.136465 -0.089307
v -0.504198 -0.128778 -0.087307
v -0.504198 -0.128778 -0.089307
v -0.467086 -0.128778 -0.087307
v -0.467086 -0.128778 -0.089307
v -0.511885 -0.110222 -0.087307
v -0.511885 -0.110222 -0.089307
v -0.485642 -0.083980 -0.087307
v -0.485642 -0.083980 -0.089307
v -0.504198 -0.091666 -0.087307
v -0.504198 -0.091666 -0.089307
v -0.467086 -0.091666 -0.087307
v -0.467086 -0.091666 -0.089307
v -0.459400 -0.110222 -0.087307
v -0.459400 -0.110222 -0.089307
v -0.467085 -0.128778 0.087307
v -0.467085 -0.128778 0.089307
v -0.504198 -0.128778 0.087307
v -0.504198 -0.128778 0.089307
v -0.485642 -0.136465 0.087307
v -0.485642 -0.136465 0.089307
v -0.485642 -0.083980 0.087307
v -0.485642 -0.083980 0.089307
v -0.459400 -0.110222 0.087307
v -0.459400 -0.110222 0.089307
v -0.467085 -0.091666 0.087307
v -0.467085 -0.091666 0.089307
v -0.511885 -0.110222 0.087307
v -0.511885 -0.110222 0.089307
v -0.504198 -0.091666 0.087307
v -0.504198 -0.091666 0.089307
v 0.488014 0.176660 0.060507
v 0.488014 0.176660 0.062507
v 0.443215 0.195216 0.060507
v 0.443215 0.195216 0.062507
v 0.461771 0.150418 0.060507
v 0.461771 0.150418 0.062507
v 0.480327 0.158104 0.060507
v 0.480327 0.158104 0.062507
v 0.443215 0.158104 0.060507
v 0.443215 0.158104 0.062507
v 0.435529 0.176660 0.060507
v 0.435529 0.176660 0.062507
v 0.480327 0.195216 0.060507
v 0.480327 0.195216 0.062507
v 0.461771 0.202903 0.060507
v 0.461771 0.202903 0.062507
v 0.443215 0.195216 -0.060508
v 0.443215 0.195216 -0.062508
v 0.488014 0.176660 -0.060508
v 0.488014 0.176660 -0.062508
v 0.461771 0.150418 -0.060508
v 0.461771 0.150418 -0.062508
v 0.480327 0.158104 -0.060508
v 0.480327 0.158104 -0.062508
v 0.480327 0.195216 -0.060508
v 0.480327 0.195216 -0.062508
v 0.461771 0.202903 -0.060508
v 0.461771 0.202903 -0.062508
v 0.443215 0.158104 -0.060508
v 0.443215 0.158104 -0.062508
v 0.435529 0.176660 -0.060508
v 0.435529 0.176660 -0.062508
v 0.316723 -0.027673 0.098568
v 0.316723 -0.025673 0.098568
v 0.316723 -0.027673 -0.098568
v 0.316723 -0.025673 -0.098568
v 0.298166 -0.035360 -0.098568
v 0.296752 -0.033946 -0.098568
v 0.335279 -0.035360 -0.098568
v 0.336693 -0.033946 -0.098568
v 0.298166 -0.035360 0.098568
v 0.296752 -0.033946 0.098568
v 0.335279 -0.035360 0.098568
v 0.336693 -0.033946 0.098568
v 0.290480 -0.053916 -0.098568
v 0.288480 -0.053916 -0.098568
v 0.342965 -0.053916 -0.098568
v 0.344965 -0.053916 -0.098568
v 0.290480 -0.053916 0.098568
v 0.288480 -0.053916 0.098568
v 0.342965 -0.053916 0.098568
v 0.344965 -0.053916 0.098568
v 0.298166 -0.072472 -0.098568
v 0.296752 -0.073886 -0.098568
v 0.335279 -0.072472 0.098568
v 0.336693 -0.073886 0.098568
v 0.298166 -0.072472 0.098568
v 0.296752 -0.073886 0.098568
v 0.335279 -0.072472 -0.098568
v 0.336693 -0.073886 -0.098568
v 0.316723 -0.080158 -0.098568
v 0.316723 -0.082158 -0.098568
v 0.316723 -0.080158 0.098568
v 0.316723 -0.082158 0.098568
v -0.504198 -0.091666 0.087307
v -0.505612 -0.090252 0.087307
v -0.504198 -0.091666 -0.087307
v -0.505612 -0.090252 -0.087307
v -0.511885 -0.110222 -0.087307
v -0.513885 -0.110222 -0.087307
v -0.485642 -0.083980 -0.087307
v -0.485642 -0.081980 -0.087307
v -0.511885 -0.110222 0.087307
v -0.513885 -0.110222 0.087307
v -0.485642 -0.083980 0.087307
v -0.485642 -0.081980 0.087307
v -0.504198 -0.128778 -0.087307
v -0.505612 -0.130192 -0.087307
v -0.467086 -0.091666 -0.087307
v -0.465672 -0.090252 -0.087307
v -0.504198 -0.128778 0.087307
v -0.505612 -0.130192 0.087307
v -0.467085 -0.091666 0.087307
v -0.465671 -0.090252 0.087307
v -0.485642 -0.136465 -0.087307
v -0.485642 -0.138465 -0.087307
v -0.459400 -0.110222 0.087307
v -0.457400 -0.110222 0.087307
v -0.485642 -0.136465 0.087307
v -0.485642 -0.138465 0.087307
v -0.459400 -0.110222 -0.087307
v -0.457400 -0.110222 -0.087307
v -0.467086 -0.128778 -0.087307
v -0.465672 -0.130192 -0.087307
v -0.467085 -0.128778 0.087307
v -0.465671 -0.130192 0.087307
v -0.246341 -0.027673 0.098568
v -0.246341 -0.025673 0.098568
v -0.246341 -0.027673 -0.098568
v -0.246341 -0.025673 -0.098568
v -0.264897 -0.035360 -0.098568
v -0.266311 -0.033946 -0.098568
v -0.227785 -0.035360 -0.098568
v -0.226371 -0.033946 -0.098568
v -0.264897 -0.035360 0.098568
v -0.266311 -0.033946 0.098568
v -0.227784 -0.035360 0.098568
v -0.226370 -0.033946 0.098568
v -0.272583 -0.053916 -0.098568
v -0.274583 -0.053916 -0.098568
v -0.220097 -0.053916 0.098568
v -0.218097 -0.053916 0.098568
v -0.272583 -0.053916 0.098568
v -0.274583 -0.053916 0.098568
v -0.220097 -0.053916 -0.098568
v -0.218097 -0.053916 -0.098568
v -0.264897 -0.072472 -0.098568
v -0.266311 -0.073886 -0.098568
v -0.227784 -0.072472 0.098568
v -0.226370 -0.073886 0.098568
v -0.264897 -0.072472 0.098568
v -0.266311 -0.073886 0.098568
v -0.227785 -0.072472 -0.098568
v -0.226371 -0.073886 -0.098568
v -0.246341 -0.080158 -0.098568
v -0.246341 -0.082158 -0.098568
v -0.246341 -0.080158 0.098568
v -0.246341 -0.082158 0.098568
v 0.192667 -0.202903 -0.053609
v 0.192667 -0.200903 -0.053609
v -0.010350 -0.202903 -0.053609
v -0.010350 -0.200903 -0.053609
v -0.010350 -0.202903 0.053602
v -0.010350 -0.200903 0.053602
v 0.192667 -0.202903 0.053602
v 0.192667 -0.200903 0.053602
v 0.461771 0.202903 -0.060508
v 0.461771 0.204903 -0.060508
v 0.443215 0.195216 -0.060508
v 0.441801 0.196630 -0.060508
v 0.443215 0.195216 -0.053360
v 0.441801 0.196630 -0.053360
v 0.435529 0.176660 -0.053360
v 0.433529 0.176660 -0.053360
v 0.461771 0.202903 -0.053360
v 0.461771 0.204903 -0.053360
v 0.435529 0.176660 -0.060508
v 0.433529 0.176660 -0.060508
v 0.480327 0.195216 -0.060508
v 0.481741 0.196630 -0.060508
v 0.443215 0.158104 -0.053360
v 0.441801 0.156690 -0.053360
v 0.480327 0.195216 -0.053360
v 0.481741 0.196630 -0.053360
v 0.443215 0.158104 -0.060508
v 0.441801 0.156690 -0.060508
v 0.488014 0.176660 -0.060508
v 0.490014 0.176660 -0.060508
v 0.461771 0.150418 -0.053360
v 0.461771 0.148418 -0.053360
v 0.488014 0.176660 -0.053360
v 0.490014 0.176660 -0.053360
v 0.461771 0.150418 -0.060508
v 0.461771 0.148418 -0.060508
v 0.480327 0.158104 -0.060508
v 0.481741 0.156690 -0.060508
v 0.480327 0.158104 -0.053360
v 0.481741 0.156690 -0.053360
v 0.486932 0.176660 0.061507
v 0.479562 0.194451 0.061507
v 0.461771 0.201821 0.061507
v 0.443980 0.194451 0.061507
v 0.436611 0.176660 0.061507
v 0.443980 0.158869 0.061507
v 0.461771 0.151500 0.061507
v 0.479562 0.158869 0.061507
v -0.246341 -0.079076 -0.099568
v -0.264132 -0.071707 -0.099568
v -0.271501 -0.053916 -0.099568
v -0.264132 -0.036125 -0.099568
v -0.246341 -0.028755 -0.099568
v -0.228550 -0.036125 -0.099568
v -0.221179 -0.053916 -0.099568
v -0.228550 -0.071707 -0.099568
v -0.228002 -0.034270 -0.097568
v -0.245417 -0.027056 -0.097568
v -0.245417 -0.027056 0.097568
v -0.228001 -0.034270 0.097568
v 0.503981 -0.129868 0.086307
v 0.486566 -0.137082 0.086307
v 0.486566 -0.137082 -0.086307
v 0.503981 -0.129868 -0.086307
v 0.315799 -0.027056 -0.097568
v 0.298383 -0.034270 -0.097568
v 0.298383 -0.034270 0.097568
v 0.315799 -0.027056 0.097568
v -0.247265 -0.027056 -0.097568
v -0.264680 -0.034270 -0.097568
v -0.264680 -0.034270 0.097568
v -0.247265 -0.027056 0.097568
v -0.467303 -0.090576 -0.086307
v -0.484718 -0.083363 -0.086307
v -0.484718 -0.083363 0.086307
v -0.467302 -0.090576 0.086307
v 0.443432 0.157014 -0.054360
v 0.443432 0.157014 -0.059508
v 0.460847 0.149801 -0.059508
v 0.460847 0.149801 -0.054360
v -0.465995 -0.091883 0.086307
v -0.458783 -0.109298 0.086307
v -0.458783 -0.109298 -0.086307
v -0.465996 -0.091883 -0.086307
v 0.460847 0.149801 0.054359
v 0.460847 0.149801 0.059507
v 0.443432 0.157014 0.059507
v 0.443432 0.157014 0.054359
v 0.336369 -0.035577 -0.097568
v 0.336369 -0.035577 0.097568
v 0.343582 -0.052992 0.097568
v 0.343582 -0.052992 -0.097568
v 0.505288 -0.091883 0.086307
v 0.512502 -0.109298 0.086307
v 0.512502 -0.109298 -0.086307
v 0.505288 -0.091883 -0.086307
v -0.226694 -0.035577 0.097568
v -0.219480 -0.052992 0.097568
v -0.219480 -0.052992 -0.097568
v -0.226695 -0.035577 -0.097568
v -0.264680 -0.073562 -0.097568
v -0.247265 -0.080775 -0.097568
v -0.247265 -0.080775 0.097568
v -0.264680 -0.073562 0.097568
v 0.335062 -0.073562 0.097568
v 0.317647 -0.080775 0.097568
v 0.317647 -0.080775 -0.097568
v 0.335062 -0.073562 -0.097568
v 0.443432 0.196306 -0.059508
v 0.443432 0.196306 -0.054360
v 0.460847 0.203520 -0.054360
v 0.460847 0.203520 -0.059508
v 0.465995 -0.091883 -0.086307
v 0.458782 -0.109298 -0.086307
v 0.458782 -0.109298 0.086307
v 0.465995 -0.091883 0.086307
v 0.481417 0.194999 -0.059508
v 0.481417 0.194999 -0.054360
v 0.488631 0.177584 -0.054360
v 0.488631 0.177584 -0.059508
v -0.503981 -0.129868 -0.086307
v -0.486566 -0.137082 -0.086307
v -0.486566 -0.137082 0.086307
v -0.503981 -0.129868 0.086307
v -0.228549 -0.071707 0.099568
v -0.221179 -0.053916 0.099568
v -0.228549 -0.036125 0.099568
v -0.246341 -0.028755 0.099568
v -0.264132 -0.036125 0.099568
v -0.271501 -0.053916 0.099568
v -0.264132 -0.071707 0.099568
v -0.246341 -0.079076 0.099568
v 0.480110 0.196306 0.059507
v 0.480110 0.196306 0.054359
v 0.462695 0.203520 0.054359
v 0.462695 0.203520 0.059507
v 0.503433 -0.128013 0.088307
v 0.510803 -0.110222 0.088307
v 0.503433 -0.092431 0.088307
v 0.485642 -0.085062 0.088307
v 0.467850 -0.092431 0.088307
v 0.460481 -0.110222 0.088307
v 0.467850 -0.128013 0.088307
v 0.485642 -0.135383 0.088307
v 0.289863 -0.054840 -0.097568
v 0.297076 -0.072255 -0.097568
v 0.297076 -0.072255 0.097568
v 0.289863 -0.054840 0.097568
v 0.488631 0.177584 0.059507
v 0.488631 0.177584 0.054359
v 0.481417 0.194999 0.054359
v 0.481417 0.194999 0.059507
v 0.467302 -0.129868 -0.086307
v 0.484718 -0.137082 -0.086307
v 0.484718 -0.137082 0.086307
v 0.467302 -0.129868 0.086307
v -0.484718 -0.137082 0.086307
v -0.484718 -0.137082 -0.086307
v -0.467303 -0.129868 -0.086307
v -0.467302 -0.129868 0.086307
v 0.298383 -0.073562 -0.097568
v 0.315799 -0.080775 -0.097568
v 0.315799 -0.080775 0.097568
v 0.298383 -0.073562 0.097568
v -0.503433 -0.092431 -0.088307
v -0.485642 -0.085062 -0.088307
v -0.467851 -0.092431 -0.088307
v -0.460482 -0.110222 -0.088307
v -0.467851 -0.128013 -0.088307
v -0.485642 -0.135383 -0.088307
v -0.503433 -0.128013 -0.088307
v -0.510803 -0.110222 -0.088307
v 0.462695 0.203520 -0.059508
v 0.462695 0.203520 -0.054360
v 0.480110 0.196306 -0.054360
v 0.480110 0.196306 -0.059508
v 0.486566 -0.083363 0.086307
v 0.503981 -0.090576 0.086307
v 0.503981 -0.090576 -0.086307
v 0.486566 -0.083363 -0.086307
v -0.460482 -0.110222 0.088307
v -0.467850 -0.092431 0.088307
v -0.485642 -0.085062 0.088307
v -0.503433 -0.092431 0.088307
v -0.510803 -0.110222 0.088307
v -0.503433 -0.128013 0.088307
v -0.485642 -0.135383 0.088307
v -0.467850 -0.128013 0.088307
v -0.009350 -0.201903 -0.052609
v -0.009350 -0.201903 0.052602
v 0.191667 -0.201903 0.052602
v 0.191667 -0.201903 -0.052609
v 0.484718 -0.083363 -0.086307
v 0.467302 -0.090576 -0.086307
v 0.467302 -0.090576 0.086307
v 0.484718 -0.083363 0.086307
v 0.291562 -0.053916 -0.099568
v 0.298931 -0.036125 -0.099568
v 0.316723 -0.028755 -0.099568
v 0.334514 -0.036125 -0.099568
v 0.341883 -0.053916 -0.099568
v 0.334514 -0.071707 -0.099568
v 0.316723 -0.079076 -0.099568
v 0.298931 -0.071707 -0.099568
v 0.488631 0.175736 -0.059508
v 0.488631 0.175736 -0.054360
v 0.481417 0.158321 -0.054360
v 0.481417 0.158321 -0.059508
v 0.317647 -0.027056 -0.097568
v 0.317647 -0.027056 0.097568
v 0.335062 -0.034270 0.097568
v 0.335062 -0.034270 -0.097568
v -0.458783 -0.111146 -0.086307
v -0.458783 -0.111146 0.086307
v -0.465995 -0.128561 0.086307
v -0.465996 -0.128561 -0.086307
v 0.316723 -0.028755 0.099568
v 0.298931 -0.036125 0.099568
v 0.291562 -0.053916 0.099568
v 0.298931 -0.071707 0.099568
v 0.316723 -0.079076 0.099568
v 0.334514 -0.071707 0.099568
v 0.341883 -0.053916 0.099568
v 0.334514 -0.036125 0.099568
v 0.343582 -0.054840 0.097568
v 0.336369 -0.072255 0.097568
v 0.336369 -0.072255 -0.097568
v 0.343582 -0.054840 -0.097568
v -0.273200 -0.054840 -0.097568
v -0.265987 -0.072255 -0.097568
v -0.265987 -0.072255 0.097568
v -0.273200 -0.054840 0.097568
v 0.297076 -0.035577 -0.097568
v 0.289863 -0.052992 -0.097568
v 0.289863 -0.052992 0.097568
v 0.297076 -0.035577 0.097568
v 0.462695 0.149801 -0.054360
v 0.462695 0.149801 -0.059508
v 0.480110 0.157014 -0.059508
v 0.480110 0.157014 -0.054360
v 0.480110 0.157014 0.054359
v 0.480110 0.157014 0.059507
v 0.462695 0.149801 0.059507
v 0.462695 0.149801 0.054359
v -0.512502 -0.111146 -0.086307
v -0.505288 -0.128561 -0.086307
v -0.505288 -0.128561 0.086307
v -0.512502 -0.111146 0.086307
v -0.503981 -0.090576 -0.086307
v -0.503981 -0.090576 0.086307
v -0.486566 -0.083363 0.086307
v -0.486566 -0.083363 -0.086307
v 0.481417 0.158321 0.059507
v 0.481417 0.158321 0.054359
v 0.488631 0.175736 0.054359
v 0.488631 0.175736 0.059507
v 0.485642 -0.135383 -0.088307
v 0.467850 -0.128013 -0.088307
v 0.460481 -0.110222 -0.088307
v 0.467850 -0.092431 -0.088307
v 0.485642 -0.085062 -0.088307
v 0.503433 -0.092431 -0.088307
v 0.510803 -0.110222 -0.088307
v 0.503433 -0.128013 -0.088307
v -0.219480 -0.054840 -0.097568
v -0.219480 -0.054840 0.097568
v -0.226694 -0.072255 0.097568
v -0.226695 -0.072255 -0.097568
v 0.458782 -0.111146 -0.086307
v 0.465995 -0.128561 -0.086307
v 0.465995 -0.128561 0.086307
v 0.458782 -0.111146 0.086307
v -0.265987 -0.035577 -0.097568
v -0.273200 -0.052992 -0.097568
v -0.273200 -0.052992 0.097568
v -0.265987 -0.035577 0.097568
v 0.460847 0.203520 0.059507
v 0.460847 0.203520 0.054359
v 0.443432 0.196306 0.054359
v 0.443432 0.196306 0.059507
v -0.505288 -0.091883 -0.086307
v -0.512502 -0.109298 -0.086307
v -0.512502 -0.109298 0.086307
v -0.505288 -0.091883 0.086307
v 0.442125 0.158321 0.054359
v 0.442125 0.158321 0.059507
v 0.434912 0.175736 0.059507
v 0.434912 0.175736 0.054359
v 0.434912 0.177584 0.054359
v 0.434912 0.177584 0.059507
v 0.442125 0.194999 0.059507
v 0.442125 0.194999 0.054359
v -0.228002 -0.073562 -0.097568
v -0.228001 -0.073562 0.097568
v -0.245417 -0.080775 0.097568
v -0.245417 -0.080775 -0.097568
v 0.443980 0.194451 -0.061508
v 0.461771 0.201821 -0.061508
v 0.479562 0.194451 -0.061508
v 0.486932 0.176660 -0.061508
v 0.479562 0.158869 -0.061508
v 0.461771 0.151500 -0.061508
v 0.443980 0.158869 -0.061508
v 0.436611 0.176660 -0.061508
v 0.512502 -0.111146 0.086307
v 0.505288 -0.128561 0.086307
v 0.505288 -0.128561 -0.086307
v 0.512502 -0.111146 -0.086307
v 0.442125 0.194999 -0.054360
v 0.442125 0.194999 -0.059508
v 0.434912 0.177584 -0.059508
v 0.434912 0.177584 -0.054360
v 0.434912 0.175736 -0.054360
v 0.434912 0.175736 -0.059508
v 0.442125 0.158321 -0.059508
v 0.442125 0.158321 -0.054360
vn -1.0000 -0.0000 -0.0000
vn -0.7071 -0.7071 -0.0000
vn -0.4798 -0.4798 -0.7345
vn -0.6786 -0.0000 -0.7345
vn -0.6786 -0.0000 0.7345
vn -0.4798 -0.4798 0.7345
vn -0.0000 -1.0000 -0.0000
vn -0.0000 -0.6786 -0.7345
vn -0.0000 -0.6786 0.7345
vn 0.7071 -0.7071 -0.0000
vn 0.4799 -0.4798 -0.7345
vn 0.4799 -0.4798 0.7345
vn 1.0000 -0.0000 -0.0000
vn 0.6786 -0.0000 -0.7345
vn 0.6786 -0.0000 0.7345
vn 0.7071 0.7071 -0.0000
vn 0.4798 0.4798 -0.7345
vn 0.4798 0.4798 0.7345
vn -0.0000 1.0000 -0.0000
vn -0.0000 0.6786 -0.7345
vn -0.0000 0.6786 0.7345
vn -0.7071 0.7071 -0.0000
vn -0.4798 0.4798 -0.7345
vn -0.4798 0.4799 0.7345
vn -0.4798 -0.4799 0.7345
vn -0.4798 -0.4799 -0.7345
vn -0.4798 0.4799 -0.7345
vn -0.5914 0.4310 0.6815
vn 0.7230 -0.1135 0.6815
vn -0.0000 -0.8846 0.4664
vn -0.6255 -0.6255 0.4664
vn 0.6375 0.6375 0.4327
vn -0.0000 0.9015 0.4327
vn 0.7230 -0.1135 -0.6815
vn -0.0000 -0.8846 -0.4664
vn -0.0000 0.9015 -0.4327
vn -0.5915 0.4310 -0.6815
vn -0.6255 -0.6255 -0.4664
vn 0.6375 0.6375 -0.4327
vn -0.5914 -0.4310 -0.6815
vn 0.7230 0.1135 -0.6815
vn -0.0000 0.8846 -0.4664
vn -0.6255 0.6255 -0.4664
vn 0.6375 -0.6375 -0.4327
vn -0.0000 -0.9015 -0.4327
vn 0.7230 0.1135 0.6815
vn -0.0000 0.8846 0.4664
vn -0.0000 -0.9015 0.4327
vn -0.5914 -0.4310 0.6815
vn -0.6255 0.6255 0.4664
vn 0.6375 -0.6375 0.4327
vn -0.7230 -0.1134 0.6815
vn 0.5914 0.4310 0.6815
vn 0.6255 -0.6255 0.4664
vn -0.6375 0.6375 0.4327
vn 0.5914 0.4310 -0.6815
vn 0.6255 -0.6255 -0.4664
vn -0.6375 0.6375 -0.4327
vn -0.7230 -0.1134 -0.6815
vn -0.7230 -0.1135 0.6815
vn -0.7230 -0.1135 -0.6815
vn -0.5915 0.4310 0.6815
vn 0.7230 -0.1134 0.6815
vn 0.7230 -0.1134 -0.6815
vn 0.5915 -0.4310 -0.6815
vn 0.5915 -0.4310 0.6815
vn 0.6255 0.6255 0.4664
vn 0.6255 0.6255 -0.4664
vn -0.6375 -0.6375 -0.4327
vn -0.6375 -0.6375 0.4327
vn -0.7230 0.1134 0.6815
vn -0.7230 0.1134 -0.6815
vn 0.4310 -0.5915 -0.6815
vn -0.1134 0.7230 -0.6815
vn -0.8846 -0.0000 -0.4664
vn 0.9015 -0.0000 -0.4327
vn -0.1134 0.7230 0.6815
vn -0.8846 -0.0000 0.4664
vn 0.9015 -0.0000 0.4327
vn 0.4310 -0.5915 0.6815
vn 0.4310 -0.5914 0.6815
vn 0.4310 -0.5914 -0.6815
vn -0.1135 0.7230 -0.6815
vn -0.1135 0.7230 0.6815
vn -0.5915 -0.4310 -0.6815
vn 0.7230 0.1134 -0.6815
vn 0.7230 0.1134 0.6815
vn -0.5915 -0.4310 0.6815
vn -0.4310 -0.5914 0.6815
vn 0.1135 0.7230 0.6815
vn 0.8846 -0.0000 0.4664
vn -0.9015 -0.0000 0.4327
vn 0.1135 0.7230 -0.6815
vn 0.8846 -0.0000 -0.4664
vn -0.9015 -0.0000 -0.4327
vn -0.4310 -0.5914 -0.6815
vn 0.5914 -0.4310 0.6815
vn -0.7230 0.1135 0.6815
vn -0.7230 0.1135 -0.6815
vn 0.5914 -0.4310 -0.6815
vn -0.5914 0.4310 -0.6815
vn -0.4798 0.4798 0.7345
vn 0.4798 -0.4798 -0.7345
vn 0.4798 -0.4798 0.7345
vn 0.1134 -0.7230 0.6815
vn -0.4310 0.5914 0.6815
vn -0.9016 -0.0000 0.4327
vn -0.4310 0.5914 -0.6815
vn 0.1134 -0.7230 -0.6815
vn -0.9016 -0.0000 -0.4327
vn 0.4798 -0.4799 0.7345
vn 0.4798 -0.4799 -0.7345
vn -0.4799 0.4798 0.7345
vn -0.4799 0.4798 -0.7345
vn 0.7071 -0.0000 0.7071
vn 0.7071 -0.0000 -0.7071
vn 0.4083 -0.8165 -0.4083
vn 0.4083 -0.8165 0.4083
vn 0.4082 0.8165 0.4083
vn 0.4082 0.8165 -0.4083
vn -0.7071 -0.0000 -0.7071
vn -0.4083 -0.8165 -0.4083
vn -0.4083 0.8165 -0.4083
vn -0.7071 -0.0000 0.7071
vn -0.4083 -0.8165 0.4083
vn -0.4083 0.8165 0.4083
vn 0.5915 0.4310 0.6815
vn 0.5915 0.4310 -0.6815
vn -0.4799 -0.4798 0.7345
vn -0.4799 -0.4798 -0.7345
vn -0.1135 -0.7230 0.6815
vn -0.1135 -0.7230 -0.6815
vn 0.4310 0.5914 -0.6815
vn 0.4310 0.5914 0.6815
vn -0.1134 -0.7230 0.6815
vn -0.1134 -0.7230 -0.6815
vn 0.4310 0.5915 -0.6815
vn 0.4310 0.5915 0.6815
vn -0.4310 0.5915 0.6815
vn -0.4310 0.5915 -0.6815
vn -0.4310 -0.5915 0.6815
vn 0.1134 0.7230 0.6815
vn 0.1134 0.7230 -0.6815
vn -0.4310 -0.5915 -0.6815
vn 0.1135 -0.7230 0.6815
vn 0.1135 -0.7230 -0.6815
vn 0.4311 0.5914 -0.6815
vn 0.4311 0.5914 0.6815
vt 0.000000 0.000000
s 1
f 1923/3/827 1924/3/828 1767/3/829 1755/3/830
f 1924/3/828 1923/3/827 1756/3/831 1768/3/832
f 1924/3/828 1925/3/833 1769/3/834 1767/3/829
f 1925/3/833 1924/3/828 1768/3/832 1770/3/835
f 1925/3/833 1926/3/836 1757/3/837 1769/3/834
f 1926/3/836 1925/3/833 1770/3/835 1758/3/838
f 1926/3/836 1927/3/839 1765/3/840 1757/3/837
f 1927/3/839 1926/3/836 1758/3/838 1766/3/841
f 1927/3/839 1928/3/842 1763/3/843 1765/3/840
f 1928/3/842 1927/3/839 1766/3/841 1764/3/844
f 1928/3/842 1929/3/845 1759/3/846 1763/3/843
f 1929/3/845 1928/3/842 1764/3/844 1760/3/847
f 1929/3/845 1930/3/848 1761/3/849 1759/3/846
f 1930/3/848 1929/3/845 1760/3/847 1762/3/850
f 1930/3/848 1923/3/827 1755/3/830 1761/3/849
f 1923/3/827 1930/3/848 1762/3/850 1756/3/831
f 1931/3/845 1932/3/842 1637/3/844 1627/3/847
f 1932/3/842 1931/3/845 1628/3/846 1638/3/843
f 1932/3/842 1933/3/839 1635/3/841 1637/3/844
f 1933/3/839 1932/3/842 1638/3/843 1636/3/840
f 1933/3/839 1934/3/836 1639/3/838 1635/3/841
f 1934/3/836 1933/3/839 1636/3/840 1640/3/837
f 1934/3/836 1935/3/833 1641/3/835 1639/3/838
f 1935/3/833 1934/3/836 1640/3/837 1642/3/834
f 1935/3/833 1936/3/828 1629/3/851 1641/3/835
f 1936/3/828 1935/3/833 1642/3/834 1630/3/852
f 1936/3/828 1937/3/827 1633/3/831 1629/3/851
f 1937/3/827 1936/3/828 1630/3/852 1634/3/830
f 1937/3/827 1938/3/848 1631/3/850 1633/3/831
f 1938/3/848 1937/3/827 1634/3/830 1632/3/853
f 1938/3/848 1931/3/845 1627/3/847 1631/3/850
f 1931/3/845 1938/3/848 1632/3/853 1628/3/846
f 1939/3/854 1940/3/855 1853/3/856 1857/3/857
f 1940/3/855 1939/3/854 1858/3/858 1854/3/859
f 1940/3/855 1941/3/860 1851/3/861 1853/3/856
f 1941/3/860 1940/3/855 1854/3/859 1852/3/862
f 1941/3/860 1942/3/863 1861/3/864 1851/3/861
f 1942/3/863 1941/3/860 1852/3/862 1862/3/865
f 1942/3/863 1939/3/854 1857/3/857 1861/3/864
f 1939/3/854 1942/3/863 1862/3/865 1858/3/858
f 1943/3/866 1944/3/867 1625/3/868 1617/3/869
f 1944/3/867 1943/3/866 1618/3/870 1626/3/871
f 1944/3/867 1945/3/872 1623/3/873 1625/3/868
f 1945/3/872 1944/3/867 1626/3/871 1624/3/874
f 1945/3/872 1946/3/875 1621/3/876 1623/3/873
f 1946/3/875 1945/3/872 1624/3/874 1622/3/877
f 1946/3/875 1943/3/866 1617/3/869 1621/3/876
f 1943/3/866 1946/3/875 1622/3/877 1618/3/870
f 1947/3/878 1948/3/879 1791/3/880 1789/3/856
f 1948/3/879 1947/3/878 1790/3/859 1792/3/881
f 1948/3/879 1949/3/882 1795/3/883 1791/3/880
f 1949/3/882 1948/3/879 1792/3/881 1796/3/884
f 1949/3/882 1950/3/885 1787/3/861 1795/3/883
f 1950/3/885 1949/3/882 1796/3/884 1788/3/862
f 1950/3/885 1947/3/878 1789/3/856 1787/3/861
f 1947/3/878 1950/3/885 1788/3/862 1790/3/859
f 1951/3/886 1952/3/879 1855/3/880 1853/3/856
f 1952/3/879 1951/3/886 1854/3/859 1856/3/881
f 1952/3/879 1953/3/882 1859/3/883 1855/3/880
f 1953/3/882 1952/3/879 1856/3/881 1860/3/884
f 1953/3/882 1954/3/887 1851/3/861 1859/3/883
f 1954/3/887 1953/3/882 1860/3/884 1852/3/862
f 1954/3/887 1951/3/886 1853/3/856 1851/3/861
f 1951/3/886 1954/3/887 1852/3/862 1854/3/859
f 1955/3/888 1956/3/889 1825/3/856 1833/3/857
f 1956/3/889 1955/3/888 1834/3/858 1826/3/859
f 1956/3/889 1957/3/890 1829/3/861 1825/3/856
f 1957/3/890 1956/3/889 1826/3/859 1830/3/862
f 1957/3/890 1958/3/863 1837/3/864 1829/3/861
f 1958/3/863 1957/3/890 1830/3/862 1838/3/865
f 1958/3/863 1955/3/888 1833/3/857 1837/3/864
f 1955/3/888 1958/3/863 1838/3/865 1834/3/858
f 1959/3/891 1960/3/892 1909/3/893 1905/3/894
f 1960/3/892 1959/3/891 1906/3/895 1910/3/896
f 1960/3/892 1961/3/897 1917/3/873 1909/3/893
f 1961/3/897 1960/3/892 1910/3/896 1918/3/874
f 1961/3/897 1962/3/898 1913/3/868 1917/3/873
f 1962/3/898 1961/3/897 1918/3/874 1914/3/871
f 1962/3/898 1959/3/891 1905/3/894 1913/3/868
f 1959/3/891 1962/3/898 1914/3/871 1906/3/895
f 1963/3/899 1964/3/900 1841/3/901 1837/3/864
f 1964/3/900 1963/3/899 1838/3/865 1842/3/902
f 1964/3/900 1965/3/903 1845/3/904 1841/3/901
f 1965/3/903 1964/3/900 1842/3/902 1846/3/905
f 1965/3/903 1966/3/906 1833/3/857 1845/3/904
f 1966/3/906 1965/3/903 1846/3/905 1834/3/858
f 1966/3/906 1963/3/899 1837/3/864 1833/3/857
f 1963/3/899 1966/3/906 1834/3/858 1838/3/865
f 1967/3/897 1968/3/898 1591/3/868 1587/3/873
f 1968/3/898 1967/3/897 1588/3/874 1592/3/871
f 1968/3/898 1969/3/891 1583/3/894 1591/3/868
f 1969/3/891 1968/3/898 1592/3/871 1584/3/895
f 1969/3/891 1970/3/892 1579/3/893 1583/3/894
f 1970/3/892 1969/3/891 1584/3/895 1580/3/896
f 1970/3/892 1967/3/897 1587/3/873 1579/3/893
f 1967/3/897 1970/3/892 1580/3/896 1588/3/874
f 1971/3/907 1972/3/908 1797/3/864 1793/3/857
f 1972/3/908 1971/3/907 1794/3/858 1798/3/865
f 1972/3/908 1973/3/900 1805/3/901 1797/3/864
f 1973/3/900 1972/3/908 1798/3/865 1806/3/902
f 1973/3/900 1974/3/903 1801/3/904 1805/3/901
f 1974/3/903 1973/3/900 1806/3/902 1802/3/905
f 1974/3/903 1971/3/907 1793/3/857 1801/3/904
f 1971/3/907 1974/3/903 1802/3/905 1794/3/858
f 1975/3/908 1976/3/909 1609/3/901 1601/3/864
f 1976/3/909 1975/3/908 1602/3/865 1610/3/902
f 1976/3/909 1977/3/910 1613/3/904 1609/3/901
f 1977/3/910 1976/3/909 1610/3/902 1614/3/905
f 1977/3/910 1978/3/907 1605/3/857 1613/3/904
f 1978/3/907 1977/3/910 1614/3/905 1606/3/858
f 1978/3/907 1975/3/908 1601/3/864 1605/3/857
f 1975/3/908 1978/3/907 1606/3/858 1602/3/865
f 1979/3/908 1980/3/909 1865/3/901 1861/3/864
f 1980/3/909 1979/3/908 1862/3/865 1866/3/902
f 1980/3/909 1981/3/910 1869/3/904 1865/3/901
f 1981/3/910 1980/3/909 1866/3/902 1870/3/905
f 1981/3/910 1982/3/907 1857/3/857 1869/3/904
f 1982/3/907 1981/3/910 1870/3/905 1858/3/858
f 1982/3/907 1979/3/908 1861/3/864 1857/3/857
f 1979/3/908 1982/3/907 1858/3/858 1862/3/865
f 1983/3/892 1984/3/897 1879/3/873 1871/3/893
f 1984/3/897 1983/3/892 1872/3/896 1880/3/874
f 1984/3/897 1985/3/898 1881/3/868 1879/3/873
f 1985/3/898 1984/3/897 1880/3/874 1882/3/871
f 1985/3/898 1986/3/891 1875/3/894 1881/3/868
f 1986/3/891 1985/3/898 1882/3/871 1876/3/895
f 1986/3/891 1983/3/892 1871/3/893 1875/3/894
f 1983/3/892 1986/3/891 1876/3/895 1872/3/896
f 1987/3/911 1988/3/912 1817/3/868 1809/3/869
f 1988/3/912 1987/3/911 1810/3/870 1818/3/871
f 1988/3/912 1989/3/913 1815/3/873 1817/3/868
f 1989/3/913 1988/3/912 1818/3/871 1816/3/874
f 1989/3/913 1990/3/914 1813/3/876 1815/3/873
f 1990/3/914 1989/3/913 1816/3/874 1814/3/877
f 1990/3/914 1987/3/911 1809/3/869 1813/3/876
f 1987/3/911 1990/3/914 1814/3/877 1810/3/870
f 1991/3/879 1992/3/882 1895/3/883 1893/3/880
f 1992/3/882 1991/3/879 1894/3/881 1896/3/884
f 1992/3/882 1993/3/887 1899/3/861 1895/3/883
f 1993/3/887 1992/3/882 1896/3/884 1900/3/862
f 1993/3/887 1994/3/886 1891/3/856 1899/3/861
f 1994/3/886 1993/3/887 1900/3/862 1892/3/859
f 1994/3/886 1991/3/879 1893/3/880 1891/3/856
f 1991/3/879 1994/3/886 1892/3/859 1894/3/881
f 1995/3/915 1996/3/916 1607/3/917 1599/3/880
f 1996/3/916 1995/3/915 1600/3/881 1608/3/918
f 1996/3/916 1997/3/919 1611/3/920 1607/3/917
f 1997/3/919 1996/3/916 1608/3/918 1612/3/921
f 1997/3/919 1998/3/922 1603/3/883 1611/3/920
f 1998/3/922 1997/3/919 1612/3/921 1604/3/884
f 1998/3/922 1995/3/915 1599/3/880 1603/3/883
f 1995/3/915 1998/3/922 1604/3/884 1600/3/881
f 1999/3/907 2000/3/908 1907/3/864 1903/3/857
f 2000/3/908 1999/3/907 1904/3/858 1908/3/865
f 2000/3/908 2001/3/909 1915/3/901 1907/3/864
f 2001/3/909 2000/3/908 1908/3/865 1916/3/902
f 2001/3/909 2002/3/910 1911/3/904 1915/3/901
f 2002/3/910 2001/3/909 1916/3/902 1912/3/905
f 2002/3/910 1999/3/907 1903/3/857 1911/3/904
f 1999/3/907 2002/3/910 1912/3/905 1904/3/858
f 2003/3/923 2004/3/924 1839/3/873 1831/3/893
f 2004/3/924 2003/3/923 1832/3/896 1840/3/874
f 2004/3/924 2005/3/925 1843/3/868 1839/3/873
f 2005/3/925 2004/3/924 1840/3/874 1844/3/871
f 2005/3/925 2006/3/926 1835/3/894 1843/3/868
f 2006/3/926 2005/3/925 1844/3/871 1836/3/895
f 2006/3/926 2003/3/923 1831/3/893 1835/3/894
f 2003/3/923 2006/3/926 1836/3/895 1832/3/896
f 2007/3/848 2008/3/827 1645/3/830 1649/3/853
f 2008/3/827 2007/3/848 1650/3/850 1646/3/831
f 2008/3/827 2009/3/828 1647/3/829 1645/3/830
f 2009/3/828 2008/3/827 1646/3/831 1648/3/832
f 2009/3/828 2010/3/833 1653/3/834 1647/3/829
f 2010/3/833 2009/3/828 1648/3/832 1654/3/835
f 2010/3/833 2011/3/836 1651/3/837 1653/3/834
f 2011/3/836 2010/3/833 1654/3/835 1652/3/838
f 2011/3/836 2012/3/839 1655/3/840 1651/3/837
f 2012/3/839 2011/3/836 1652/3/838 1656/3/841
f 2012/3/839 2013/3/842 1657/3/843 1655/3/840
f 2013/3/842 2012/3/839 1656/3/841 1658/3/844
f 2013/3/842 2014/3/845 1643/3/846 1657/3/843
f 2014/3/845 2013/3/842 1658/3/844 1644/3/847
f 2014/3/845 2007/3/848 1649/3/853 1643/3/846
f 2007/3/848 2014/3/845 1644/3/847 1650/3/850
f 2015/3/927 2016/3/854 1577/3/857 1573/3/864
f 2016/3/854 2015/3/927 1574/3/865 1578/3/858
f 2016/3/854 2017/3/855 1569/3/856 1577/3/857
f 2017/3/855 2016/3/854 1578/3/858 1570/3/859
f 2017/3/855 2018/3/860 1565/3/861 1569/3/856
f 2018/3/860 2017/3/855 1570/3/859 1566/3/862
f 2018/3/860 2015/3/927 1573/3/864 1565/3/861
f 2015/3/927 2018/3/860 1566/3/862 1574/3/865
f 2019/3/848 2020/3/827 1715/3/830 1707/3/849
f 2020/3/827 2019/3/848 1708/3/928 1716/3/831
f 2020/3/827 2021/3/828 1717/3/852 1715/3/830
f 2021/3/828 2020/3/827 1716/3/831 1718/3/851
f 2021/3/828 2022/3/833 1713/3/834 1717/3/852
f 2022/3/833 2021/3/828 1718/3/851 1714/3/835
f 2022/3/833 2023/3/836 1721/3/929 1713/3/834
f 2023/3/836 2022/3/833 1714/3/835 1722/3/930
f 2023/3/836 2024/3/839 1719/3/840 1721/3/929
f 2024/3/839 2023/3/836 1722/3/930 1720/3/841
f 2024/3/839 2025/3/842 1709/3/843 1719/3/840
f 2025/3/842 2024/3/839 1720/3/841 1710/3/844
f 2025/3/842 2026/3/845 1711/3/846 1709/3/843
f 2026/3/845 2025/3/842 1710/3/844 1712/3/847
f 2026/3/845 2019/3/848 1707/3/849 1711/3/846
f 2019/3/848 2026/3/845 1712/3/847 1708/3/928
f 2027/3/931 2028/3/932 1807/3/893 1799/3/917
f 2028/3/932 2027/3/931 1800/3/933 1808/3/896
f 2028/3/932 2029/3/934 1811/3/894 1807/3/893
f 2029/3/934 2028/3/932 1808/3/896 1812/3/895
f 2029/3/934 2030/3/935 1803/3/920 1811/3/894
f 2030/3/935 2029/3/934 1812/3/895 1804/3/936
f 2030/3/935 2027/3/931 1799/3/917 1803/3/920
f 2027/3/931 2030/3/935 1804/3/936 1800/3/933
f 2031/3/909 2032/3/910 1585/3/904 1581/3/901
f 2032/3/910 2031/3/909 1582/3/902 1586/3/905
f 2032/3/910 2033/3/907 1577/3/857 1585/3/904
f 2033/3/907 2032/3/910 1586/3/905 1578/3/858
f 2033/3/907 2034/3/908 1573/3/864 1577/3/857
f 2034/3/908 2033/3/907 1578/3/858 1574/3/865
f 2034/3/908 2031/3/909 1581/3/901 1573/3/864
f 2031/3/909 2034/3/908 1574/3/865 1582/3/902
f 2035/3/923 2036/3/924 1623/3/873 1615/3/893
f 2036/3/924 2035/3/923 1616/3/896 1624/3/874
f 2036/3/924 2037/3/925 1625/3/868 1623/3/873
f 2037/3/925 2036/3/924 1624/3/874 1626/3/871
f 2037/3/925 2038/3/926 1619/3/894 1625/3/868
f 2038/3/926 2037/3/925 1626/3/871 1620/3/895
f 2038/3/926 2035/3/923 1615/3/893 1619/3/894
f 2035/3/923 2038/3/926 1620/3/895 1616/3/896
f 2039/3/867 2040/3/872 1839/3/873 1843/3/868
f 2040/3/872 2039/3/867 1844/3/871 1840/3/874
f 2040/3/872 2041/3/875 1847/3/876 1839/3/873
f 2041/3/875 2040/3/872 1840/3/874 1848/3/877
f 2041/3/875 2042/3/866 1849/3/869 1847/3/876
f 2042/3/866 2041/3/875 1848/3/877 1850/3/870
f 2042/3/866 2039/3/867 1843/3/868 1849/3/869
f 2039/3/867 2042/3/866 1850/3/870 1844/3/871
f 2043/3/892 2044/3/897 1815/3/873 1807/3/893
f 2044/3/897 2043/3/892 1808/3/896 1816/3/874
f 2044/3/897 2045/3/898 1817/3/868 1815/3/873
f 2045/3/898 2044/3/897 1816/3/874 1818/3/871
f 2045/3/898 2046/3/891 1811/3/894 1817/3/868
f 2046/3/891 2045/3/898 1818/3/871 1812/3/895
f 2046/3/891 2043/3/892 1807/3/893 1811/3/894
f 2043/3/892 2046/3/891 1812/3/895 1808/3/896
f 2047/3/836 2048/3/833 1731/3/835 1733/3/937
f 2048/3/833 2047/3/836 1734/3/938 1732/3/834
f 2048/3/833 2049/3/828 1735/3/832 1731/3/835
f 2049/3/828 2048/3/833 1732/3/834 1736/3/829
f 2049/3/828 2050/3/827 1737/3/831 1735/3/832
f 2050/3/827 2049/3/828 1736/3/829 1738/3/830
f 2050/3/827 2051/3/848 1727/3/939 1737/3/831
f 2051/3/848 2050/3/827 1738/3/830 1728/3/940
f 2051/3/848 2052/3/845 1723/3/847 1727/3/939
f 2052/3/845 2051/3/848 1728/3/940 1724/3/846
f 2052/3/845 2053/3/842 1725/3/844 1723/3/847
f 2053/3/842 2052/3/845 1724/3/846 1726/3/843
f 2053/3/842 2054/3/839 1729/3/841 1725/3/844
f 2054/3/839 2053/3/842 1726/3/843 1730/3/840
f 2054/3/839 2047/3/836 1733/3/937 1729/3/841
f 2047/3/836 2054/3/839 1730/3/840 1734/3/938
f 2055/3/855 2056/3/860 1899/3/861 1891/3/856
f 2056/3/860 2055/3/855 1892/3/859 1900/3/862
f 2056/3/860 2057/3/927 1907/3/864 1899/3/861
f 2057/3/927 2056/3/860 1900/3/862 1908/3/865
f 2057/3/927 2058/3/854 1903/3/857 1907/3/864
f 2058/3/854 2057/3/927 1908/3/865 1904/3/858
f 2058/3/854 2055/3/855 1891/3/856 1903/3/857
f 2055/3/855 2058/3/854 1904/3/858 1892/3/859
f 2059/3/890 2060/3/863 1601/3/864 1595/3/861
f 2060/3/863 2059/3/890 1596/3/862 1602/3/865
f 2060/3/863 2061/3/888 1605/3/857 1601/3/864
f 2061/3/888 2060/3/863 1602/3/865 1606/3/858
f 2061/3/888 2062/3/889 1597/3/856 1605/3/857
f 2062/3/889 2061/3/888 1606/3/858 1598/3/859
f 2062/3/889 2059/3/890 1595/3/861 1597/3/856
f 2059/3/890 2062/3/889 1598/3/859 1596/3/862
f 2063/3/827 2064/3/828 1749/3/829 1747/3/830
f 2064/3/828 2063/3/827 1748/3/831 1750/3/832
f 2064/3/828 2065/3/833 1745/3/834 1749/3/829
f 2065/3/833 2064/3/828 1750/3/832 1746/3/835
f 2065/3/833 2066/3/836 1753/3/938 1745/3/834
f 2066/3/836 2065/3/833 1746/3/835 1754/3/937
f 2066/3/836 2067/3/839 1751/3/840 1753/3/938
f 2067/3/839 2066/3/836 1754/3/937 1752/3/841
f 2067/3/839 2068/3/842 1741/3/843 1751/3/840
f 2068/3/842 2067/3/839 1752/3/841 1742/3/844
f 2068/3/842 2069/3/845 1743/3/846 1741/3/843
f 2069/3/845 2068/3/842 1742/3/844 1744/3/847
f 2069/3/845 2070/3/848 1739/3/940 1743/3/846
f 2070/3/848 2069/3/845 1744/3/847 1740/3/939
f 2070/3/848 2063/3/827 1747/3/830 1739/3/940
f 2063/3/827 2070/3/848 1740/3/939 1748/3/831
f 2071/3/941 2072/3/942 1887/3/943 1885/3/944
f 2072/3/942 2071/3/941 1886/3/945 1888/3/946
f 2072/3/942 2073/3/947 1889/3/948 1887/3/943
f 2073/3/947 2072/3/942 1888/3/946 1890/3/949
f 2073/3/947 2074/3/950 1883/3/951 1889/3/948
f 2074/3/950 2073/3/947 1890/3/949 1884/3/952
f 2074/3/950 2071/3/941 1885/3/944 1883/3/951
f 2071/3/941 2074/3/950 1884/3/952 1886/3/945
f 2075/3/878 2076/3/953 1599/3/880 1597/3/856
f 2076/3/953 2075/3/878 1598/3/859 1600/3/881
f 2076/3/953 2077/3/954 1603/3/883 1599/3/880
f 2077/3/954 2076/3/953 1600/3/881 1604/3/884
f 2077/3/954 2078/3/885 1595/3/861 1603/3/883
f 2078/3/885 2077/3/954 1604/3/884 1596/3/862
f 2078/3/885 2075/3/878 1597/3/856 1595/3/861
f 2075/3/878 2078/3/885 1596/3/862 1598/3/859
f 2079/3/839 2080/3/836 1671/3/930 1667/3/841
f 2080/3/836 2079/3/839 1668/3/840 1672/3/929
f 2080/3/836 2081/3/833 1673/3/835 1671/3/930
f 2081/3/833 2080/3/836 1672/3/929 1674/3/834
f 2081/3/833 2082/3/828 1661/3/955 1673/3/835
f 2082/3/828 2081/3/833 1674/3/834 1662/3/956
f 2082/3/828 2083/3/827 1665/3/831 1661/3/955
f 2083/3/827 2082/3/828 1662/3/956 1666/3/830
f 2083/3/827 2084/3/848 1663/3/928 1665/3/831
f 2084/3/848 2083/3/827 1666/3/830 1664/3/849
f 2084/3/848 2085/3/845 1659/3/847 1663/3/928
f 2085/3/845 2084/3/848 1664/3/849 1660/3/846
f 2085/3/845 2086/3/842 1669/3/844 1659/3/847
f 2086/3/842 2085/3/845 1660/3/846 1670/3/843
f 2086/3/842 2079/3/839 1667/3/841 1669/3/844
f 2079/3/839 2086/3/842 1670/3/843 1668/3/840
f 2087/3/957 2088/3/958 1915/3/901 1911/3/904
f 2088/3/958 2087/3/957 1912/3/905 1916/3/902
f 2088/3/958 2089/3/959 1921/3/869 1915/3/901
f 2089/3/959 2088/3/958 1916/3/902 1922/3/870
f 2089/3/959 2090/3/960 1919/3/876 1921/3/869
f 2090/3/960 2089/3/959 1922/3/870 1920/3/877
f 2090/3/960 2087/3/957 1911/3/904 1919/3/876
f 2087/3/957 2090/3/960 1920/3/877 1912/3/905
f 2091/3/855 2092/3/860 1787/3/861 1789/3/856
f 2092/3/860 2091/3/855 1790/3/859 1788/3/862
f 2092/3/860 2093/3/927 1797/3/864 1787/3/861
f 2093/3/927 2092/3/860 1788/3/862 1798/3/865
f 2093/3/927 2094/3/854 1793/3/857 1797/3/864
f 2094/3/854 2093/3/927 1798/3/865 1794/3/858
f 2094/3/854 2091/3/855 1789/3/856 1793/3/857
f 2091/3/855 2094/3/854 1794/3/858 1790/3/859
f 2095/3/961 2096/3/962 1841/3/901 1845/3/904
f 2096/3/962 2095/3/961 1846/3/905 1842/3/902
f 2096/3/962 2097/3/963 1849/3/869 1841/3/901
f 2097/3/963 2096/3/962 1842/3/902 1850/3/870
f 2097/3/963 2098/3/964 1847/3/876 1849/3/869
f 2098/3/964 2097/3/963 1850/3/870 1848/3/877
f 2098/3/964 2095/3/961 1845/3/904 1847/3/876
f 2095/3/961 2098/3/964 1848/3/877 1846/3/905
f 2099/3/833 2100/3/836 1687/3/929 1689/3/834
f 2100/3/836 2099/3/833 1690/3/835 1688/3/930
f 2100/3/836 2101/3/839 1683/3/840 1687/3/929
f 2101/3/839 2100/3/836 1688/3/930 1684/3/841
f 2101/3/839 2102/3/842 1685/3/843 1683/3/840
f 2102/3/842 2101/3/839 1684/3/841 1686/3/844
f 2102/3/842 2103/3/845 1679/3/846 1685/3/843
f 2103/3/845 2102/3/842 1686/3/844 1680/3/847
f 2103/3/845 2104/3/848 1675/3/849 1679/3/846
f 2104/3/848 2103/3/845 1680/3/847 1676/3/928
f 2104/3/848 2105/3/827 1681/3/830 1675/3/849
f 2105/3/827 2104/3/848 1676/3/928 1682/3/831
f 2105/3/827 2106/3/828 1677/3/956 1681/3/830
f 2106/3/828 2105/3/827 1682/3/831 1678/3/955
f 2106/3/828 2099/3/833 1689/3/834 1677/3/956
f 2099/3/833 2106/3/828 1678/3/955 1690/3/835
f 2107/3/962 2108/3/959 1809/3/869 1805/3/901
f 2108/3/959 2107/3/962 1806/3/902 1810/3/870
f 2108/3/959 2109/3/960 1813/3/876 1809/3/869
f 2109/3/960 2108/3/959 1810/3/870 1814/3/877
f 2109/3/960 2110/3/961 1801/3/904 1813/3/876
f 2110/3/961 2109/3/960 1814/3/877 1802/3/905
f 2110/3/961 2107/3/962 1805/3/901 1801/3/904
f 2107/3/962 2110/3/961 1802/3/905 1806/3/902
f 2111/3/931 2112/3/965 1871/3/893 1863/3/917
f 2112/3/965 2111/3/931 1864/3/918 1872/3/896
f 2112/3/965 2113/3/966 1875/3/894 1871/3/893
f 2113/3/966 2112/3/965 1872/3/896 1876/3/895
f 2113/3/966 2114/3/935 1867/3/920 1875/3/894
f 2114/3/935 2113/3/966 1876/3/895 1868/3/921
f 2114/3/935 2111/3/931 1863/3/917 1867/3/920
f 2111/3/931 2114/3/935 1868/3/921 1864/3/918
f 2115/3/967 2116/3/968 1799/3/917 1791/3/880
f 2116/3/968 2115/3/967 1792/3/881 1800/3/933
f 2116/3/968 2117/3/969 1803/3/920 1799/3/917
f 2117/3/969 2116/3/968 1800/3/933 1804/3/936
f 2117/3/969 2118/3/970 1795/3/883 1803/3/920
f 2118/3/970 2117/3/969 1804/3/936 1796/3/884
f 2118/3/970 2115/3/967 1791/3/880 1795/3/883
f 2115/3/967 2118/3/970 1796/3/884 1792/3/881
f 2119/3/912 2120/3/913 1917/3/873 1913/3/868
f 2120/3/913 2119/3/912 1914/3/871 1918/3/874
f 2120/3/913 2121/3/914 1919/3/876 1917/3/873
f 2121/3/914 2120/3/913 1918/3/874 1920/3/877
f 2121/3/914 2122/3/911 1921/3/869 1919/3/876
f 2122/3/911 2121/3/914 1920/3/877 1922/3/870
f 2122/3/911 2119/3/912 1913/3/868 1921/3/869
f 2119/3/912 2122/3/911 1922/3/870 1914/3/871
f 2123/3/914 2124/3/911 1589/3/869 1593/3/876
f 2124/3/911 2123/3/914 1594/3/877 1590/3/870
f 2124/3/911 2125/3/912 1591/3/868 1589/3/869
f 2125/3/912 2124/3/911 1590/3/870 1592/3/871
f 2125/3/912 2126/3/913 1587/3/873 1591/3/868
f 2126/3/913 2125/3/912 1592/3/871 1588/3/874
f 2126/3/913 2123/3/914 1593/3/876 1587/3/873
f 2123/3/914 2126/3/913 1588/3/874 1594/3/877
f 2127/3/971 2128/3/932 1831/3/893 1823/3/917
f 2128/3/932 2127/3/971 1824/3/918 1832/3/896
f 2128/3/932 2129/3/934 1835/3/894 1831/3/893
f 2129/3/934 2128/3/932 1832/3/896 1836/3/895
f 2129/3/934 2130/3/972 1827/3/920 1835/3/894
f 2130/3/972 2129/3/934 1836/3/895 1828/3/921
f 2130/3/972 2127/3/971 1823/3/917 1827/3/920
f 2127/3/971 2130/3/972 1828/3/921 1824/3/918
f 2131/3/953 2132/3/954 1819/3/883 1821/3/880
f 2132/3/954 2131/3/953 1822/3/881 1820/3/884
f 2132/3/954 2133/3/885 1829/3/861 1819/3/883
f 2133/3/885 2132/3/954 1820/3/884 1830/3/862
f 2133/3/885 2134/3/878 1825/3/856 1829/3/861
f 2134/3/878 2133/3/885 1830/3/862 1826/3/859
f 2134/3/878 2131/3/953 1821/3/880 1825/3/856
f 2131/3/953 2134/3/878 1826/3/859 1822/3/881
f 2135/3/959 2136/3/960 1593/3/876 1589/3/869
f 2136/3/960 2135/3/959 1590/3/870 1594/3/877
f 2136/3/960 2137/3/957 1585/3/904 1593/3/876
f 2137/3/957 2136/3/960 1594/3/877 1586/3/905
f 2137/3/957 2138/3/958 1581/3/901 1585/3/904
f 2138/3/958 2137/3/957 1586/3/905 1582/3/902
f 2138/3/958 2135/3/959 1589/3/869 1581/3/901
f 2135/3/959 2138/3/958 1582/3/902 1590/3/870
f 2139/3/845 2140/3/842 1693/3/844 1691/3/847
f 2140/3/842 2139/3/845 1692/3/846 1694/3/843
f 2140/3/842 2141/3/839 1703/3/841 1693/3/844
f 2141/3/839 2140/3/842 1694/3/843 1704/3/840
f 2141/3/839 2142/3/836 1705/3/930 1703/3/841
f 2142/3/836 2141/3/839 1704/3/840 1706/3/929
f 2142/3/836 2143/3/833 1697/3/835 1705/3/930
f 2143/3/833 2142/3/836 1706/3/929 1698/3/834
f 2143/3/833 2144/3/828 1701/3/851 1697/3/835
f 2144/3/828 2143/3/833 1698/3/834 1702/3/852
f 2144/3/828 2145/3/827 1699/3/831 1701/3/851
f 2145/3/827 2144/3/828 1702/3/852 1700/3/830
f 2145/3/827 2146/3/848 1695/3/928 1699/3/831
f 2146/3/848 2145/3/827 1700/3/830 1696/3/849
f 2146/3/848 2139/3/845 1691/3/847 1695/3/928
f 2139/3/845 2146/3/848 1696/3/849 1692/3/846
f 2147/3/957 2148/3/958 1865/3/901 1869/3/904
f 2148/3/958 2147/3/957 1870/3/905 1866/3/902
f 2148/3/958 2149/3/973 1873/3/869 1865/3/901
f 2149/3/973 2148/3/958 1866/3/902 1874/3/870
f 2149/3/973 2150/3/974 1877/3/876 1873/3/869
f 2150/3/974 2149/3/973 1874/3/870 1878/3/877
f 2150/3/974 2147/3/957 1869/3/904 1877/3/876
f 2147/3/957 2150/3/974 1878/3/877 1870/3/905
f 2151/3/971 2152/3/932 1615/3/893 1607/3/917
f 2152/3/932 2151/3/971 1608/3/918 1616/3/896
f 2152/3/932 2153/3/934 1619/3/894 1615/3/893
f 2153/3/934 2152/3/932 1616/3/896 1620/3/895
f 2153/3/934 2154/3/972 1611/3/920 1619/3/894
f 2154/3/972 2153/3/934 1620/3/895 1612/3/921
f 2154/3/972 2151/3/971 1607/3/917 1611/3/920
f 2151/3/971 2154/3/972 1612/3/921 1608/3/918
f 2155/3/967 2156/3/968 1863/3/917 1855/3/880
f 2156/3/968 2155/3/967 1856/3/881 1864/3/918
f 2156/3/968 2157/3/969 1867/3/920 1863/3/917
f 2157/3/969 2156/3/968 1864/3/918 1868/3/921
f 2157/3/969 2158/3/970 1859/3/883 1867/3/920
f 2158/3/970 2157/3/969 1868/3/921 1860/3/884
f 2158/3/970 2155/3/967 1855/3/880 1859/3/883
f 2155/3/967 2158/3/970 1860/3/884 1856/3/881
f 2159/3/887 2160/3/886 1569/3/856 1565/3/861
f 2160/3/886 2159/3/887 1566/3/862 1570/3/859
f 2160/3/886 2161/3/879 1567/3/880 1569/3/856
f 2161/3/879 2160/3/886 1570/3/859 1568/3/881
f 2161/3/879 2162/3/882 1563/3/883 1567/3/880
f 2162/3/882 2161/3/879 1568/3/881 1564/3/884
f 2162/3/882 2159/3/887 1565/3/861 1563/3/883
f 2159/3/887 2162/3/882 1564/3/884 1566/3/862
f 2163/3/915 2164/3/916 1823/3/917 1821/3/880
f 2164/3/916 2163/3/915 1822/3/881 1824/3/918
f 2164/3/916 2165/3/919 1827/3/920 1823/3/917
f 2165/3/919 2164/3/916 1824/3/918 1828/3/921
f 2165/3/919 2166/3/922 1819/3/883 1827/3/920
f 2166/3/922 2165/3/919 1828/3/921 1820/3/884
f 2166/3/922 2163/3/915 1821/3/880 1819/3/883
f 2163/3/915 2166/3/922 1820/3/884 1822/3/881
f 2167/3/932 2168/3/934 1583/3/894 1579/3/893
f 2168/3/934 2167/3/932 1580/3/896 1584/3/895
f 2168/3/934 2169/3/972 1575/3/920 1583/3/894
f 2169/3/972 2168/3/934 1584/3/895 1576/3/921
f 2169/3/972 2170/3/931 1571/3/917 1575/3/920
f 2170/3/931 2169/3/972 1576/3/921 1572/3/918
f 2170/3/931 2167/3/932 1579/3/893 1571/3/917
f 2167/3/932 2170/3/931 1572/3/918 1580/3/896
f 2171/3/968 2172/3/969 1575/3/920 1571/3/917
f 2172/3/969 2171/3/968 1572/3/918 1576/3/921
f 2172/3/969 2173/3/922 1563/3/883 1575/3/920
f 2173/3/922 2172/3/969 1576/3/921 1564/3/884
f 2173/3/922 2174/3/915 1567/3/880 1563/3/883
f 2174/3/915 2173/3/922 1564/3/884 1568/3/881
f 2174/3/915 2171/3/968 1571/3/917 1567/3/880
f 2171/3/968 2174/3/915 1568/3/881 1572/3/918
f 2175/3/914 2176/3/911 1873/3/869 1877/3/876
f 2176/3/911 2175/3/914 1878/3/877 1874/3/870
f 2176/3/911 2177/3/912 1881/3/868 1873/3/869
f 2177/3/912 2176/3/911 1874/3/870 1882/3/871
f 2177/3/912 2178/3/913 1879/3/873 1881/3/868
f 2178/3/913 2177/3/912 1882/3/871 1880/3/874
f 2178/3/913 2175/3/914 1877/3/876 1879/3/873
f 2175/3/914 2178/3/913 1880/3/874 1878/3/877
f 2179/3/836 2180/3/833 1781/3/835 1771/3/838
f 2180/3/833 2179/3/836 1772/3/837 1782/3/834
f 2180/3/833 2181/3/828 1779/3/832 1781/3/835
f 2181/3/828 2180/3/833 1782/3/834 1780/3/829
f 2181/3/828 2182/3/827 1773/3/831 1779/3/832
f 2182/3/827 2181/3/828 1780/3/829 1774/3/830
f 2182/3/827 2183/3/848 1777/3/850 1773/3/831
f 2183/3/848 2182/3/827 1774/3/830 1778/3/853
f 2183/3/848 2184/3/845 1775/3/847 1777/3/850
f 2184/3/845 2183/3/848 1778/3/853 1776/3/846
f 2184/3/845 2185/3/842 1783/3/844 1775/3/847
f 2185/3/842 2184/3/845 1776/3/846 1784/3/843
f 2185/3/842 2186/3/839 1785/3/841 1783/3/844
f 2186/3/839 2185/3/842 1784/3/843 1786/3/840
f 2186/3/839 2179/3/836 1771/3/838 1785/3/841
f 2179/3/836 2186/3/839 1786/3/840 1772/3/837
f 2187/3/958 2188/3/959 1617/3/869 1609/3/901
f 2188/3/959 2187/3/958 1610/3/902 1618/3/870
f 2188/3/959 2189/3/960 1621/3/876 1617/3/869
f 2189/3/960 2188/3/959 1618/3/870 1622/3/877
f 2189/3/960 2190/3/957 1613/3/904 1621/3/876
f 2190/3/957 2189/3/960 1622/3/877 1614/3/905
f 2190/3/957 2187/3/958 1609/3/901 1613/3/904
f 2187/3/958 2190/3/957 1614/3/905 1610/3/902
f 2191/3/922 2192/3/915 1893/3/880 1895/3/883
f 2192/3/915 2191/3/922 1896/3/884 1894/3/881
f 2192/3/915 2193/3/968 1901/3/917 1893/3/880
f 2193/3/968 2192/3/915 1894/3/881 1902/3/918
f 2193/3/968 2194/3/969 1897/3/920 1901/3/917
f 2194/3/969 2193/3/968 1902/3/918 1898/3/921
f 2194/3/969 2191/3/922 1895/3/883 1897/3/920
f 2191/3/922 2194/3/969 1898/3/921 1896/3/884
f 2195/3/972 2196/3/971 1901/3/917 1897/3/920
f 2196/3/971 2195/3/972 1898/3/921 1902/3/918
f 2196/3/971 2197/3/932 1909/3/893 1901/3/917
f 2197/3/932 2196/3/971 1902/3/918 1910/3/896
f 2197/3/932 2198/3/934 1905/3/894 1909/3/893
f 2198/3/934 2197/3/932 1910/3/896 1906/3/895
f 2198/3/934 2195/3/972 1897/3/920 1905/3/894
f 2195/3/972 2198/3/934 1906/3/895 1898/3/921
