# Blender 4.5.3 LTS
# www.blender.org
mtllib glass-top-rail.mtl
o RenderMesh_18687757011
v -1.298122 0.072192 0.000335
v -1.300122 0.072192 0.000335
v -1.298122 0.035545 0.037768
v -1.300122 0.035545 0.037768
v -1.298122 0.050494 0.052718
v -1.300122 0.050494 0.052718
v -1.298122 0.051050 0.000335
v -1.300122 0.051050 0.000335
v -1.298122 -0.001889 0.053274
v -1.300122 -0.001889 0.053274
v -1.298122 0.035545 -0.037098
v -1.300122 0.035545 -0.037098
v -1.298122 -0.001889 0.074416
v -1.300122 -0.001889 0.074416
v -1.298122 0.050494 -0.052048
v -1.300122 0.050494 -0.052048
v -1.298122 -0.054271 0.052718
v -1.300122 -0.054271 0.052718
v -1.298122 -0.001889 -0.052604
v -1.300122 -0.001889 -0.052604
v -1.298122 -0.039322 0.037768
v -1.300122 -0.039322 0.037768
v -1.298122 -0.001889 -0.073746
v -1.300122 -0.001889 -0.073746
v -1.298122 -0.075969 0.000335
v -1.300122 -0.075969 0.000335
v -1.298122 -0.054271 -0.052048
v -1.300122 -0.054271 -0.052048
v -1.298122 -0.054827 0.000335
v -1.300122 -0.054827 0.000335
v -1.298122 -0.039322 -0.037098
v -1.300122 -0.039322 -0.037098
v -1.058669 0.035545 0.037768
v -1.059929 0.034447 0.036670
v -1.298122 -0.001889 0.053274
v -1.298122 -0.001889 0.051274
v -1.298122 0.035545 0.037768
v -1.298122 0.034131 0.036354
v -1.058669 -0.001889 0.053274
v -1.059929 -0.001889 0.051721
v -1.298122 -0.039322 0.037768
v -1.298122 -0.037908 0.036354
v -1.058669 0.051050 0.000335
v -1.059929 0.049497 0.000335
v -1.298122 0.051050 0.000335
v -1.298122 0.049050 0.000335
v -1.058669 -0.039322 0.037768
v -1.059929 -0.038224 0.036670
v -1.298122 -0.054827 0.000335
v -1.298122 -0.052827 0.000335
v -1.058669 -0.054827 0.000335
v -1.059929 -0.053274 0.000335
v -1.298122 -0.039322 -0.037098
v -1.298122 -0.037908 -0.035684
v -1.058669 0.035545 -0.037098
v -1.059929 0.034447 -0.036000
v -1.298122 0.035545 -0.037098
v -1.298122 0.034131 -0.035684
v -1.058669 -0.039322 -0.037098
v -1.059929 -0.038224 -0.036000
v -1.298122 -0.001889 -0.052604
v -1.298122 -0.001889 -0.050604
v -1.058669 -0.001889 -0.052604
v -1.059929 -0.001889 -0.051051
v 1.172592 0.220054 -0.025657
v 1.174592 0.220054 -0.025657
v 1.172592 0.220054 0.026327
v 1.174592 0.220054 0.026327
v 1.172592 0.151253 -0.025657
v 1.174592 0.151253 -0.025657
v 1.172592 0.151253 0.026327
v 1.174592 0.151253 0.026327
v 1.172592 0.230617 0.032336
v 1.174592 0.230617 0.032336
v 1.172592 0.230617 -0.031666
v 1.174592 0.230617 -0.031666
v 1.172592 0.258845 0.000335
v 1.174592 0.258845 0.000335
v 1.172592 0.266060 0.017755
v 1.174592 0.266060 0.017755
v 1.172592 0.266060 -0.017085
v 1.174592 0.266060 -0.017085
v 1.172592 0.283480 0.024970
v 1.174592 0.283480 0.024970
v 1.172592 0.283480 -0.024300
v 1.174592 0.283480 -0.024300
v 1.172592 0.300990 0.032336
v 1.174592 0.300990 0.032336
v 1.172592 0.300990 -0.031666
v 1.174592 0.300990 -0.031666
v 1.172592 0.303436 0.024639
v 1.174592 0.303436 0.024639
v 1.172592 0.300899 0.017755
v 1.174592 0.300899 0.017755
v 1.172592 0.314325 0.019001
v 1.174592 0.314325 0.019001
v 1.172592 0.308115 0.000335
v 1.174592 0.308115 0.000335
v 1.172592 0.314325 -0.018331
v 1.174592 0.314325 -0.018331
v 1.172592 0.300899 -0.017085
v 1.174592 0.300899 -0.017085
v 0.921494 -0.049883 -0.141136
v 0.923494 -0.049883 -0.141136
v 0.921494 -0.049883 0.141136
v 0.923494 -0.049883 0.141136
v 0.921494 -0.123039 -0.112909
v 0.923494 -0.123039 -0.112909
v 0.921494 -0.123039 0.112909
v 0.923494 -0.123039 0.112909
v 0.921494 0.099079 -0.057951
v 0.923090 0.097874 -0.057951
v 0.921494 0.099079 0.057951
v 0.923090 0.097874 0.057951
v 1.298122 0.099079 -0.057951
v 1.298122 0.097079 -0.057951
v 1.298122 0.099079 0.057951
v 1.298122 0.097079 0.057951
v -0.263758 -0.228915 -0.125454
v -0.265463 -0.229961 -0.125454
v -0.328694 -0.123039 0.125454
v -0.330399 -0.124085 0.125454
v -0.328694 -0.123039 -0.125454
v -0.330399 -0.124085 -0.125454
v -0.263758 -0.228915 0.125454
v -0.265463 -0.229961 0.125454
v -0.263758 -0.228915 -0.125454
v -0.263758 -0.230915 -0.125454
v 0.002003 -0.228915 -0.125454
v 0.002003 -0.230915 -0.125454
v -0.263758 -0.228915 0.125454
v -0.263758 -0.230915 0.125454
v 0.002003 -0.228915 0.125454
v 0.002003 -0.230915 0.125454
v -0.144920 0.175629 0.019818
v -0.146920 0.175629 0.019818
v -0.144920 0.153267 0.019818
v -0.146920 0.153267 0.019818
v -0.144920 0.153267 0.032657
v -0.146920 0.153267 0.032657
v -0.144920 0.175629 0.032657
v -0.146920 0.175629 0.032657
v -0.144920 0.175629 -0.031986
v -0.146920 0.175629 -0.031986
v -0.144920 0.153267 -0.031986
v -0.146920 0.153267 -0.031986
v -0.144920 0.153267 -0.019148
v -0.146920 0.153267 -0.019148
v -0.144920 0.175629 -0.019148
v -0.146920 0.175629 -0.019148
v -0.144920 0.175629 0.032657
v -0.146584 0.176738 0.032657
v -0.118946 0.214590 0.032657
v -0.120610 0.215699 0.032657
v -0.144920 0.175629 0.019818
v -0.146584 0.176738 0.019818
v -0.118946 0.214590 0.019818
v -0.120610 0.215699 0.019818
v -0.144920 0.175629 -0.019148
v -0.146584 0.176738 -0.019148
v -0.118946 0.214590 -0.019148
v -0.120610 0.215699 -0.019148
v -0.144920 0.175629 -0.031986
v -0.146584 0.176738 -0.031986
v -0.118946 0.214590 -0.031986
v -0.120610 0.215699 -0.031986
v -0.090662 0.284160 -0.002010
v -0.092640 0.284454 -0.002010
v -0.094789 0.256426 -0.006137
v -0.096767 0.256720 -0.006137
v -0.094789 0.256426 0.006807
v -0.096767 0.256720 0.006807
v -0.090662 0.284160 0.002680
v -0.092640 0.284454 0.002680
v -0.103701 0.220371 -0.025656
v -0.105701 0.220371 -0.025656
v -0.103701 0.258879 0.000335
v -0.105701 0.258879 0.000335
v -0.103701 0.229929 -0.030854
v -0.105701 0.229929 -0.030854
v -0.103701 0.265990 -0.016833
v -0.105701 0.265990 -0.016833
v -0.103701 0.285655 -0.030854
v -0.105701 0.285655 -0.030854
v -0.103701 0.283158 -0.023945
v -0.105701 0.283158 -0.023945
v -0.103701 0.285655 -0.022910
v -0.105701 0.285655 -0.022910
v -0.103701 0.220371 0.026326
v -0.105701 0.220371 0.026326
v -0.103701 0.151031 -0.025656
v -0.105701 0.151031 -0.025656
v -0.103701 0.151031 0.026326
v -0.105701 0.151031 0.026326
v -0.103701 0.229929 0.031524
v -0.105701 0.229929 0.031524
v -0.103701 0.265990 0.017503
v -0.105701 0.265990 0.017503
v -0.103701 0.285655 0.031524
v -0.105701 0.285655 0.031524
v -0.103701 0.283158 0.024615
v -0.105701 0.283158 0.024615
v -0.103701 0.285655 0.023580
v -0.105701 0.285655 0.023580
v 0.921494 -0.123039 0.112909
v 0.921494 -0.125039 0.112909
v -0.308857 -0.123039 0.112909
v -0.308857 -0.125039 0.112909
v 0.921494 -0.123039 -0.112909
v 0.921494 -0.125039 -0.112909
v -0.308857 -0.123039 -0.112909
v -0.308857 -0.125039 -0.112909
v 1.172592 0.314325 -0.018331
v 1.172592 0.316325 -0.018331
v 1.143667 0.314325 -0.018331
v 1.143667 0.316325 -0.018331
v 1.143667 0.314325 0.019001
v 1.143667 0.316325 0.019001
v 1.172592 0.314325 0.019001
v 1.172592 0.316325 0.019001
v -0.103701 0.285655 -0.030854
v -0.103701 0.287655 -0.030854
v -0.073577 0.285655 -0.022910
v -0.073577 0.287655 -0.022910
v -0.073577 0.285655 -0.030854
v -0.073577 0.287655 -0.030854
v -0.103701 0.285655 -0.022910
v -0.103701 0.287655 -0.022910
v -0.103701 0.285655 0.031524
v -0.103701 0.287655 0.031524
v -0.073577 0.285655 0.031524
v -0.073577 0.287655 0.031524
v -0.103701 0.285655 0.023580
v -0.103701 0.287655 0.023580
v -0.073577 0.285655 0.023580
v -0.073577 0.287655 0.023580
v -0.085973 0.284160 -0.002010
v -0.085973 0.286160 -0.002010
v -0.090662 0.284160 -0.002010
v -0.090662 0.286160 -0.002010
v -0.090662 0.284160 0.002680
v -0.090662 0.286160 0.002680
v -0.085973 0.284160 0.002680
v -0.085973 0.286160 0.002680
v 1.172592 0.300990 -0.031666
v 1.172592 0.302404 -0.033080
v 1.143667 0.300990 -0.031666
v 1.143667 0.302404 -0.033080
v 1.143667 0.314325 -0.018331
v 1.143667 0.315739 -0.019745
v 1.172592 0.314325 -0.018331
v 1.172592 0.315739 -0.019745
v -0.073577 0.283158 0.024615
v -0.073577 0.283158 0.022615
v -0.103701 0.265990 0.017503
v -0.103701 0.267404 0.016089
v -0.103701 0.283158 0.024615
v -0.103701 0.283158 0.022615
v -0.073577 0.285655 0.023580
v -0.073577 0.284889 0.021732
v -0.103701 0.285655 0.023580
v -0.103701 0.284889 0.021732
v -0.073577 0.265990 0.017503
v -0.073577 0.267404 0.016089
v -0.073577 0.258879 0.000335
v -0.073577 0.260879 0.000335
v -0.103701 0.258879 0.000335
v -0.103701 0.260879 0.000335
v -0.103701 0.265990 -0.016833
v -0.103701 0.267404 -0.015419
v -0.073577 0.265990 -0.016833
v -0.073577 0.267404 -0.015419
v -0.103701 0.283158 -0.023945
v -0.103701 0.283158 -0.021945
v -0.073577 0.283158 -0.023945
v -0.073577 0.283158 -0.021945
v -0.103701 0.285655 -0.022910
v -0.103701 0.284889 -0.021062
v -0.073577 0.285655 -0.022910
v -0.073577 0.284889 -0.021062
v 1.172592 0.314325 0.019001
v 1.172592 0.315739 0.020415
v 1.143667 0.314325 0.019001
v 1.143667 0.315739 0.020415
v 1.143667 0.300990 0.032336
v 1.143667 0.302404 0.033750
v 1.172592 0.300990 0.032336
v 1.172592 0.302404 0.033750
v -0.183543 -0.009058 0.020370
v -0.183543 -0.011058 0.020370
v 0.707573 -0.009058 0.020370
v 0.707573 -0.011058 0.020370
v 0.707573 -0.009058 0.118338
v 0.707573 -0.011058 0.118338
v -0.183543 -0.009058 0.118338
v -0.183543 -0.011058 0.118338
v 0.002003 -0.228915 -0.125454
v 0.002003 -0.228915 -0.127454
v -0.263758 -0.228915 -0.125454
v -0.263758 -0.228915 -0.127454
v 0.002003 -0.123039 -0.125454
v 0.002003 -0.123039 -0.127454
v -0.328694 -0.123039 -0.125454
v -0.328694 -0.123039 -0.127454
v 1.172592 0.258845 0.000335
v 1.172592 0.260693 -0.000430
v 1.143667 0.258845 0.000335
v 1.143667 0.260693 -0.000430
v 1.172592 0.266060 0.017755
v 1.172592 0.267908 0.016990
v 1.143667 0.266060 0.017755
v 1.143667 0.267908 0.016990
v 1.172592 0.266060 -0.017085
v 1.172592 0.267908 -0.016320
v 1.143667 0.266060 -0.017085
v 1.143667 0.267908 -0.016320
v 1.172592 0.258845 0.000335
v 1.172592 0.260693 0.001100
v 1.143667 0.258845 0.000335
v 1.143667 0.260693 0.001100
v 0.002003 -0.123039 0.125454
v 0.002003 -0.123039 0.127454
v -0.263758 -0.228915 0.125454
v -0.263758 -0.228915 0.127454
v 0.002003 -0.228915 0.125454
v 0.002003 -0.228915 0.127454
v -0.328694 -0.123039 0.125454
v -0.328694 -0.123039 0.127454
v -0.041163 0.214590 0.019818
v -0.041163 0.216590 0.019818
v -0.118946 0.214590 0.019818
v -0.118946 0.216590 0.019818
v -0.118946 0.214590 0.032657
v -0.118946 0.216590 0.032657
v -0.041163 0.214590 0.032657
v -0.041163 0.216590 0.032657
v -0.118946 0.214590 -0.031986
v -0.118946 0.216590 -0.031986
v -0.041163 0.214590 -0.019148
v -0.041163 0.216590 -0.019148
v -0.041163 0.214590 -0.031987
v -0.041163 0.216590 -0.031987
v -0.118946 0.214590 -0.019148
v -0.118946 0.216590 -0.019148
v 1.062463 0.175629 -0.031987
v 1.060674 0.176523 -0.031987
v 1.062463 0.153267 -0.031987
v 1.060463 0.153267 -0.031987
v 1.062463 0.153267 -0.019148
v 1.060463 0.153267 -0.019148
v 1.062463 0.175629 -0.019148
v 1.060674 0.176523 -0.019148
v 1.114412 0.214590 -0.019148
v 1.113779 0.216487 -0.019148
v 1.114412 0.214590 -0.031987
v 1.113779 0.216487 -0.031987
v 1.192194 0.214590 -0.031987
v 1.193138 0.216353 -0.031987
v 1.192194 0.214590 -0.019148
v 1.193138 0.216353 -0.019148
v 1.218169 0.175629 -0.019148
v 1.220083 0.176209 -0.019148
v 1.218169 0.175629 -0.031987
v 1.220083 0.176209 -0.031987
v 1.218169 0.153267 -0.031987
v 1.220169 0.153267 -0.031987
v 1.218169 0.153267 -0.019148
v 1.220169 0.153267 -0.019148
v 1.062463 0.175629 0.019818
v 1.060674 0.176523 0.019818
v 1.062463 0.153267 0.019818
v 1.060463 0.153267 0.019818
v 1.062463 0.153267 0.032657
v 1.060463 0.153267 0.032657
v 1.062463 0.175629 0.032657
v 1.060674 0.176523 0.032657
v 1.114412 0.214590 0.032657
v 1.113779 0.216487 0.032657
v 1.114412 0.214590 0.019818
v 1.113779 0.216487 0.019818
v 1.192194 0.214590 0.019818
v 1.193138 0.216353 0.019818
v 1.192194 0.214590 0.032657
v 1.193138 0.216353 0.032657
v 1.218169 0.175629 0.032657
v 1.220083 0.176209 0.032657
v 1.218169 0.175629 0.019818
v 1.220083 0.176209 0.019818
v 1.218169 0.153267 0.019818
v 1.220169 0.153267 0.019818
v 1.218169 0.153267 0.032657
v 1.220169 0.153267 0.032657
v 1.259160 0.157912 -0.036131
v 1.259160 0.158607 -0.038006
v 0.921494 0.099079 -0.057951
v 0.921494 0.099870 -0.059788
v 1.298122 0.099079 -0.057951
v 1.298122 0.099774 -0.059826
v -0.191972 0.157912 -0.036131
v -0.191972 0.158607 -0.038006
v -0.308857 0.099079 -0.057951
v -0.308857 0.099989 -0.059732
v -0.308857 -0.049883 -0.141136
v -0.308857 -0.049742 -0.143131
v 0.921494 -0.049883 -0.141136
v 0.921494 -0.049742 -0.143131
v -0.308857 -0.123039 -0.112909
v -0.308857 -0.123759 -0.114775
v 0.921494 -0.123039 -0.112909
v 0.921494 -0.123759 -0.114775
v -0.308857 -0.049883 0.141136
v -0.308857 -0.049742 0.143131
v -0.183543 -0.090722 0.125378
v -0.183543 -0.091442 0.127244
v -0.183543 -0.049883 0.141136
v -0.183543 -0.049742 0.143131
v -0.183543 -0.009058 0.118338
v -0.183543 -0.008083 0.120084
v -0.308857 -0.123039 0.112909
v -0.308857 -0.123759 0.114775
v -0.308857 0.099079 0.057951
v -0.308857 0.099989 0.059732
v 0.707573 -0.090722 0.125378
v 0.707573 -0.091442 0.127244
v 0.921494 -0.123039 0.112909
v 0.921494 -0.123759 0.114775
v 0.921494 -0.049883 0.141136
v 0.921494 -0.049742 0.143131
v 0.707573 -0.049883 0.141136
v 0.707573 -0.049742 0.143131
v 0.707573 -0.009058 0.118338
v 0.707573 -0.008083 0.120084
v 0.921494 0.099079 0.057951
v 0.921494 0.099870 0.059788
v -0.191972 0.157912 0.036131
v -0.191972 0.158607 0.038006
v 1.259160 0.157912 0.036131
v 1.259160 0.158607 0.038006
v 1.298122 0.099079 0.057951
v 1.298122 0.099774 0.059826
v 1.172592 0.283480 0.024970
v 1.172592 0.284245 0.023122
v 1.143667 0.266060 0.017755
v 1.143667 0.266825 0.015907
v 1.143667 0.283480 0.024970
v 1.143667 0.284245 0.023122
v 1.172592 0.266060 0.017755
v 1.172592 0.266825 0.015907
v 0.010785 0.153267 -0.031987
v 0.010785 0.153267 -0.033987
v -0.041163 0.214590 -0.031987
v -0.041163 0.214590 -0.033987
v 0.010785 0.175629 -0.031987
v 0.010785 0.175629 -0.033987
v -0.144920 0.153267 -0.031986
v -0.144920 0.153267 -0.033986
v -0.118946 0.214590 -0.031986
v -0.118946 0.214590 -0.033986
v -0.144920 0.175629 -0.031986
v -0.144920 0.175629 -0.033986
v 1.192194 0.214590 -0.031987
v 1.192194 0.214590 -0.033987
v 1.218169 0.153267 -0.031987
v 1.218169 0.153267 -0.033987
v 1.114412 0.214590 -0.031987
v 1.114412 0.214590 -0.033987
v 1.218169 0.175629 -0.031987
v 1.218169 0.175629 -0.033987
v 1.062463 0.153267 -0.031987
v 1.062463 0.153267 -0.033987
v 1.062463 0.175629 -0.031987
v 1.062463 0.175629 -0.033987
v 1.172592 0.300990 -0.031666
v 1.172592 0.300990 -0.033666
v 1.172592 0.230617 -0.031666
v 1.172592 0.230617 -0.033666
v 1.143667 0.300990 -0.031666
v 1.143667 0.300990 -0.033666
v 1.143667 0.230617 -0.031666
v 1.143667 0.230617 -0.033666
v 1.143667 0.266060 -0.017085
v 1.143667 0.266825 -0.015237
v 1.172592 0.266060 -0.017085
v 1.172592 0.266825 -0.015237
v 1.172592 0.283480 -0.024300
v 1.172592 0.284245 -0.022452
v 1.143667 0.283480 -0.024300
v 1.143667 0.284245 -0.022452
v 1.172592 0.220054 -0.025657
v 1.172592 0.220054 -0.027657
v 1.143667 0.151253 -0.025657
v 1.143667 0.151253 -0.027657
v 1.143667 0.220054 -0.025657
v 1.143667 0.220054 -0.027657
v 1.172592 0.151253 -0.025657
v 1.172592 0.151253 -0.027657
v -0.094789 0.256426 -0.006137
v -0.094789 0.256720 -0.008115
v -0.085973 0.284160 -0.002010
v -0.085973 0.284454 -0.003988
v -0.081846 0.256426 -0.006137
v -0.081846 0.256720 -0.008115
v -0.090662 0.284160 -0.002010
v -0.090662 0.284454 -0.003988
v -0.041163 0.214590 0.032657
v -0.041163 0.214590 0.034657
v -0.144920 0.153267 0.032657
v -0.144920 0.153267 0.034657
v 0.010785 0.153267 0.032656
v 0.010785 0.153267 0.034656
v 0.010785 0.175629 0.032656
v 0.010785 0.175629 0.034656
v -0.118946 0.214590 0.032657
v -0.118946 0.214590 0.034657
v -0.144920 0.175629 0.032657
v -0.144920 0.175629 0.034657
v 1.218169 0.153267 0.032657
v 1.218169 0.153267 0.034657
v 1.192194 0.214590 0.032657
v 1.192194 0.214590 0.034657
v 1.114412 0.214590 0.032657
v 1.114412 0.214590 0.034657
v 1.218169 0.175629 0.032657
v 1.218169 0.175629 0.034657
v 1.062463 0.153267 0.032657
v 1.062463 0.153267 0.034657
v 1.062463 0.175629 0.032657
v 1.062463 0.175629 0.034657
v 1.172592 0.230617 0.032336
v 1.172592 0.230617 0.034336
v 1.172592 0.300990 0.032336
v 1.172592 0.300990 0.034336
v 1.143667 0.230617 0.032336
v 1.143667 0.230617 0.034336
v 1.143667 0.300990 0.032336
v 1.143667 0.300990 0.034336
v 1.143667 0.220054 0.026327
v 1.143667 0.220054 0.028327
v 1.143667 0.151253 0.026327
v 1.143667 0.151253 0.028327
v 1.172592 0.151253 0.026327
v 1.172592 0.151253 0.028327
v 1.172592 0.220054 0.026327
v 1.172592 0.220054 0.028327
v -0.090662 0.284160 0.002680
v -0.090662 0.284454 0.004658
v -0.094789 0.256426 0.006807
v -0.094789 0.256720 0.008785
v -0.081846 0.256426 0.006807
v -0.081846 0.256720 0.008785
v -0.085973 0.284160 0.002680
v -0.085973 0.284454 0.004658
v -0.183543 -0.090722 0.020370
v -0.183543 -0.090722 0.022370
v 0.707573 -0.090722 0.020370
v 0.707573 -0.090722 0.022370
v 0.707573 -0.009058 0.020370
v 0.707573 -0.009058 0.022370
v -0.183543 -0.009058 0.020370
v -0.183543 -0.009058 0.022370
v -1.035882 0.038460 -0.040014
v -1.035882 0.039874 -0.041428
v -0.284726 0.055173 0.000335
v -0.284726 0.057173 0.000335
v -0.284726 0.038460 -0.040014
v -0.284726 0.039874 -0.041428
v -1.035882 0.055173 0.000335
v -1.035882 0.057173 0.000335
v -1.035882 -0.001889 -0.056727
v -1.035882 -0.001889 -0.058727
v -0.284726 0.038460 0.040684
v -0.284726 0.039874 0.042098
v -0.284726 -0.001889 -0.056727
v -0.284726 -0.001889 -0.058727
v -1.035882 0.038460 0.040684
v -1.035882 0.039874 0.042098
v -1.035882 -0.042237 -0.040014
v -1.035882 -0.043651 -0.041428
v -0.284726 -0.001889 0.057397
v -0.284726 -0.001889 0.059397
v -0.284726 -0.042237 -0.040014
v -0.284726 -0.043651 -0.041428
v -1.035882 -0.001889 0.057397
v -1.035882 -0.001889 0.059397
v -1.035882 -0.058950 0.000335
v -1.035882 -0.060950 0.000335
v -0.284726 -0.042237 0.040684
v -0.284726 -0.043651 0.042098
v -0.284726 -0.058950 0.000335
v -0.284726 -0.060950 0.000335
v -1.035882 -0.042237 0.040684
v -1.035882 -0.043651 0.042098
v -1.298122 -0.054271 0.052718
v -1.298122 -0.055685 0.054132
v -1.025868 -0.054271 0.052718
v -1.025868 -0.055685 0.054132
v -1.025868 -0.001889 0.074416
v -1.025868 -0.001889 0.076416
v -1.298122 -0.075969 0.000335
v -1.298122 -0.077969 0.000335
v -1.298122 -0.001889 0.074416
v -1.298122 -0.001889 0.076416
v -1.025868 -0.075969 0.000335
v -1.025868 -0.077969 0.000335
v -1.025868 0.050494 0.052718
v -1.025868 0.051908 0.054132
v -1.298122 -0.054271 -0.052048
v -1.298122 -0.055685 -0.053462
v -1.298122 0.050494 0.052718
v -1.298122 0.051908 0.054132
v -1.025868 -0.054271 -0.052048
v -1.025868 -0.055685 -0.053462
v -1.025868 0.072192 0.000335
v -1.025868 0.074192 0.000335
v -1.298122 -0.001889 -0.073746
v -1.298122 -0.001889 -0.075746
v -1.298122 0.072192 0.000335
v -1.298122 0.074192 0.000335
v -1.025868 -0.001889 -0.073746
v -1.025868 -0.001889 -0.075746
v -1.025868 0.050494 -0.052048
v -1.025868 0.051908 -0.053462
v -1.298122 0.050494 -0.052048
v -1.298122 0.051908 -0.053462
v 0.010785 0.153267 0.019818
v 0.010785 0.153267 0.017818
v -0.041163 0.214590 0.019818
v -0.041163 0.214590 0.017818
v 0.010785 0.175629 0.019818
v 0.010785 0.175629 0.017818
v -0.144920 0.153267 0.019818
v -0.144920 0.153267 0.017818
v -0.118946 0.214590 0.019818
v -0.118946 0.214590 0.017818
v -0.144920 0.175629 0.019818
v -0.144920 0.175629 0.017818
v 1.192194 0.214590 0.019818
v 1.192194 0.214590 0.017818
v 1.218169 0.153267 0.019818
v 1.218169 0.153267 0.017818
v 1.114412 0.214590 0.019818
v 1.114412 0.214590 0.017818
v 1.218169 0.175629 0.019818
v 1.218169 0.175629 0.017818
v 1.062463 0.153267 0.019818
v 1.062463 0.153267 0.017818
v 1.062463 0.175629 0.019818
v 1.062463 0.175629 0.017818
v 1.143667 0.230617 -0.031666
v 1.143667 0.229628 -0.033404
v 1.172592 0.230617 -0.031666
v 1.172592 0.229628 -0.033404
v 1.172592 0.220054 -0.025657
v 1.172592 0.219065 -0.027395
v 1.143667 0.220054 -0.025657
v 1.143667 0.219065 -0.027395
v -0.041163 0.214590 -0.019148
v -0.041163 0.214590 -0.017148
v -0.144920 0.153267 -0.019148
v -0.144920 0.153267 -0.017148
v 0.010785 0.153267 -0.019148
v 0.010785 0.153267 -0.017148
v 0.010785 0.175629 -0.019148
v 0.010785 0.175629 -0.017148
v -0.118946 0.214590 -0.019148
v -0.118946 0.214590 -0.017148
v -0.144920 0.175629 -0.019148
v -0.144920 0.175629 -0.017148
v 1.218169 0.153267 -0.019148
v 1.218169 0.153267 -0.017148
v 1.192194 0.214590 -0.019148
v 1.192194 0.214590 -0.017148
v 1.114412 0.214590 -0.019148
v 1.114412 0.214590 -0.017148
v 1.218169 0.175629 -0.019148
v 1.218169 0.175629 -0.017148
v 1.062463 0.153267 -0.019148
v 1.062463 0.153267 -0.017148
v 1.062463 0.175629 -0.019148
v 1.062463 0.175629 -0.017148
v 1.172592 0.151253 -0.025657
v 1.172592 0.149253 -0.025657
v 1.172592 0.151253 0.026327
v 1.172592 0.149253 0.026327
v 1.143667 0.151253 -0.025657
v 1.143667 0.149253 -0.025657
v 1.143667 0.151253 0.026327
v 1.143667 0.149253 0.026327
v 1.143667 0.220054 0.026327
v 1.143667 0.219065 0.028065
v 1.172592 0.220054 0.026327
v 1.172592 0.219065 0.028065
v 1.172592 0.230617 0.032336
v 1.172592 0.229628 0.034074
v 1.143667 0.230617 0.032336
v 1.143667 0.229628 0.034074
v -0.041163 0.214590 0.019818
v -0.039963 0.216190 0.019818
v 0.010785 0.175629 0.032656
v 0.011985 0.177229 0.032656
v 0.010785 0.175629 0.019818
v 0.011985 0.177229 0.019818
v -0.041163 0.214590 0.032657
v -0.039963 0.216190 0.032657
v -0.041163 0.214590 -0.031987
v -0.039963 0.216190 -0.031987
v 0.010785 0.175629 -0.019148
v 0.011985 0.177229 -0.019148
v 0.010785 0.175629 -0.031987
v 0.011985 0.177229 -0.031987
v -0.041163 0.214590 -0.019148
v -0.039963 0.216190 -0.019148
v -0.191972 0.157912 -0.036131
v -0.192457 0.159852 -0.036131
v -0.308857 0.099079 -0.057951
v -0.310672 0.099919 -0.057951
v -0.308857 0.099079 0.057951
v -0.310672 0.099919 0.057951
v -0.191972 0.157912 0.036131
v -0.192457 0.159852 0.036131
v -0.308857 -0.049883 0.141136
v -0.310857 -0.049883 0.141136
v -0.308857 -0.049883 -0.141136
v -0.310857 -0.049883 -0.141136
v -0.308857 -0.123039 -0.112909
v -0.310857 -0.123039 -0.112909
v -0.308857 -0.123039 0.112909
v -0.310857 -0.123039 0.112909
v 1.259160 0.157912 0.036131
v 1.260188 0.159628 0.036131
v 1.259160 0.157912 -0.036131
v 1.260188 0.159628 -0.036131
v 1.298122 0.099079 0.057951
v 1.299790 0.100183 0.057951
v 1.298122 0.099079 -0.057951
v 1.299790 0.100183 -0.057951
v 1.172592 0.300899 0.017755
v 1.172592 0.300134 0.015907
v 1.143667 0.283480 0.024970
v 1.143667 0.282715 0.023122
v 1.143667 0.300899 0.017755
v 1.143667 0.300134 0.015907
v 1.172592 0.283480 0.024970
v 1.172592 0.282715 0.023122
v -0.103701 0.220371 0.026326
v -0.103701 0.219878 0.028264
v -0.103701 0.151031 0.026326
v -0.103701 0.149617 0.027740
v -0.073577 0.151031 0.026326
v -0.073577 0.149617 0.027740
v -0.103701 0.151031 -0.025656
v -0.103701 0.149617 -0.027070
v -0.073577 0.220371 0.026326
v -0.073577 0.219878 0.028264
v -0.073577 0.151031 -0.025656
v -0.073577 0.149617 -0.027070
v -0.073577 0.229929 0.031524
v -0.073577 0.229436 0.033462
v -0.073577 0.220371 -0.025656
v -0.073577 0.219878 -0.027594
v -0.103701 0.229929 0.031524
v -0.103701 0.229436 0.033462
v -0.073577 0.285655 0.031524
v -0.073577 0.285655 0.033524
v -0.103701 0.285655 0.031524
v -0.103701 0.285655 0.033524
v -0.103701 0.220371 -0.025656
v -0.103701 0.219878 -0.027594
v -0.103701 0.229929 -0.030854
v -0.103701 0.229436 -0.032792
v -0.073577 0.229929 -0.030854
v -0.073577 0.229436 -0.032792
v -0.103701 0.285655 -0.030854
v -0.103701 0.285655 -0.032854
v -0.073577 0.285655 -0.030854
v -0.073577 0.285655 -0.032854
v 1.172592 0.283480 -0.024300
v 1.172592 0.282715 -0.022452
v 1.143667 0.300899 -0.017085
v 1.143667 0.300134 -0.015237
v 1.143667 0.283480 -0.024300
v 1.143667 0.282715 -0.022452
v 1.172592 0.300899 -0.017085
v 1.172592 0.300134 -0.015237
v 0.010785 0.175629 0.032656
v 0.012785 0.175629 0.032656
v 0.010785 0.153267 0.019818
v 0.012785 0.153267 0.019818
v 0.010785 0.175629 0.019818
v 0.012785 0.175629 0.019818
v 0.010785 0.153267 0.032656
v 0.012785 0.153267 0.032656
v 0.010785 0.175629 -0.019148
v 0.012785 0.175629 -0.019148
v 0.010785 0.153267 -0.031987
v 0.012785 0.153267 -0.031987
v 0.010785 0.175629 -0.031987
v 0.012785 0.175629 -0.031987
v 0.010785 0.153267 -0.019148
v 0.012785 0.153267 -0.019148
v 1.143667 0.308115 0.000335
v 1.143667 0.306267 -0.000430
v 1.172592 0.308115 0.000335
v 1.172592 0.306267 -0.000430
v 1.172592 0.300899 0.017755
v 1.172592 0.299051 0.016990
v 1.143667 0.300899 0.017755
v 1.143667 0.299051 0.016990
v 1.143667 0.300899 -0.017085
v 1.143667 0.299051 -0.016320
v 1.172592 0.300899 -0.017085
v 1.172592 0.299051 -0.016320
v 1.172592 0.308115 0.000335
v 1.172592 0.306267 0.001100
v 1.143667 0.308115 0.000335
v 1.143667 0.306267 0.001100
v -0.154172 -0.222306 0.040234
v -0.155586 -0.222306 0.041648
v -0.154172 -0.314325 0.040234
v -0.155586 -0.314325 0.041648
v -0.114273 -0.314325 0.056761
v -0.114273 -0.314325 0.058761
v -0.170699 -0.222306 0.000335
v -0.172699 -0.222306 0.000335
v -0.114273 -0.222306 0.056761
v -0.114273 -0.222306 0.058761
v -0.170699 -0.314325 0.000335
v -0.172699 -0.314325 0.000335
v -0.074374 -0.314325 0.040234
v -0.072960 -0.314325 0.041648
v -0.154172 -0.222306 -0.039564
v -0.155586 -0.222306 -0.040978
v -0.074374 -0.222306 0.040234
v -0.072960 -0.222306 0.041648
v -0.154172 -0.314325 -0.039564
v -0.155586 -0.314325 -0.040978
v -0.057848 -0.314325 0.000335
v -0.055848 -0.314325 0.000335
v -0.114273 -0.222306 -0.056091
v -0.114273 -0.222306 -0.058091
v -0.057848 -0.222306 0.000335
v -0.055848 -0.222306 0.000335
v -0.114273 -0.314325 -0.056091
v -0.114273 -0.314325 -0.058091
v -0.074374 -0.314325 -0.039564
v -0.072960 -0.314325 -0.040978
v -0.074374 -0.222306 -0.039564
v -0.072960 -0.222306 -0.040978
v -0.183543 -0.090722 0.020370
v -0.183543 -0.088722 0.020370
v 0.707573 -0.090722 0.125378
v 0.707573 -0.088722 0.125378
v 0.707573 -0.090722 0.020370
v 0.707573 -0.088722 0.020370
v -0.183543 -0.090722 0.125378
v -0.183543 -0.088722 0.125378
v -0.085973 0.284160 0.002680
v -0.083995 0.284454 0.002680
v -0.081846 0.256426 -0.006137
v -0.079868 0.256720 -0.006137
v -0.085973 0.284160 -0.002010
v -0.083995 0.284454 -0.002010
v -0.081846 0.256426 0.006807
v -0.079868 0.256720 0.006807
v -0.073577 0.258879 0.000335
v -0.071577 0.258879 0.000335
v -0.073577 0.229929 -0.030854
v -0.071577 0.229929 -0.030854
v -0.073577 0.265990 -0.016833
v -0.071577 0.265990 -0.016833
v -0.073577 0.285655 -0.030854
v -0.071577 0.285655 -0.030854
v -0.073577 0.283158 -0.023945
v -0.071577 0.283158 -0.023945
v -0.073577 0.285655 -0.022910
v -0.071577 0.285655 -0.022910
v -0.073577 0.220371 -0.025656
v -0.071577 0.220371 -0.025656
v -0.073577 0.220371 0.026326
v -0.071577 0.220371 0.026326
v -0.073577 0.151031 -0.025656
v -0.071577 0.151031 -0.025656
v -0.073577 0.151031 0.026326
v -0.071577 0.151031 0.026326
v -0.073577 0.229929 0.031524
v -0.071577 0.229929 0.031524
v -0.073577 0.265990 0.017503
v -0.071577 0.265990 0.017503
v -0.073577 0.285655 0.031524
v -0.071577 0.285655 0.031524
v -0.073577 0.283158 0.024615
v -0.071577 0.283158 0.024615
v -0.073577 0.285655 0.023580
v -0.071577 0.285655 0.023580
v -0.328694 -0.123039 -0.125454
v -0.328694 -0.121039 -0.125454
v 0.002003 -0.123039 0.125454
v 0.002003 -0.121039 0.125454
v 0.002003 -0.123039 -0.125454
v 0.002003 -0.121039 -0.125454
v -0.328694 -0.123039 0.125454
v -0.328694 -0.121039 0.125454
v -0.183543 -0.090722 0.020370
v -0.181543 -0.090722 0.020370
v -0.183543 -0.009058 0.118338
v -0.181543 -0.009058 0.118338
v -0.183543 -0.090722 0.125378
v -0.181543 -0.090722 0.125378
v -0.183543 -0.049883 0.141136
v -0.181543 -0.049883 0.141136
v -0.183543 -0.009058 0.020370
v -0.181543 -0.009058 0.020370
v 0.707573 -0.090722 0.020370
v 0.705573 -0.090722 0.020370
v 0.707573 -0.009058 0.118338
v 0.705573 -0.009058 0.118338
v 0.707573 -0.009058 0.020370
v 0.705573 -0.009058 0.020370
v 0.707573 -0.090722 0.125378
v 0.705573 -0.090722 0.125378
v 0.707573 -0.049883 0.141136
v 0.705573 -0.049883 0.141136
v 1.143667 0.220054 -0.025657
v 1.141667 0.220054 -0.025657
v 1.143667 0.151253 -0.025657
v 1.141667 0.151253 -0.025657
v 1.143667 0.151253 0.026327
v 1.141667 0.151253 0.026327
v 1.143667 0.220054 0.026327
v 1.141667 0.220054 0.026327
v 1.143667 0.230617 -0.031666
v 1.141667 0.230617 -0.031666
v 1.143667 0.230617 0.032336
v 1.141667 0.230617 0.032336
v 1.143667 0.258845 0.000335
v 1.141667 0.258845 0.000335
v 1.143667 0.266060 0.017755
v 1.141667 0.266060 0.017755
v 1.143667 0.266060 -0.017085
v 1.141667 0.266060 -0.017085
v 1.143667 0.283480 0.024970
v 1.141667 0.283480 0.024970
v 1.143667 0.283480 -0.024300
v 1.141667 0.283480 -0.024300
v 1.143667 0.300990 0.032336
v 1.141667 0.300990 0.032336
v 1.143667 0.300990 -0.031666
v 1.141667 0.300990 -0.031666
v 1.143667 0.300899 0.017755
v 1.141667 0.300899 0.017755
v 1.143667 0.314325 0.019001
v 1.141667 0.314325 0.019001
v 1.143667 0.308115 0.000335
v 1.141667 0.308115 0.000335
v 1.143667 0.314325 -0.018331
v 1.141667 0.314325 -0.018331
v 1.143667 0.300899 -0.017085
v 1.141667 0.300899 -0.017085
v -1.025868 -0.054271 -0.052048
v -1.023868 -0.054271 -0.052048
v -1.025868 -0.054271 0.052718
v -1.023868 -0.054271 0.052718
v -1.025868 -0.075969 0.000335
v -1.023868 -0.075969 0.000335
v -1.025868 0.050494 -0.052048
v -1.023868 0.050494 -0.052048
v -1.025868 -0.001889 -0.073746
v -1.023868 -0.001889 -0.073746
v -1.025868 0.050494 0.052718
v -1.023868 0.050494 0.052718
v -1.025868 -0.001889 0.074416
v -1.023868 -0.001889 0.074416
v -1.025868 0.072192 0.000335
v -1.023868 0.072192 0.000335
v 1.144667 0.315325 0.018001
v 1.171592 0.315325 0.018001
v 1.171592 0.315325 -0.017331
v 1.144667 0.315325 -0.017331
v -0.191721 0.157322 -0.037416
v 1.258604 0.157322 -0.037416
v 1.296324 0.100364 -0.058541
v 0.921494 0.100412 -0.058522
v -0.304880 0.100472 -0.058494
v -0.120333 0.214313 0.020818
v -0.145197 0.177016 0.020818
v -0.145197 0.177016 0.031657
v -0.120333 0.214313 0.031657
v -0.308871 0.099949 0.056770
v -0.193108 0.158433 0.035284
v -0.193108 0.158433 -0.035284
v -0.308871 0.099949 -0.056770
v -0.327694 -0.122039 -0.124454
v -0.327694 -0.122039 0.124454
v 0.001003 -0.122039 0.124454
v 0.001003 -0.122039 -0.124454
v -0.074577 0.286655 0.024580
v -0.102701 0.286655 0.024580
v -0.102701 0.286655 0.030524
v -0.074577 0.286655 0.030524
v 1.171592 0.300358 0.016448
v 1.144667 0.300358 0.016448
v 1.144667 0.306808 0.000876
v 1.171592 0.306808 0.000876
v 0.920494 -0.122466 -0.114202
v -0.307857 -0.122466 -0.114202
v -0.307857 -0.050746 -0.141774
v 0.920494 -0.050746 -0.141774
v 0.920494 -0.048939 -0.141646
v -0.307857 -0.048939 -0.141646
v -0.307857 0.098661 -0.059329
v 0.920494 0.098601 -0.059357
v -1.297122 0.049667 -0.000589
v -1.297122 0.035221 -0.035467
v -1.060299 0.035379 -0.035625
v -1.060299 0.049891 -0.000589
v -0.102701 0.151324 -0.026363
v -0.102701 0.219125 -0.026625
v -0.074577 0.219125 -0.026625
v -0.074577 0.151324 -0.026363
v -0.285726 -0.042020 -0.041104
v -1.034882 -0.042020 -0.041104
v -1.034882 -0.002813 -0.057344
v -0.285726 -0.002813 -0.057344
v -0.089662 0.285160 0.001680
v -0.086973 0.285160 0.001680
v -0.086973 0.285160 -0.001010
v -0.089662 0.285160 -0.001010
v -1.060299 -0.039156 -0.035625
v -1.297122 -0.038998 -0.035467
v -1.297122 -0.053444 -0.000589
v -1.060299 -0.053668 -0.000589
v -0.285726 -0.059567 -0.000589
v -1.034882 -0.059567 -0.000589
v -1.034882 -0.043327 -0.039797
v -0.285726 -0.043327 -0.039797
v -0.265133 -0.228585 -0.124454
v -0.265133 -0.228585 0.124454
v -0.329024 -0.124414 0.124454
v -0.329024 -0.124414 -0.124454
v -1.026868 -0.002813 0.075033
v -1.297122 -0.002813 0.075033
v -1.297122 -0.054054 0.053808
v -1.026868 -0.054054 0.053808
v -0.102701 0.228804 -0.031345
v -0.074577 0.228804 -0.031345
v -0.074577 0.221003 -0.027103
v -0.102701 0.221003 -0.027103
v 1.144667 0.260152 0.000876
v 1.144667 0.266601 0.016448
v 1.171592 0.266601 0.016448
v 1.171592 0.260152 0.000876
v -0.074591 -0.313325 0.041324
v -0.074591 -0.223306 0.041324
v -0.113349 -0.223306 0.057378
v -0.113349 -0.313325 0.057378
v 1.171592 0.282939 -0.022993
v 1.144667 0.282939 -0.022993
v 1.144667 0.267367 -0.016544
v 1.171592 0.267367 -0.016544
v 1.173592 0.301664 -0.017850
v 1.173592 0.283480 -0.025382
v 1.173592 0.265295 -0.017850
v 1.173592 0.257763 0.000335
v 1.173592 0.265295 0.018520
v 1.173592 0.283289 0.025973
v 1.173592 0.302062 0.025662
v 1.173592 0.300258 0.031336
v 1.173592 0.230882 0.031336
v 1.173592 0.220319 0.025327
v 1.173592 0.152253 0.025327
v 1.173592 0.152253 -0.024657
v 1.173592 0.220319 -0.024657
v 1.173592 0.230882 -0.030666
v 1.173592 0.300576 -0.030666
v 1.173592 0.313325 -0.017917
v 1.173592 0.313325 0.012827
v 1.173592 0.309053 -0.000015
v 0.011785 0.174629 0.031656
v 0.011785 0.154267 0.031656
v 0.011785 0.154267 0.020818
v 0.011785 0.174629 0.020818
v 1.171592 0.299990 0.033336
v 1.144667 0.299990 0.033336
v 1.144667 0.231617 0.033336
v 1.171592 0.231617 0.033336
v -0.074577 0.284082 -0.022562
v -0.074577 0.284348 -0.022369
v -0.102701 0.284348 -0.022369
v -0.102701 0.284082 -0.022562
v -0.120333 0.214313 -0.030986
v -0.145197 0.177016 -0.030986
v -0.145197 0.177016 -0.020148
v -0.120333 0.214313 -0.020148
v -0.083004 0.257562 0.007649
v -0.086837 0.283318 0.003816
v -0.089798 0.283318 0.003816
v -0.093631 0.257562 0.007649
v 0.922494 -0.049961 0.140034
v 0.922494 -0.122039 0.112223
v 0.922494 -0.122039 -0.112223
v 0.922494 -0.049961 -0.140034
v 0.922292 0.097476 -0.057364
v 0.922292 0.097476 0.057364
v 1.171592 0.231617 -0.032666
v 1.144667 0.231617 -0.032666
v 1.144667 0.299990 -0.032666
v 1.171592 0.299990 -0.032666
v -1.060299 -0.037849 -0.036932
v -1.060299 -0.002813 -0.051445
v -1.297122 -0.002813 -0.051221
v -1.297122 -0.037691 -0.036774
v 1.171592 0.282939 0.023663
v 1.171592 0.267367 0.017214
v 1.144667 0.267367 0.017214
v 1.144667 0.282939 0.023663
v -0.039763 0.214790 0.020818
v -0.039763 0.214790 0.031657
v 0.010585 0.177029 0.031656
v 0.010585 0.177029 0.020818
v -0.039763 0.214790 -0.030987
v -0.039763 0.214790 -0.020148
v 0.010585 0.177029 -0.020148
v 0.010585 0.177029 -0.030987
v -0.074577 0.151324 0.027033
v -0.074577 0.219125 0.027295
v -0.102701 0.219125 0.027295
v -0.102701 0.151324 0.027033
v 1.298404 0.100465 0.056595
v 1.298404 0.100465 -0.056595
v 1.260226 0.157936 -0.035394
v 1.260226 0.157936 0.035393
v -0.074577 0.284655 0.032524
v -0.102701 0.284655 0.032524
v -0.102701 0.230683 0.032493
v -0.074577 0.230683 0.032493
v -0.057231 -0.313325 0.001259
v -0.057231 -0.223306 0.001259
v -0.073284 -0.223306 0.040017
v -0.073284 -0.313325 0.040017
v -0.074591 -0.223306 -0.040654
v -0.074591 -0.313325 -0.040654
v -0.113349 -0.313325 -0.056708
v -0.113349 -0.223306 -0.056708
v -0.182543 -0.089722 0.021370
v -0.182543 -0.089722 0.124378
v 0.706573 -0.089722 0.124378
v 0.706573 -0.089722 0.021370
v -0.104701 0.220625 0.025326
v -0.104701 0.230183 0.030524
v -0.104701 0.284655 0.030524
v -0.104701 0.284655 0.025077
v -0.104701 0.283158 0.025697
v -0.104701 0.265225 0.018268
v -0.104701 0.257797 0.000335
v -0.104701 0.265225 -0.017598
v -0.104701 0.283158 -0.025027
v -0.104701 0.284655 -0.024407
v -0.104701 0.284655 -0.029854
v -0.104701 0.230183 -0.029854
v -0.104701 0.220625 -0.024656
v -0.104701 0.152031 -0.024656
v -0.104701 0.152031 0.025326
v 1.171592 0.219054 -0.026657
v 1.171592 0.152253 -0.026657
v 1.144667 0.152253 -0.026657
v 1.144667 0.219054 -0.026657
v -1.299122 -0.049111 -0.053103
v -1.299122 -0.001695 -0.053606
v -1.299122 0.036117 -0.037944
v -1.299122 0.069289 -0.004059
v -1.299122 0.049729 -0.051283
v -1.299122 -0.001889 -0.072664
v -1.060299 -0.053668 0.001259
v -1.297122 -0.053444 0.001259
v -1.297122 -0.038998 0.036137
v -1.060299 -0.039156 0.036295
v -0.074577 0.266314 -0.015202
v -0.102701 0.266314 -0.015202
v -0.102701 0.260262 -0.000589
v -0.074577 0.260262 -0.000589
v -1.297122 -0.002813 -0.074363
v -1.026868 -0.002813 -0.074363
v -1.026868 -0.054054 -0.053138
v -1.297122 -0.054054 -0.053138
v -0.102701 0.284082 0.023232
v -0.102701 0.284348 0.023039
v -0.074577 0.284348 0.023039
v -0.074577 0.284082 0.023232
v -1.297122 -0.076586 0.001259
v -1.026868 -0.076586 0.001259
v -1.026868 -0.055361 0.052501
v -1.297122 -0.055361 0.052501
v -1.026868 0.072809 0.001259
v -1.297122 0.072809 0.001259
v -1.297122 0.051584 0.052501
v -1.026868 0.051584 0.052501
v 0.706573 -0.010058 0.117338
v -0.182543 -0.010058 0.117338
v -0.182543 -0.010058 0.021370
v 0.706573 -0.010058 0.021370
v 0.001003 -0.229915 -0.124454
v 0.001003 -0.229915 0.124454
v -0.262758 -0.229915 0.124454
v -0.262758 -0.229915 -0.124454
v 1.171592 0.150253 0.025327
v 1.144667 0.150253 0.025327
v 1.144667 0.150253 -0.024657
v 1.171592 0.150253 -0.024657
v 1.144667 0.266601 -0.015778
v 1.144667 0.260152 -0.000206
v 1.171592 0.260152 -0.000206
v 1.171592 0.266601 -0.015778
v -0.115197 -0.313325 0.057378
v -0.115197 -0.223306 0.057378
v -0.153955 -0.223306 0.041324
v -0.153955 -0.313325 0.041324
v 1.113296 0.214939 -0.030987
v 1.062369 0.176676 -0.030987
v 1.062369 0.176676 -0.020148
v 1.113296 0.214939 -0.020148
v -0.145920 0.154267 -0.020148
v -0.145920 0.174629 -0.020148
v -0.145920 0.174629 -0.030986
v -0.145920 0.154267 -0.030986
v -1.297122 -0.055361 -0.051831
v -1.026868 -0.055361 -0.051831
v -1.026868 -0.076586 -0.000589
v -1.297122 -0.076586 -0.000589
v 1.144667 0.302404 0.032336
v 1.171592 0.302404 0.032336
v 1.171592 0.314325 0.020415
v 1.144667 0.314325 0.020415
v 1.113296 0.214939 0.020818
v 1.062369 0.176676 0.020818
v 1.062369 0.176676 0.031657
v 1.113296 0.214939 0.031657
v -0.155262 -0.223306 -0.039347
v -0.155262 -0.313325 -0.039347
v -0.171316 -0.313325 -0.000589
v -0.171316 -0.223306 -0.000589
v 0.920494 -0.050745 0.141774
v 0.708573 -0.050745 0.141774
v 0.708573 -0.092015 0.125951
v -0.184543 -0.092015 0.125951
v -0.184543 -0.050745 0.141774
v -0.307857 -0.050745 0.141774
v -0.307857 -0.122466 0.114202
v 0.920494 -0.122466 0.114202
v 1.258604 0.157322 0.037416
v -0.191721 0.157322 0.037416
v -0.304880 0.100472 0.058494
v 0.921494 0.100412 0.058522
v 1.296324 0.100364 0.058541
v -0.074577 0.267621 -0.016509
v -0.074577 0.282234 -0.022562
v -0.102701 0.282234 -0.022562
v -0.102701 0.267621 -0.016509
v -0.072577 0.284655 -0.029854
v -0.072577 0.284655 -0.024407
v -0.072577 0.283158 -0.025027
v -0.072577 0.265225 -0.017598
v -0.072577 0.257797 0.000335
v -0.072577 0.265225 0.018268
v -0.072577 0.283158 0.025697
v -0.072577 0.284655 0.025077
v -0.072577 0.284655 0.030524
v -0.072577 0.230183 0.030524
v -0.072577 0.220625 0.025326
v -0.072577 0.152031 0.025326
v -0.072577 0.152031 -0.024656
v -0.072577 0.220625 -0.024656
v -0.072577 0.230183 -0.029854
v -1.034882 0.039550 -0.039797
v -1.034882 0.055790 -0.000589
v -0.285726 0.055790 -0.000589
v -0.285726 0.039550 -0.039797
v -0.285726 -0.043327 0.040467
v -1.034882 -0.043327 0.040467
v -1.034882 -0.059567 0.001259
v -0.285726 -0.059567 0.001259
v -1.034882 -0.000965 0.058014
v -0.285726 -0.000965 0.058014
v -0.285726 0.038243 0.041774
v -1.034882 0.038243 0.041774
v 1.191659 0.213590 -0.032987
v 1.217169 0.175326 -0.032987
v 1.217169 0.154267 -0.032987
v 1.063463 0.154267 -0.032987
v 1.063463 0.175129 -0.032987
v 1.114745 0.213590 -0.032987
v 1.144667 0.314325 -0.019745
v 1.171592 0.314325 -0.019745
v 1.171592 0.302404 -0.031666
v 1.144667 0.302404 -0.031666
v 1.171592 0.152253 0.027327
v 1.171592 0.219054 0.027327
v 1.144667 0.219054 0.027327
v 1.144667 0.152253 0.027327
v -0.093631 0.257562 -0.006979
v -0.089798 0.283318 -0.003146
v -0.086837 0.283318 -0.003146
v -0.083004 0.257562 -0.006979
v 1.173592 0.304810 0.023616
v 1.173592 0.288718 0.023883
v 1.173592 0.301664 0.018520
v 1.173592 0.308013 0.003195
v 1.173592 0.313181 0.018731
v 1.173592 0.303187 0.028725
v -0.102701 0.286655 -0.029854
v -0.102701 0.286655 -0.023910
v -0.074577 0.286655 -0.023910
v -0.074577 0.286655 -0.029854
v -1.024868 -0.053506 0.051953
v -1.024868 -0.074887 0.000335
v -1.024868 -0.053506 -0.051283
v -1.024868 -0.001889 -0.072664
v -1.024868 0.049729 -0.051283
v -1.024868 0.071110 0.000335
v -1.024868 0.049729 0.051953
v -1.024868 -0.001889 0.073334
v 1.217169 0.154267 0.033657
v 1.217169 0.175326 0.033657
v 1.191659 0.213590 0.033657
v 1.114745 0.213590 0.033657
v 1.063463 0.175129 0.033657
v 1.063463 0.154267 0.033657
v -0.285726 -0.000965 -0.057344
v -1.034882 -0.000965 -0.057344
v -1.034882 0.038243 -0.041104
v -0.285726 0.038243 -0.041104
v -0.143920 0.154267 0.033657
v 0.009785 0.154267 0.033656
v 0.009785 0.175129 0.033656
v -0.041496 0.213590 0.033657
v -0.118411 0.213590 0.033657
v -0.143920 0.175326 0.033657
v 0.706573 -0.010058 0.021370
v -0.182543 -0.010058 0.021370
v -0.182543 -0.089722 0.021370
v 0.706573 -0.089722 0.021370
v -1.034882 -0.042020 0.041774
v -0.285726 -0.042020 0.041774
v -0.285726 -0.002813 0.058014
v -1.034882 -0.002813 0.058014
v 1.297122 0.098079 -0.056951
v 1.297122 0.098079 0.056951
v 0.923292 0.098476 0.056951
v 0.923292 0.098476 -0.056951
v -0.326908 -0.124039 -0.126454
v 0.001003 -0.124039 -0.126454
v 0.001003 -0.227915 -0.126454
v -0.263198 -0.227915 -0.126454
v -0.074577 0.260262 0.001259
v -0.102701 0.260262 0.001259
v -0.102701 0.266314 0.015872
v -0.074577 0.266314 0.015872
v -1.059299 0.034231 -0.035784
v -1.059299 -0.001889 -0.050745
v -1.059299 -0.038008 -0.035784
v -1.059299 -0.052968 0.000335
v -1.059299 -0.038008 0.036454
v -1.059299 -0.001889 0.051415
v -1.059299 0.034231 0.036454
v -1.059299 0.049191 0.000335
v -1.297122 0.033914 -0.036774
v -1.297122 -0.000965 -0.051221
v -1.060299 -0.000965 -0.051445
v -1.060299 0.034072 -0.036932
v -1.026868 0.050277 0.053808
v -1.297122 0.050277 0.053808
v -1.297122 -0.000965 0.075033
v -1.026868 -0.000965 0.075033
v -1.060299 0.034072 0.037602
v -1.060299 -0.000965 0.052115
v -1.297122 -0.000965 0.051891
v -1.297122 0.033914 0.037444
v -1.026868 0.051584 -0.051831
v -1.297122 0.051584 -0.051831
v -1.297122 0.072809 -0.000589
v -1.026868 0.072809 -0.000589
v -0.143920 0.154267 0.018818
v -0.143920 0.175326 0.018818
v -0.118411 0.213590 0.018818
v -0.041496 0.213590 0.018818
v 0.009785 0.175129 0.018818
v 0.009785 0.154267 0.018818
v -0.117946 0.215590 -0.030986
v -0.117946 0.215590 -0.020148
v -0.042163 0.215590 -0.020148
v -0.042163 0.215590 -0.030987
v -0.145920 0.154267 0.031657
v -0.145920 0.174629 0.031657
v -0.145920 0.174629 0.020818
v -0.145920 0.154267 0.020818
v 1.063463 0.154267 0.018818
v 1.063463 0.175129 0.018818
v 1.114745 0.213590 0.018818
v 1.191659 0.213590 0.018818
v 1.217169 0.175326 0.018818
v 1.217169 0.154267 0.018818
v -0.095631 0.257562 0.005649
v -0.091798 0.283318 0.001816
v -0.091798 0.283318 -0.001146
v -0.095631 0.257562 -0.004979
v -0.117946 0.215590 0.031657
v -0.042163 0.215590 0.031657
v -0.042163 0.215590 0.020818
v -0.117946 0.215590 0.020818
v 1.219126 0.174919 -0.020148
v 1.219169 0.154267 -0.020148
v 1.219169 0.154267 -0.030987
v 1.219126 0.174919 -0.030987
v 1.217169 0.154267 -0.018148
v 1.217169 0.175326 -0.018148
v 1.191659 0.213590 -0.018148
v 1.114745 0.213590 -0.018148
v 1.063463 0.175129 -0.018148
v 1.063463 0.154267 -0.018148
v 1.171592 0.229253 0.032711
v 1.144667 0.229253 0.032711
v 1.144667 0.220429 0.027691
v 1.171592 0.220429 0.027691
v -1.299122 -0.001889 0.073334
v -1.299122 0.049729 0.051953
v -1.299122 0.071015 0.000563
v -1.299122 0.038447 -0.032704
v -1.299122 0.052132 0.000335
v -1.299122 0.036310 0.038533
v -1.299122 -0.001889 0.054356
v -1.299122 -0.040087 0.038533
v -1.299122 -0.055909 0.000335
v -1.299122 -0.040087 -0.037863
v -1.299122 -0.007048 -0.051549
v -1.299122 -0.053600 -0.051055
v -1.299122 -0.074887 0.000335
v -1.299122 -0.053506 0.051953
v 0.001003 -0.124039 0.126454
v -0.326908 -0.124039 0.126454
v -0.263198 -0.227915 0.126454
v 0.001003 -0.227915 0.126454
v -0.143920 0.154267 -0.018148
v 0.009785 0.154267 -0.018148
v 0.009785 0.175129 -0.018148
v -0.041496 0.213590 -0.018148
v -0.118411 0.213590 -0.018148
v -0.143920 0.175326 -0.018148
v 1.218571 0.176751 -0.020148
v 1.218571 0.176751 -0.030987
v 1.193220 0.214640 -0.030987
v 1.193220 0.214640 -0.020148
v 1.171592 0.284021 -0.022993
v 1.171592 0.299592 -0.016544
v 1.144667 0.299592 -0.016544
v 1.144667 0.284021 -0.022993
v -0.074577 0.228804 0.032015
v -0.102701 0.228804 0.032015
v -0.102701 0.221003 0.027773
v -0.074577 0.221003 0.027773
v -0.309857 -0.122039 -0.112223
v -0.309857 -0.122039 0.112223
v -0.309857 -0.049961 0.140034
v -0.309764 0.098499 0.057364
v -0.309764 0.098499 -0.057364
v -0.309857 -0.049961 -0.140034
v 1.258674 0.158770 -0.035131
v -0.191215 0.158882 -0.035131
v -0.191215 0.158882 0.035131
v 1.258674 0.158770 0.035131
v 1.061463 0.154267 -0.020148
v 1.061569 0.175076 -0.020148
v 1.061569 0.175076 -0.030987
v 1.061463 0.154267 -0.030987
v 1.115096 0.215539 -0.020148
v 1.191666 0.215472 -0.020148
v 1.191666 0.215472 -0.030987
v 1.115096 0.215539 -0.030987
v -1.297122 0.050277 -0.053138
v -1.026868 0.050277 -0.053138
v -1.026868 -0.000965 -0.074363
v -1.297122 -0.000965 -0.074363
v 1.115096 0.215539 0.031657
v 1.191666 0.215472 0.031657
v 1.191666 0.215472 0.020818
v 1.115096 0.215539 0.020818
v 1.218571 0.176751 0.031657
v 1.218571 0.176751 0.020818
v 1.193220 0.214640 0.020818
v 1.193220 0.214640 0.031657
v 1.171592 0.306808 -0.000206
v 1.144667 0.306808 -0.000206
v 1.144667 0.300358 -0.015778
v 1.171592 0.300358 -0.015778
v -0.074577 0.284655 -0.031854
v -0.074577 0.230683 -0.031823
v -0.102701 0.230683 -0.031823
v -0.102701 0.284655 -0.031854
v 1.061463 0.154267 0.031657
v 1.061569 0.175076 0.031657
v 1.061569 0.175076 0.020818
v 1.061463 0.154267 0.020818
v -1.060299 -0.002813 0.052115
v -1.060299 -0.037849 0.037602
v -1.297122 -0.037691 0.037444
v -1.297122 -0.002813 0.051891
v -0.102701 0.150324 -0.025363
v -0.074577 0.150324 -0.025363
v -0.074577 0.150324 0.026033
v -0.102701 0.150324 0.026033
v -0.307857 -0.124039 -0.111909
v 0.920494 -0.124039 -0.111909
v 0.920494 -0.124039 0.111909
v -0.307857 -0.124039 0.111909
v 1.219126 0.174919 0.031657
v 1.219169 0.154267 0.031657
v 1.219169 0.154267 0.020818
v 1.219126 0.174919 0.020818
v 0.011785 0.174629 -0.020148
v 0.011785 0.154267 -0.020148
v 0.011785 0.154267 -0.030987
v 0.011785 0.174629 -0.030987
v -0.171316 -0.223306 0.001259
v -0.171316 -0.313325 0.001259
v -0.155262 -0.313325 0.040017
v -0.155262 -0.223306 0.040017
v -0.115197 -0.223306 -0.056708
v -0.115197 -0.313325 -0.056708
v -0.153955 -0.313325 -0.040654
v -0.153955 -0.223306 -0.040654
v -0.084837 0.283318 0.001816
v -0.081004 0.257562 0.005649
v -0.081004 0.257562 -0.004979
v -0.084837 0.283318 -0.001146
v -0.073284 -0.313325 -0.039347
v -0.073284 -0.223306 -0.039347
v -0.057231 -0.223306 -0.000589
v -0.057231 -0.313325 -0.000589
v 0.920494 -0.048939 0.141646
v 0.920494 0.098601 0.059357
v -0.307857 0.098661 0.059329
v -0.307857 -0.048939 0.141646
v -0.184543 -0.048939 0.141646
v -0.184543 -0.007697 0.118724
v 0.708573 -0.007697 0.118724
v 0.708573 -0.048939 0.141646
v 0.706573 -0.049961 0.140034
v 0.706573 -0.010058 0.117751
v 0.706573 -0.010058 0.021370
v 0.706573 -0.089722 0.021370
v 0.706573 -0.089722 0.124692
v -0.182543 -0.089722 0.021370
v -0.182543 -0.010058 0.021370
v -0.182543 -0.010058 0.117751
v -0.182543 -0.049961 0.140034
v -0.182543 -0.089722 0.124692
v -1.297122 0.035221 0.036137
v -1.297122 0.049667 0.001259
v -1.060299 0.049891 0.001259
v -1.060299 0.035379 0.036295
v 1.142667 0.230882 0.031336
v 1.142667 0.296034 0.031336
v 1.142667 0.283095 0.025893
v 1.142667 0.265295 0.018520
v 1.142667 0.257763 0.000335
v 1.142667 0.265295 -0.017850
v 1.142667 0.279700 -0.023817
v 1.142667 0.230816 -0.030629
v 1.142667 0.220319 -0.024657
v 1.142667 0.152253 -0.024657
v 1.142667 0.152253 0.025327
v 1.142667 0.220319 0.025327
v -0.118411 0.213590 -0.032986
v -0.041496 0.213590 -0.032987
v 0.009785 0.175129 -0.032987
v 0.009785 0.154267 -0.032987
v -0.143920 0.154267 -0.032986
v -0.143920 0.175326 -0.032986
v 1.171592 0.220429 -0.027021
v 1.144667 0.220429 -0.027021
v 1.144667 0.229253 -0.032041
v 1.171592 0.229253 -0.032041
v -0.074577 0.282234 0.023232
v -0.074577 0.267621 0.017179
v -0.102701 0.267621 0.017179
v -0.102701 0.282234 0.023232
v 1.142667 0.300576 -0.030666
v 1.142667 0.245040 -0.030666
v 1.142667 0.283745 -0.025273
v 1.142667 0.301664 -0.017850
v 1.142667 0.309197 0.000335
v 1.142667 0.301664 0.018520
v 1.142667 0.286076 0.024977
v 1.142667 0.300758 0.031154
v 1.142667 0.313325 0.018587
v 1.142667 0.313325 -0.017917
v -1.034882 0.055790 0.001259
v -1.034882 0.039550 0.040467
v -0.285726 0.039550 0.040467
v -0.285726 0.055790 0.001259
v 1.171592 0.299592 0.017214
v 1.171592 0.284021 0.023663
v 1.144667 0.284021 0.023663
v 1.144667 0.299592 0.017214
vn 0.6176 -0.1966 -0.7615
vn -0.5404 0.0671 -0.8388
vn -0.3564 0.8461 0.3963
vn -0.3964 0.8461 -0.3564
vn 0.3564 -0.8461 0.3963
vn 0.3963 -0.8461 -0.3564
vn -0.6421 0.2110 0.7370
vn 0.3963 0.8461 0.3564
vn -0.3564 -0.8461 -0.3963
vn 0.5404 0.0671 0.8387
vn 0.3564 0.8461 -0.3963
vn -0.3964 -0.8461 0.3564
vn -0.4738 0.5590 0.6804
vn 0.2812 -0.4515 0.8468
vn -0.3941 0.8826 -0.2563
vn -0.6374 0.6941 -0.3347
vn -0.6645 0.6428 0.3812
vn 0.6498 -0.0991 0.7536
vn -0.1758 -0.5216 0.8349
vn -0.0262 -0.3950 -0.9183
vn 0.8956 -0.3941 0.2064
vn -0.0666 0.9316 0.3574
vn -0.0389 -0.1128 0.9929
vn 0.5712 0.3405 0.7469
vn 0.8869 0.4400 0.1407
vn -0.4389 0.0538 -0.8969
vn -0.8677 0.3449 -0.3580
vn 0.3922 0.5884 -0.7071
vn -0.4529 0.7926 -0.4082
vn -0.9058 0.1132 -0.4082
vn -0.3922 -0.5883 -0.7071
vn 0.4529 -0.7926 -0.4082
vn 0.9058 -0.1132 -0.4082
vn -0.9058 0.1132 0.4083
vn -0.3922 -0.5883 0.7071
vn 0.4529 -0.7926 0.4082
vn -0.4529 0.7926 0.4082
vn 0.3922 0.5883 0.7071
vn 0.9058 -0.1132 0.4083
vn -0.4431 -0.5537 0.7051
vn -0.6630 0.6047 0.4413
vn -0.1681 0.8902 0.4234
vn 0.7335 0.2742 0.6220
vn 0.2700 -0.8656 0.4218
vn 0.8948 -0.1580 0.4175
vn -0.1681 0.8902 -0.4234
vn 0.7335 0.2742 -0.6220
vn 0.2700 -0.8656 -0.4218
vn -0.6630 0.6047 -0.4413
vn -0.4431 -0.5537 -0.7051
vn 0.8948 -0.1580 -0.4175
vn 0.7616 -0.1967 0.6175
vn 0.6421 0.2110 -0.7370
vn -0.3963 0.8460 -0.3567
vn 0.3567 0.8460 -0.3963
vn -0.3963 -0.8460 0.3567
vn 0.3567 -0.8460 0.3963
vn -0.7370 0.2111 -0.6421
vn -0.6421 0.2111 0.7370
vn 0.7071 -0.0000 -0.7071
vn 0.4082 0.8165 -0.4082
vn -0.4082 0.8165 -0.4082
vn -0.7071 -0.0000 -0.7071
vn -0.4082 -0.8165 -0.4082
vn 0.4082 -0.8165 -0.4082
vn -0.4082 0.8165 0.4082
vn -0.7071 -0.0000 0.7071
vn -0.4082 -0.8165 0.4082
vn 0.4082 0.8165 0.4082
vn 0.7071 -0.0000 0.7071
vn 0.4082 -0.8165 0.4082
vn -0.6138 0.4719 -0.6329
vn 0.7330 0.0508 -0.6783
vn 0.3564 -0.9334 0.0424
vn 0.3964 -0.6453 -0.6531
vn -0.3568 0.6039 0.7128
vn -0.4120 0.9111 -0.0089
vn 0.6383 -0.4768 0.6044
vn -0.4730 0.1433 -0.8693
vn 0.3564 0.9334 -0.0424
vn -0.5391 -0.3784 0.7524
vn -0.3515 -0.6805 -0.6429
vn 0.3963 0.6453 0.6531
vn -0.5985 0.7975 -0.0764
vn -0.0658 0.5238 0.8493
vn 0.4450 -0.6286 -0.6379
vn 0.3814 0.0204 -0.9242
vn -0.3025 -0.0592 0.9513
vn -0.4542 -0.7266 0.5155
vn 0.6773 -0.7356 0.0112
vn -0.0088 -0.5734 -0.8192
vn -0.8831 -0.4532 -0.1213
vn -0.5256 0.8104 0.2588
vn -0.0025 0.6817 -0.7316
vn 0.8746 0.4831 -0.0413
vn -0.2549 -0.4771 -0.8410
vn 0.5371 -0.8345 0.1231
vn 0.4601 0.8352 0.3013
vn 0.0701 -0.5539 0.8296
vn -0.5850 0.4757 -0.6569
vn 0.0609 0.7367 -0.6734
vn -0.8015 -0.2117 -0.5593
vn -0.8015 0.2458 -0.5452
vn -0.5993 -0.1212 0.7913
vn -0.6074 0.4661 0.6433
vn -0.7019 0.5428 0.4612
vn 0.5530 0.4922 -0.6722
vn 0.1742 -0.3042 0.9365
vn -0.6925 0.0543 -0.7194
vn 0.7780 0.6252 -0.0613
vn -0.7908 -0.3857 -0.4754
vn -0.5097 0.6518 0.5615
vn 0.6264 -0.7790 -0.0276
vn -0.8149 0.5748 -0.0745
vn -0.1993 -0.9791 0.0397
vn -0.9530 -0.2881 0.0933
vn -0.4902 -0.8691 -0.0662
vn 0.8242 -0.5660 0.0185
vn -0.5052 0.2832 0.8152
vn -0.7086 0.6794 0.1906
vn 0.9623 0.1416 -0.2322
vn 0.9488 0.0804 -0.3054
vn 0.9733 0.1172 -0.1975
vn -0.6405 0.6680 -0.3789
vn -0.7418 0.3482 -0.5731
vn -0.4844 0.7898 -0.3762
vn 0.4933 -0.3680 0.7882
vn 0.8387 0.2962 -0.4569
vn -0.8387 -0.4569 0.2962
vn 0.6698 -0.7424 0.0148
vn 0.7443 0.5655 -0.3553
vn -0.8451 -0.5218 -0.1166
vn 0.1807 0.0562 0.9819
vn 0.4844 -0.8245 0.2925
vn 0.8451 0.5218 -0.1166
vn -0.6015 -0.6875 0.4068
vn 0.0493 -0.7776 -0.6269
vn -0.7938 -0.5658 0.2232
vn 0.7534 -0.5408 -0.3741
vn -0.7024 0.7053 -0.0962
vn -0.5986 0.6454 -0.4745
vn 0.0609 -0.9971 -0.0447
vn 0.4414 0.3329 0.8333
vn -0.5985 0.1210 -0.7919
vn -0.7022 -0.0579 -0.7096
vn 0.5584 -0.8187 0.1337
vn 0.1623 0.8711 -0.4634
vn -0.6138 0.0725 -0.7861
vn -0.7498 -0.1126 -0.6520
vn -0.4844 0.2924 -0.8245
vn 0.4860 0.2930 0.8234
vn 0.8457 -0.1170 -0.5206
vn -0.8457 -0.1169 0.5206
vn 0.7516 -0.3960 0.5275
vn 0.7498 -0.5406 0.3815
vn 0.3697 -0.6028 -0.7071
vn -0.4826 -0.7749 -0.4082
vn -0.4826 -0.7749 0.4082
vn 0.3697 -0.6028 0.7071
vn 0.9095 0.0789 0.4082
vn 0.9095 0.0789 -0.4082
vn -0.9095 -0.0789 0.4082
vn -0.3697 0.6028 0.7071
vn 0.4826 0.7749 0.4082
vn -0.9095 -0.0789 -0.4082
vn -0.3697 0.6028 -0.7071
vn 0.4826 0.7749 -0.4082
vn -0.6138 -0.7861 -0.0725
vn -0.2115 0.0266 -0.9770
vn -0.4844 -0.8245 -0.2924
vn 0.4844 0.8245 -0.2924
vn 0.8457 -0.5206 0.1169
vn -0.8457 0.5206 0.1169
vn 0.6677 0.5372 0.5154
vn -0.4944 -0.3671 -0.7879
vn -0.8457 0.2854 0.4508
vn 0.7498 0.3814 0.5407
vn 0.4944 0.7879 0.3671
vn 0.8457 -0.4508 -0.2855
vn 0.2448 0.2946 -0.9237
vn 0.3233 0.2944 0.8993
vn 0.5313 -0.7158 0.4531
vn -0.5573 0.8290 0.0465
vn -0.8133 -0.5778 0.0681
vn -0.4082 0.8673 0.2849
vn -0.0308 0.0522 0.9982
vn -0.2487 0.2382 0.9388
vn 0.7615 0.0546 0.6458
vn 0.6421 -0.0871 -0.7617
vn -0.3913 0.6477 -0.6538
vn 0.3564 0.6301 -0.6899
vn -0.3913 -0.6476 0.6538
vn 0.3564 -0.6300 0.6899
vn -0.7370 -0.0507 -0.6740
vn 0.8659 0.3640 0.3432
vn 0.3963 -0.9181 -0.0055
vn -0.6421 0.4770 0.6001
vn 0.3963 0.9181 0.0055
vn 0.8658 -0.3640 -0.3432
vn -0.6057 0.6144 0.5055
vn -0.6794 0.2246 -0.6985
vn -0.7898 0.4844 0.3762
vn 0.6520 0.7432 -0.1503
vn -0.2854 -0.8457 0.4508
vn 0.4508 0.8457 -0.2854
vn 0.6534 -0.7515 -0.0912
vn -0.5655 -0.7443 0.3553
vn 0.8174 -0.3503 -0.4573
vn -0.0464 -0.1914 -0.9804
vn 0.8245 -0.4844 -0.2924
vn -0.5206 -0.8457 0.1170
vn -0.6175 -0.7788 0.1097
vn 0.7370 -0.5125 0.4407
vn -0.8420 0.5393 -0.0142
vn 0.3658 0.0016 0.9307
vn -0.3564 0.0424 -0.9334
vn -0.3963 -0.6530 -0.6453
vn 0.6421 0.7617 -0.0870
vn -0.3963 0.6530 0.6453
vn -0.8420 -0.5393 0.0142
vn -0.7370 0.6740 -0.0507
vn -0.3564 -0.0424 0.9334
vn 0.3658 -0.0016 -0.9307
vn -0.0000 -0.7071 0.7071
vn 0.7345 -0.4798 0.4799
vn 0.7345 -0.0000 0.6786
vn -0.0000 -0.0000 1.0000
vn -0.7345 -0.0000 0.6786
vn -0.7345 -0.4799 0.4799
vn 0.7345 0.4798 0.4799
vn -0.0000 0.7071 0.7071
vn -0.7345 0.4799 0.4798
vn 0.7345 0.6786 -0.0000
vn -0.0000 1.0000 -0.0000
vn -0.7345 0.6786 -0.0000
vn 0.7345 0.4799 -0.4798
vn -0.0000 0.7071 -0.7071
vn -0.7345 0.4798 -0.4799
vn 0.7657 0.1029 -0.6349
vn -0.0000 0.1869 -0.9824
vn -0.7657 0.1029 -0.6349
vn 0.9607 -0.2225 0.1656
vn -0.0000 0.8022 -0.5971
vn -0.9607 -0.2226 0.1657
vn 0.8413 0.2836 0.4601
vn -0.0000 0.5904 0.8071
vn -0.8413 0.2836 0.4601
vn 0.7189 -0.1778 0.6720
vn -0.0000 -0.2557 0.9667
vn -0.7189 -0.1778 0.6720
vn 0.8165 -0.4083 0.4083
vn -0.8165 -0.4083 0.4083
vn 0.8165 -0.4083 -0.4083
vn -0.0000 -0.7071 -0.7071
vn -0.8165 -0.4083 -0.4083
vn 0.7189 -0.1778 -0.6720
vn -0.0000 -0.2557 -0.9667
vn -0.7189 -0.1777 -0.6720
vn 0.7345 0.2597 -0.6270
vn -0.0000 0.3827 -0.9239
vn -0.7345 0.2597 -0.6270
vn 0.7345 0.6270 -0.2597
vn -0.0000 0.9239 -0.3827
vn -0.7345 0.6269 -0.2597
vn 0.8104 0.5653 0.1536
vn -0.0002 0.1600 0.9871
vn -0.8105 0.5652 0.1536
vn 0.8042 -0.5751 0.1499
vn -0.0000 -0.9370 0.3494
vn -0.8042 -0.5751 0.1499
vn -0.1967 -0.6176 -0.7615
vn 0.2110 0.7370 -0.6421
vn 0.8461 0.3564 0.3963
vn 0.8461 0.3963 -0.3564
vn -0.8461 -0.3564 0.3963
vn -0.8461 -0.3963 -0.3564
vn 0.2110 0.6421 0.7370
vn 0.8461 -0.3963 0.3564
vn -0.8461 0.3564 -0.3963
vn 0.2110 -0.7370 0.6421
vn 0.8461 -0.3564 -0.3963
vn -0.8461 0.3963 0.3564
vn -0.5505 -0.8286 0.1018
vn 0.5403 -0.8388 0.0671
vn 0.3564 0.3963 0.8461
vn 0.3963 -0.3564 0.8461
vn -0.3564 0.3963 -0.8461
vn -0.3963 -0.3564 -0.8461
vn 0.6421 0.7370 0.2110
vn -0.3963 0.3564 0.8461
vn 0.3564 -0.3963 -0.8461
vn -0.5404 0.8388 0.0671
vn -0.3564 -0.3963 0.8461
vn 0.3963 0.3564 -0.8461
vn -0.6919 0.7219 0.0044
vn 0.6383 0.3108 0.7042
vn 0.3695 -0.6743 0.6393
vn 0.8596 0.5070 -0.0640
vn -0.7258 -0.5336 -0.4341
vn 0.6635 -0.0789 -0.7440
vn 0.6644 0.7473 0.0126
vn 0.2794 0.0448 0.9591
vn -0.3597 0.1115 -0.9264
vn -0.8676 0.4703 -0.1618
vn 0.3694 -0.8234 0.4308
vn -0.0206 -0.6001 -0.7997
vn -0.9058 0.1132 0.4082
vn 0.3922 0.5884 0.7071
vn -0.8034 0.5319 -0.2677
vn -0.8022 -0.5739 0.1643
vn 0.5408 -0.1320 0.8307
vn -0.3465 -0.1574 0.9248
vn 0.2382 0.2907 -0.9267
vn -0.3702 0.3727 -0.8509
vn 0.6887 -0.6496 0.3220
vn -0.8443 0.5257 0.1037
vn -0.4888 -0.3805 -0.7851
vn 0.6997 0.7077 0.0979
vn -0.4871 -0.8088 0.3295
vn 0.3468 -0.4213 -0.8380
vn 0.4019 0.4590 0.7924
vn 0.5701 -0.5558 0.6050
vn 0.2427 -0.9136 0.3264
vn 0.6671 0.5934 0.4504
vn -0.1363 0.2831 0.9494
vn -0.2720 -0.6461 0.7131
vn 0.5647 -0.7718 -0.2923
vn 0.3053 -0.6355 -0.7092
vn -0.2426 -0.9136 -0.3264
vn 0.2390 0.5414 -0.8061
vn 0.6687 -0.4615 -0.5830
vn -0.2413 -0.1561 -0.9578
vn 0.7123 0.4552 -0.5343
vn 0.7026 0.6052 0.3743
vn -0.0149 0.9932 -0.1154
vn -0.2575 -0.9068 -0.3338
vn 0.1692 0.0117 0.9855
vn -0.9080 0.0816 0.4110
vn -0.6176 0.7615 0.1966
vn 0.5403 0.8388 -0.0671
vn 0.6421 -0.7370 -0.2110
vn -0.5403 -0.8388 -0.0671
vn -0.7305 0.3926 -0.5588
vn -0.6925 -0.7194 -0.0543
vn 0.7764 -0.0670 -0.6267
vn 0.1055 -0.5286 0.8423
vn 0.0032 -0.1529 -0.9882
vn 0.4414 -0.8333 0.3329
vn -0.5993 0.7913 0.1212
vn -0.7411 0.5002 -0.4479
vn -0.7653 -0.6413 -0.0559
vn -0.8374 0.5282 0.1402
vn 0.3963 0.6530 -0.6453
vn -0.3564 0.6899 -0.6301
vn 0.3963 -0.6531 0.6453
vn -0.3564 -0.6899 0.6301
vn 0.7330 0.6783 0.0507
vn 0.3564 -0.0424 -0.9334
vn -0.3963 0.0055 0.9181
vn 0.6383 -0.6044 -0.4768
vn -0.3963 -0.0055 -0.9181
vn 0.3564 0.0424 0.9334
vn 0.7283 -0.3993 0.5569
vn 0.7059 -0.4609 -0.5378
vn 0.1765 0.9174 -0.3567
vn 0.7928 0.4630 -0.3963
vn -0.4796 0.0991 -0.8719
vn -0.8226 0.3562 0.4431
vn -0.4630 0.6110 -0.6421
vn 0.2225 0.8907 0.3963
vn 0.2172 -0.4278 0.8774
vn -0.3828 0.5455 0.7456
vn 0.4796 -0.0991 -0.8719
vn -0.7928 -0.4630 -0.3963
vn 0.6494 -0.2189 -0.7283
vn 0.1906 0.9147 -0.3564
vn -0.2224 -0.8908 0.3963
vn -0.3974 0.3665 -0.8412
vn 0.2224 0.8908 0.3963
vn -0.1906 -0.9147 -0.3564
vn 0.6491 0.1414 0.7474
vn -0.7697 -0.6358 -0.0578
vn -0.4029 0.6279 0.6659
vn 0.9526 -0.3042 0.0056
vn -0.0380 -0.3963 -0.9173
vn 0.4895 -0.8695 0.0659
vn -0.8242 -0.5660 -0.0185
vn 0.3460 0.3238 -0.8806
vn 0.7086 0.6794 -0.1906
vn -0.3969 0.1817 -0.8997
vn -0.0624 0.0056 0.9980
vn -0.9667 0.1389 0.2149
vn 0.3134 -0.5219 0.7933
vn 0.8826 0.2215 0.4147
vn 0.8826 0.2215 -0.4147
vn 0.3134 -0.5220 -0.7933
vn -0.5565 -0.7376 -0.3825
vn -0.5565 -0.7376 0.3825
vn 0.3464 0.8133 -0.4675
vn -0.6018 0.5564 -0.5729
vn -0.5449 -0.7115 -0.4437
vn 0.3464 0.8133 0.4675
vn -0.6018 0.5564 0.5729
vn -0.5449 -0.7115 0.4437
vn -0.3198 0.3664 0.8738
vn 0.7260 0.6585 -0.1985
vn -0.8751 0.4553 0.1638
vn 0.4430 0.8709 0.2129
vn -0.3218 0.4100 -0.8534
vn -0.3912 -0.3540 -0.8495
vn 0.7691 0.6292 0.1122
vn -0.5313 -0.7158 -0.4531
vn -0.8055 0.5398 0.2447
vn -0.5703 0.8021 0.1771
vn 0.5573 0.8290 -0.0465
vn 0.8143 -0.5765 -0.0673
vn -0.2044 0.6405 0.7403
vn 0.1125 0.7498 0.6520
vn -0.2928 0.4861 0.8234
vn -0.2925 -0.4844 -0.8245
vn 0.1169 -0.8457 0.5206
vn 0.1169 0.8457 -0.5206
vn 0.3960 -0.7516 -0.5275
vn 0.5732 -0.7418 -0.3481
vn -0.6113 -0.6119 -0.5019
vn -0.3815 -0.7498 -0.5406
vn -0.1503 0.7432 -0.6520
vn 0.3762 0.4844 0.7898
vn -0.2854 0.8457 -0.4508
vn 0.4508 -0.8457 0.2854
vn 0.7443 0.6677 0.0155
vn -0.8245 -0.4844 0.2924
vn 0.5206 -0.8457 -0.1170
vn 0.6520 0.7450 -0.1407
vn 0.5655 -0.7443 -0.3553
vn -0.8174 -0.3503 0.4573
vn 0.7615 -0.1966 0.6176
vn -0.8719 0.2086 -0.4431
vn -0.4431 -0.2086 -0.8718
vn -0.7370 0.2110 -0.6421
vn -0.3567 0.8460 0.3963
vn 0.3963 -0.8460 -0.3567
vn -0.8388 0.0671 0.5404
vn 0.3964 0.8461 0.3564
vn 0.6405 0.7565 0.1322
vn -0.0675 0.2616 0.9628
vn -0.4785 -0.6971 0.5339
vn -0.5938 -0.5411 0.5955
vn 0.4672 0.1620 0.8692
vn 0.7339 0.2245 0.6411
vn 0.9543 0.2471 -0.1681
vn -0.8169 -0.4090 0.4067
vn 0.9047 0.3712 -0.2093
vn 0.9633 -0.2376 -0.1248
vn -0.4693 0.5468 -0.6933
vn 0.7074 0.6424 0.2948
vn -0.0125 0.1787 0.9838
vn -0.3038 0.1637 -0.9386
vn 0.3731 0.2283 -0.8993
vn -0.0571 -0.5574 0.8283
vn -0.3044 0.7805 -0.5460
vn 0.3042 0.5460 -0.7806
vn -0.0570 -0.9798 0.1916
vn -0.3039 0.9385 0.1637
vn 0.3039 0.9385 -0.1637
vn -0.0570 -0.8282 -0.5575
vn -0.3042 0.5460 0.7806
vn 0.3044 0.7805 0.5460
vn -0.1786 0.0126 -0.9838
vn -0.3731 0.2283 0.8993
vn 0.3038 0.1637 0.9386
vn 0.9634 0.2061 -0.1716
vn -0.7074 0.6424 -0.2948
vn 0.4693 0.5469 0.6933
vn 0.9543 -0.1681 -0.2471
vn -0.9047 0.3712 0.2093
vn 0.8169 -0.4090 -0.4067
vn -0.4906 -0.1488 -0.8586
vn -0.7339 0.2245 -0.6411
vn 0.4785 -0.6971 -0.5339
vn 0.9946 -0.0695 0.0776
vn -0.4672 0.1620 -0.8692
vn 0.5938 -0.5411 -0.5955
vn 0.9610 -0.1309 0.2436
vn 0.9338 -0.3452 0.0941
vn 0.9610 0.2436 0.1309
vn -0.9338 -0.3452 -0.0941
vn -0.8286 -0.5506 -0.1017
vn -0.6421 0.7370 -0.2109
vn 0.5404 0.8387 -0.0671
vn 0.6421 -0.7370 -0.2109
vn -0.0000 -0.9797 0.2003
vn -0.8230 -0.3405 -0.4546
vn -0.7663 -0.1041 0.6339
vn -0.0000 -0.1899 0.9818
vn 0.7663 -0.1042 0.6339
vn 0.8231 -0.3405 -0.4546
vn -0.7663 -0.3746 0.5219
vn -0.0000 -0.5600 0.8285
vn 0.7663 -0.3746 0.5219
vn -0.8231 0.5622 -0.0807
vn -0.0000 0.5511 0.8345
vn 0.8230 0.5622 -0.0807
vn -0.7345 0.4799 -0.4799
vn 0.7345 0.4798 -0.4799
vn -0.7345 -0.0000 -0.6786
vn -0.0000 -0.0000 -1.0000
vn 0.7345 -0.0000 -0.6786
vn -0.6215 -0.0709 0.7802
vn 0.6957 -0.1315 -0.7062
vn 0.1065 -0.7016 0.7046
vn -0.7938 0.2232 0.5658
vn -0.5985 -0.4744 -0.6455
vn -0.7019 -0.5428 -0.4612
vn 0.5531 -0.4923 0.6721
vn 0.1613 0.2875 -0.9441
vn -0.5123 -0.2106 -0.8326
vn 0.6051 -0.4543 0.6538
vn -0.8457 -0.4508 0.2855
vn 0.8457 0.2854 -0.4508
vn 0.4944 -0.3671 0.7879
vn -0.4844 0.7898 -0.3763
vn -0.7587 -0.0455 -0.6499
vn 0.3503 0.4573 0.8174
vn -0.6932 0.2084 -0.6899
vn 0.8451 -0.1166 -0.5218
vn 0.4844 0.2924 0.8245
vn 0.6138 -0.7861 0.0725
vn 0.1808 0.0562 0.9819
vn 0.4860 -0.8234 0.2931
vn -0.4860 0.8234 0.2931
vn -0.8457 -0.5206 -0.1169
vn -0.3503 0.8174 0.4573
vn -0.6677 0.5372 -0.5154
vn -0.7390 -0.6554 0.1563
vn 0.8457 0.2855 -0.4508
vn -0.7498 0.3814 -0.5407
vn 0.7390 0.1563 -0.6554
vn 0.7279 0.6825 -0.0658
vn -0.6610 0.2932 -0.6908
vn -0.3695 -0.6743 -0.6393
vn 0.3096 0.8041 -0.5076
vn -0.4929 -0.8423 -0.2180
vn 0.4927 0.6417 0.5877
vn 0.2507 0.1738 0.9523
vn -0.2794 0.0448 -0.9591
vn 0.4706 0.8752 -0.1124
vn 0.0527 -0.2366 0.9702
vn 0.8347 -0.5284 0.1553
vn 0.8756 -0.3549 0.3275
vn 0.6405 0.2044 0.7403
vn 0.7498 -0.1126 0.6520
vn -0.7443 -0.3553 0.5655
vn -0.4844 0.2925 -0.8245
vn -0.8451 -0.1166 0.5218
vn -0.7516 -0.3960 -0.5275
vn -0.7498 -0.5407 -0.3815
vn -0.6405 -0.2044 0.7403
vn -0.7498 0.1126 0.6520
vn -0.4844 -0.2924 0.8245
vn 0.4844 -0.2924 -0.8245
vn 0.8457 0.1169 0.5206
vn -0.8457 0.1169 -0.5206
vn 0.6677 0.5154 -0.5372
vn -0.4844 -0.7898 0.3762
vn -0.8457 0.4508 -0.2854
vn 0.7498 0.5407 -0.3815
vn 0.4844 0.3762 -0.7898
vn 0.8457 -0.2854 0.4508
vn -0.6176 0.1967 -0.7615
vn 0.7370 -0.2110 -0.6421
vn -0.8720 -0.2081 0.4431
vn 0.3964 -0.8461 -0.3564
vn -0.3963 0.8460 -0.3568
vn 0.8388 -0.0671 0.5403
vn -0.3963 -0.8461 0.3564
vn -0.7370 -0.2110 0.6421
vn -0.7615 0.1967 0.6175
vn -0.6421 -0.2111 -0.7370
vn 0.6421 -0.2110 0.7370
vn -0.6175 0.1967 -0.7616
vn -0.8719 -0.2083 0.4431
vn 0.4432 -0.2083 0.8719
vn 0.8719 0.2083 0.4431
vn -0.4432 0.2083 0.8719
vn -0.4432 -0.2083 -0.8719
vn -0.8719 0.2083 -0.4431
vn 0.8719 -0.2083 -0.4431
vn 0.4432 0.2083 -0.8719
vn 0.7615 -0.4180 0.4953
vn 0.6421 0.4770 -0.6001
vn -0.4729 0.1432 -0.8694
vn -0.8658 -0.3640 0.3432
vn -0.7370 0.4407 -0.5125
vn -0.3568 0.6039 0.7127
vn 0.3913 -0.6477 -0.6538
vn -0.6421 -0.0870 0.7617
vn 0.3963 0.6453 0.6530
vn -0.3515 -0.6806 -0.6429
vn -0.7403 0.6405 -0.2044
vn -0.6520 0.7498 0.1126
vn 0.5249 -0.7512 0.4003
vn -0.6554 -0.7390 -0.1563
vn 0.2854 0.8457 0.4508
vn 0.6794 -0.2246 -0.6985
vn 0.7879 -0.4944 0.3671
vn -0.2464 0.3600 -0.8998
vn 0.6573 0.3157 -0.6844
vn -0.2816 0.8456 -0.4535
vn -0.7824 0.3934 -0.4829
vn -0.4452 -0.5861 -0.6769
vn 0.8010 -0.4027 -0.4431
vn 0.2859 -0.8583 -0.4261
vn -0.7824 0.3934 0.4829
vn -0.4452 -0.5861 0.6769
vn 0.8010 -0.4027 0.4431
vn -0.2816 0.8456 0.4535
vn 0.6573 0.3157 0.6844
vn 0.2859 -0.8583 0.4261
vn 0.1966 0.6176 -0.7615
vn -0.0671 -0.5404 -0.8388
vn -0.2086 0.8718 0.4431
vn -0.2086 -0.4431 0.8718
vn 0.2086 -0.8718 0.4431
vn 0.2086 0.4431 0.8718
vn -0.2110 -0.6421 0.7370
vn -0.2086 0.4431 -0.8718
vn 0.2086 0.8718 -0.4431
vn -0.0671 0.5404 0.8388
vn -0.2086 -0.8718 -0.4431
vn 0.2086 -0.4431 -0.8718
vn 0.6404 -0.3789 0.6680
vn 0.7498 -0.5407 0.3814
vn -0.6676 0.0154 -0.7443
vn 0.6175 0.3995 -0.6775
vn -0.7370 0.6033 -0.3048
vn -0.3564 0.3180 0.8785
vn -0.3963 0.8503 0.3463
vn 0.3564 -0.8785 -0.3181
vn 0.3963 -0.3463 -0.8503
vn -0.6421 -0.3719 0.6704
vn 0.3963 0.3463 0.8503
vn -0.3564 -0.3180 -0.8785
vn 0.7370 -0.3048 0.6033
vn 0.3564 0.8785 0.3181
vn -0.3963 -0.8503 -0.3463
vn -0.3742 -0.6446 0.6666
vn -0.5732 -0.7418 0.3481
vn -0.3671 -0.4944 0.7879
vn 0.1563 -0.7390 -0.6554
vn -0.4508 0.8457 0.2854
vn 0.2854 -0.8457 -0.4508
vn 0.0911 0.7516 -0.6533
vn 0.2931 -0.4859 0.8234
vn 0.4572 0.3503 -0.8174
vn -0.1127 0.7497 -0.6520
vn 0.2924 0.4844 -0.8245
vn -0.1166 0.8451 0.5218
vn -0.6591 -0.7394 -0.1374
vn -0.7421 -0.6567 0.1344
vn 0.1118 0.3553 0.9280
vn 0.0101 -0.5733 0.8193
vn 0.8731 -0.4733 0.1169
vn 0.4418 0.0108 0.8970
vn 0.6444 -0.7089 -0.2867
vn 0.5133 -0.0418 -0.8572
vn -0.7131 0.5470 -0.4384
vn -0.6041 -0.5836 -0.5427
vn 0.4852 0.5817 0.6528
vn -0.5140 -0.6078 0.6053
vn 0.8920 -0.4513 -0.0263
vn -0.1101 -0.2254 0.9680
vn -0.4919 0.0727 0.8676
vn -0.3896 0.0148 -0.9209
vn -0.0028 0.6845 0.7290
vn -0.8745 0.4831 0.0425
vn 0.6250 0.6122 0.4844
vn -0.3814 0.0204 0.9242
vn 0.3029 -0.0774 -0.9499
vn 0.0657 0.5236 -0.8494
vn -0.4450 -0.6286 0.6379
vn 0.3807 0.6344 -0.6727
vn -0.3998 0.5377 0.7423
vn -0.1214 0.9703 0.2094
vn 0.4059 0.9125 -0.0512
vn 0.3820 0.9241 -0.0101
vn -0.3816 0.5498 -0.7430
vn -0.0585 0.7833 -0.6189
vn -0.2993 0.7065 -0.6413
vn -0.7067 -0.5368 0.4609
vn -0.5002 -0.6805 -0.5355
vn -0.0049 0.9364 -0.3508
vn -0.2064 -0.0650 -0.9763
vn -0.4508 -0.7530 0.4793
vn 0.0841 -0.1301 -0.9879
vn 0.4472 0.7489 0.4891
vn 0.0018 -0.9230 -0.3849
vn -0.7478 0.5529 -0.3674
vn -0.0591 -0.0402 -0.9974
vn 0.6931 -0.6905 0.2068
vn 0.0945 -0.7060 -0.7019
vn 0.8824 0.3699 0.2908
vn -0.9633 -0.2376 0.1248
vn 0.0125 0.1787 -0.9838
vn 0.1914 -0.7332 -0.6526
vn 0.0570 -0.9798 -0.1916
vn 0.0570 -0.8282 0.5575
vn 0.1786 0.0126 0.9838
vn -0.9634 0.2061 0.1716
vn -0.4693 0.5469 -0.6933
vn -0.9543 -0.1681 0.2471
vn 0.4906 -0.1488 0.8586
vn -0.9945 -0.0695 -0.0779
vn -0.9610 -0.1309 -0.2436
vn -0.9610 0.2436 -0.1309
vn 0.0866 0.9782 -0.1886
vn 0.0674 0.2614 -0.9629
vn -0.6058 0.7950 0.0297
vn 0.6677 -0.0154 -0.7443
vn 0.7443 0.3553 0.5655
vn 0.7390 0.6553 0.1564
vn -0.8388 -0.2962 -0.4569
vn 0.2116 -0.9770 0.0266
vn 0.8457 0.1170 0.5206
vn -0.6677 0.5154 0.5372
vn 0.4844 -0.7898 -0.3762
vn 0.8457 0.4508 0.2854
vn -0.6405 -0.3789 -0.6680
vn -0.7418 -0.5731 -0.3482
vn -0.4844 -0.3762 -0.7898
vn 0.4844 0.7898 0.3762
vn 0.8387 -0.4569 -0.2962
vn 0.3600 0.8998 0.2464
vn 0.6666 0.0159 0.7452
vn 0.2116 0.9770 -0.0266
vn 0.6395 0.7413 -0.2037
vn 0.7450 0.6520 0.1409
vn 0.7443 -0.5655 0.3553
vn -0.8451 0.5218 0.1166
vn 0.8451 -0.5218 0.1166
vn -0.6677 -0.5372 0.5154
vn 0.8387 -0.2962 0.4569
vn -0.2246 -0.6794 -0.6985
vn 0.7390 -0.1564 0.6553
vn -0.8387 0.4569 -0.2962
vn 0.1908 0.8738 0.4473
vn 0.7481 0.3876 -0.5386
vn 0.4725 0.7316 -0.4914
vn -0.2107 0.6868 -0.6957
vn 0.6903 0.1976 0.6960
vn 0.7567 -0.2955 0.5832
vn -0.2301 -0.2269 0.9463
vn -0.2213 -0.3733 0.9009
vn 0.6491 -0.6883 0.3238
vn 0.2675 -0.3811 -0.8850
vn -0.3581 -0.8874 0.2904
vn -0.7702 0.5562 -0.3122
vn -0.9662 0.1459 0.2126
vn 0.2017 0.9687 -0.1450
vn -0.6821 0.4292 -0.5921
vn 0.2832 0.7483 0.5999
vn 0.6176 -0.6776 -0.3994
vn -0.7370 -0.3048 -0.6033
vn -0.3564 0.8785 -0.3180
vn -0.3963 0.3463 -0.8503
vn 0.3564 -0.3181 0.8785
vn 0.3963 -0.8503 0.3463
vn -0.6421 0.6704 0.3719
vn 0.4157 0.8438 -0.3393
vn -0.3564 -0.8785 0.3181
vn 0.7370 0.6033 0.3048
vn 0.3567 0.3073 -0.8822
vn -0.3963 -0.3463 0.8503
vn -0.8286 0.5506 0.1017
vn -0.6421 -0.7370 0.2109
vn 0.5404 -0.8387 0.0671
vn 0.6421 0.7370 0.2109
vn 0.8034 0.5319 0.2677
vn 0.5823 -0.7405 -0.3356
vn -0.5408 -0.1320 -0.8307
vn 0.3465 -0.1574 -0.9248
vn -0.2382 0.2907 0.9267
vn 0.3702 0.3727 0.8509
vn -0.6828 -0.6543 -0.3251
vn -0.3670 0.6341 -0.6806
vn 0.4384 0.8347 0.3333
vn -0.8713 0.4907 0.0108
vn 0.2382 0.5479 -0.8019
vn -0.3469 -0.4212 0.8380
vn -0.0000 -0.8022 0.5971
vn -0.0000 -0.9791 0.2032
vn 0.7345 -0.4799 -0.4799
vn -0.7345 -0.4798 -0.4799
vn -0.0001 0.0358 -0.9994
vn -0.0000 0.9732 0.2300
vn -0.0000 -0.5197 0.8543
vn 0.7345 -0.4799 0.4798
vn 0.7345 -0.6786 -0.0000
vn -0.0000 -1.0000 -0.0000
vn -0.7345 -0.6786 -0.0000
vn 0.7345 -0.4799 -0.4798
vn 0.7345 0.4799 -0.4799
vn 0.7345 0.4799 0.4798
vn -0.7345 0.4798 0.4799
vn 0.3099 0.3131 0.8977
vn 0.6367 0.7555 0.1542
vn -0.0232 0.9883 0.1505
vn -0.1329 0.8571 0.4976
vn -0.0614 -0.2939 -0.9539
vn 0.2094 -0.2485 -0.9457
vn -0.6412 0.7395 0.2049
vn -0.1808 -0.0562 0.9819
vn 0.6711 -0.5343 -0.5139
vn 0.2348 -0.6847 0.6900
vn 0.3133 -0.3097 0.8977
vn 0.2485 0.2095 -0.9457
vn -0.2677 -0.3811 0.8849
vn -0.4431 -0.8719 0.2083
vn 0.2213 -0.3733 -0.9009
vn -0.1983 0.2256 -0.9538
vn 0.6782 -0.2268 0.6990
vn 0.9664 0.1436 -0.2132
vn 0.4080 0.7654 0.4976
vn 0.6821 0.4292 0.5921
vn -0.2832 0.7483 -0.5999
vn -0.2734 0.8296 0.4869
vn 0.2173 0.6581 0.7209
vn -0.2972 0.9025 -0.3118
vn -0.7481 0.3876 0.5386
vn -0.4725 0.7316 0.4914
vn -0.7860 -0.2789 -0.5517
vn -0.6176 -0.7615 -0.1966
vn 0.5404 -0.8388 0.0671
vn -0.8719 0.4431 0.2084
vn -0.4431 0.8719 -0.2084
vn -0.3963 0.3567 0.8460
vn -0.8719 -0.4431 -0.2083
vn -0.7370 0.6421 0.2110
vn -0.3565 -0.3963 0.8461
vn 0.3963 0.3565 -0.8461
vn 0.6366 0.6689 0.3839
vn 0.7498 0.3815 0.5406
vn -0.6666 -0.7452 -0.0158
vn -0.2115 0.0267 -0.9770
vn 0.2686 -0.6714 0.6907
vn -0.8659 -0.0813 -0.4935
vn 0.4135 -0.8660 -0.2813
vn -0.3323 -0.8843 -0.3279
vn -0.3856 -0.7777 0.4965
vn -0.3304 0.8853 0.3272
vn -0.7284 0.6758 -0.1126
vn 0.5348 0.3497 0.7692
vn 0.8086 -0.5579 0.1870
vn -0.7294 -0.6585 -0.1856
vn 0.3186 0.6045 -0.7301
vn -0.4320 -0.5304 0.7294
vn 0.4223 -0.4289 0.7985
vn 0.6942 0.6435 0.3224
vn 0.3832 0.2805 -0.8800
vn 0.5264 0.8232 -0.2126
vn -0.7880 -0.5978 -0.1473
vn -0.1728 -0.9617 0.2128
vn -0.5250 -0.7198 -0.4542
vn 0.6955 0.2074 0.6879
vn -0.7553 -0.5135 -0.4072
vn -0.8387 0.2962 0.4569
vn -0.6911 -0.3412 -0.6372
vn -0.3600 -0.2464 -0.8998
vn 0.4945 0.7879 0.3671
vn -0.7915 -0.5344 -0.2967
vn -0.0807 0.9741 -0.2113
vn 0.7541 -0.4500 -0.4784
vn -0.0579 -0.2231 -0.9731
vn 0.7537 -0.4348 0.4928
vn 0.7530 0.0537 0.6558
vn 0.5928 -0.1643 0.7884
vn 0.2824 0.2252 -0.9325
vn 0.7537 0.4928 0.4348
vn 0.5928 0.4413 0.6737
vn 0.2815 -0.4980 -0.8202
vn 0.7541 0.6561 -0.0281
vn -0.3859 -0.7806 0.4917
vn -0.7388 0.6739 0.0062
vn -0.7019 0.7099 -0.0577
vn -0.6947 -0.4679 -0.5463
vn -0.6405 -0.6680 0.3789
vn -0.7498 -0.3814 0.5407
vn 0.6666 0.7452 -0.0158
vn 0.1964 -0.0413 -0.9797
vn -0.7305 -0.3927 0.5587
vn -0.6925 0.7194 0.0543
vn 0.0032 0.1529 0.9882
vn 0.4414 0.8333 -0.3329
vn -0.5993 -0.7913 -0.1212
vn -0.7410 -0.5003 0.4480
vn 0.4511 0.3455 -0.8229
vn -0.6074 -0.6432 0.4661
vn -0.6405 0.3789 0.6680
vn -0.2349 -0.6899 0.6847
vn -0.4844 0.3762 0.7898
vn -0.3600 0.2464 0.8998
vn -0.8457 -0.2855 -0.4508
vn 0.7498 0.1126 -0.6520
vn -0.3097 0.3133 -0.8977
vn -0.6367 0.7555 -0.1542
vn -0.8487 0.4389 -0.2951
vn -0.9711 -0.0044 0.2387
vn 0.0232 0.9883 -0.1505
vn -0.5831 0.7473 0.3185
vn 0.7425 0.6539 -0.1450
vn 0.0614 -0.2939 0.9539
vn 0.9662 0.1460 -0.2126
vn 0.7702 0.5562 0.3122
vn -0.2095 -0.2485 0.9457
vn -0.2675 -0.3811 0.8850
vn -0.4083 0.8165 -0.4082
vn -0.4083 -0.8165 0.4083
vn -0.4083 -0.8165 -0.4082
vn 0.4083 -0.8165 0.4083
vn 0.4082 -0.8165 -0.4083
vn -0.6544 0.6152 0.4398
vn 0.2734 0.8296 -0.4869
vn 0.2677 0.5319 -0.8034
vn -0.3356 -0.7405 -0.5823
vn -0.8249 -0.1309 0.5498
vn -0.2914 -0.3695 0.8823
vn 0.9267 0.2907 0.2382
vn 0.2531 0.4684 0.8465
vn -0.3220 -0.6496 0.6887
vn -0.5674 0.7535 0.3322
vn 0.7851 -0.3805 -0.4888
vn -0.0989 0.7057 0.7016
vn -0.8034 0.5473 -0.2346
vn 0.8389 -0.4198 0.3465
vn 0.4082 -0.8165 0.4083
vn -0.4082 -0.8165 0.4083
vn -0.1260 0.7052 0.6977
vn 0.8498 0.2599 0.4586
vn 0.8195 -0.4072 0.4032
vn -0.0004 -0.7113 0.7029
vn -0.8189 -0.4091 0.4024
vn -0.8616 -0.2638 0.4337
vn 0.8195 -0.4072 -0.4032
vn -0.0004 -0.7113 -0.7029
vn -0.8189 -0.4091 -0.4024
vn 0.8498 0.2599 -0.4586
vn -0.1260 0.7052 -0.6977
vn -0.8616 -0.2638 -0.4337
vn -0.6176 -0.5647 -0.5475
vn 0.7370 -0.6625 -0.1341
vn 0.3564 -0.0739 0.9314
vn 0.3963 -0.7282 0.5592
vn -0.3564 0.7629 -0.5395
vn -0.3963 0.1086 -0.9117
vn 0.6421 0.5363 0.5479
vn -0.4534 -0.0949 0.8862
vn 0.3561 0.0888 -0.9302
vn -0.7370 0.4538 0.5009
vn -0.3564 -0.7635 0.5386
vn 0.4483 -0.6536 -0.6098
vn -0.7345 0.4799 0.4799
vn 0.7345 0.4799 0.4799
vn -0.0000 0.9818 -0.1899
vn -0.0000 -0.5512 -0.8344
vn -0.0000 0.9797 -0.2003
vn -0.0000 -0.5600 -0.8285
vn -0.7345 -0.4798 0.4799
vn 0.7345 -0.4799 0.4799
vn -0.6262 -0.7617 -0.1667
vn 0.8863 -0.4190 0.1972
vn 0.6619 0.7474 0.0573
vn 0.2534 0.2027 -0.9459
vn 0.2894 -0.6687 0.6849
vn 0.2894 -0.6687 -0.6849
vn 0.4128 0.7720 -0.4834
vn -0.5694 0.4695 -0.6748
vn -0.4233 -0.7916 -0.4407
vn 0.4128 0.7720 0.4834
vn -0.5694 0.4695 0.6748
vn -0.4233 -0.7916 0.4407
vn -0.8266 0.4695 0.3104
vn -0.6421 -0.7617 -0.0871
vn 0.4482 0.7243 0.5239
vn 0.8420 -0.5393 -0.0142
vn 0.4482 -0.7243 -0.5239
vn 0.8420 0.5393 0.0142
vn 0.5391 -0.7996 -0.2646
vn 0.3561 0.0274 0.9341
vn -0.3658 0.0017 -0.9307
vn 0.6421 0.6001 0.4770
vn -0.3658 -0.0017 0.9307
vn 0.3561 -0.0274 -0.9341
vn -0.2549 0.3074 0.9168
vn -0.3233 0.2944 -0.8993
vn -0.0058 0.0893 -0.9960
vn 0.2486 0.2380 -0.9389
vn -0.0000 -0.8246 -0.5657
vn -0.7715 -0.5246 -0.3599
vn -0.7715 -0.5246 0.3599
vn -0.0000 -0.8246 0.5657
vn 0.7715 -0.5246 0.3599
vn 0.7715 -0.5246 -0.3599
vn -0.7311 0.0526 0.6802
vn 0.0280 0.0643 0.9975
vn 0.7645 0.0330 0.6437
vn 0.1893 0.8516 0.4888
vn 0.1893 0.8516 -0.4888
vn -0.7311 0.0527 -0.6802
vn 0.0280 0.0643 -0.9975
vn 0.7645 0.0330 -0.6437
vn 0.7047 -0.2340 -0.6698
vn -0.7195 -0.1088 -0.6860
vn -0.7195 -0.1088 0.6860
vn 0.7047 -0.2340 0.6698
vn 0.0010 -0.7175 0.6965
vn -0.8240 -0.4056 0.3956
vn 0.1986 0.7023 0.6836
vn 0.8225 -0.4104 0.3939
vn 0.1986 0.7023 -0.6836
vn -0.8240 -0.4056 -0.3956
vn 0.0010 -0.7175 -0.6965
vn 0.8225 -0.4104 -0.3939
vn -0.7165 -0.1422 0.6830
vn 0.7074 -0.2139 0.6737
vn 0.7074 -0.2139 -0.6737
vn -0.7165 -0.1422 -0.6830
vn 0.6144 -0.6057 -0.5055
vn 0.7498 -0.3814 -0.5407
vn -0.6676 0.7443 0.0154
vn -0.7498 0.6520 -0.1126
vn -0.6175 -0.1098 -0.7788
vn 0.7370 -0.4407 -0.5125
vn 0.3515 -0.6805 0.6429
vn 0.4730 0.1433 0.8693
vn -0.3564 0.9334 0.0424
vn -0.3963 0.6453 -0.6531
vn 0.6421 0.0871 0.7617
vn -0.4310 -0.5314 -0.7293
vn 0.3515 0.6805 -0.6429
vn -0.7370 0.0507 0.6740
vn 0.8774 -0.3606 -0.3165
vn 0.4730 -0.1433 -0.8693
vn 0.3628 -0.4218 -0.8310
vn -0.6846 0.6984 -0.2088
vn 0.8752 0.4553 -0.1636
vn 0.3912 -0.3540 0.8495
vn 0.7245 0.6356 -0.2667
vn 0.1703 0.2175 0.9611
vn -0.3915 -0.3549 -0.8489
vn 0.3218 0.4100 0.8534
vn -0.6595 -0.7146 0.2332
vn -0.6947 0.4679 0.5463
vn 0.0493 -0.6269 0.7775
vn -0.7388 -0.6739 -0.0063
vn 0.5857 -0.3608 0.7258
vn 0.6526 -0.6292 0.4222
vn -0.5869 -0.3612 -0.7246
vn -0.2154 0.6661 -0.7141
vn 0.5505 -0.1018 0.8286
vn -0.8388 -0.0671 -0.5403
vn -0.3963 0.8461 -0.3564
vn 0.2050 -0.6414 0.7393
vn 0.9819 -0.1807 -0.0562
vn -0.3960 0.7516 -0.5275
vn -0.5406 0.7498 -0.3815
vn -0.7393 -0.6414 0.2050
vn -0.6520 -0.7498 -0.1125
vn 0.5342 0.6711 -0.5140
vn 0.3836 0.7505 -0.5382
vn -0.1095 -0.6932 -0.7124
vn 0.0972 0.7089 -0.6986
vn 0.3295 -0.8088 0.4871
vn 0.6806 0.6341 -0.3670
vn -0.7851 -0.3804 0.4888
vn -0.8389 -0.4198 -0.3465
vn 0.1113 0.6142 0.7813
vn 0.9264 -0.1488 0.3458
vn -0.9267 0.2907 -0.2382
vn 0.3359 -0.7392 0.5837
vn 0.8307 -0.1320 -0.5408
vn -0.2531 0.4684 -0.8465
vn 0.3742 0.6447 0.6666
vn 0.5732 0.7418 0.3481
vn -0.0153 -0.6682 -0.7438
vn 0.1125 -0.7498 -0.6521
vn 0.6524 0.5947 0.4698
vn -0.1481 -0.1968 -0.9692
vn -0.1517 -0.2716 -0.9504
vn 0.6766 0.7298 -0.0981
vn 0.1751 -0.1404 -0.9745
vn -0.6444 0.6616 -0.3836
vn -0.5139 -0.0767 -0.8544
vn 0.4856 -0.8596 -0.1588
vn 0.8745 0.3688 -0.3152
vn -0.8284 -0.0486 0.5579
vn 0.5140 0.6869 0.5138
vn -0.8919 0.4422 -0.0947
vn -0.0000 0.0705 0.9975
vn -0.7414 0.0473 0.6694
vn -0.7573 0.5633 0.3306
vn -0.0000 0.8624 0.5062
vn 0.7573 0.5632 0.3306
vn 0.7414 0.0473 0.6694
vn -0.8165 0.4083 -0.4082
vn 0.8165 0.4082 -0.4082
vn -0.8165 -0.4082 -0.4082
vn 0.8165 -0.4083 -0.4082
vn 0.8165 -0.4082 -0.4082
vn -0.8165 0.4082 -0.4082
vn -0.7573 0.5632 0.3306
vn 0.7413 0.0473 0.6695
vn -0.7413 0.0473 0.6695
vn -0.4183 -0.4482 -0.7900
vn 0.0609 0.9971 0.0447
vn -0.7019 0.0577 0.7099
vn -0.6947 0.5463 -0.4679
vn -0.8263 0.1375 0.5462
vn -0.0000 0.9802 0.1978
vn 0.8263 0.1375 0.5462
vn -0.8136 0.1544 -0.5606
vn -0.0000 0.3852 -0.9228
vn 0.8136 0.1544 -0.5606
vn -0.7826 -0.1300 0.6088
vn -0.0000 0.9919 -0.1268
vn 0.7826 -0.1300 0.6088
vn -0.7494 -0.1280 -0.6496
vn -0.0000 -0.1883 -0.9821
vn 0.7494 -0.1280 -0.6496
vn -0.6157 0.6466 0.4504
vn 0.1330 0.8573 -0.4974
vn -0.6903 0.1976 -0.6960
vn 0.6770 0.4085 0.6123
vn -0.4949 0.8190 0.2904
vn 0.2062 0.8044 -0.5572
vn -0.2268 0.2303 0.9463
vn -0.8375 0.0925 -0.5386
vn -0.7568 -0.2955 -0.5831
vn -0.6175 0.7592 -0.2056
vn 0.7370 0.4538 -0.5010
vn 0.3564 -0.7635 -0.5386
vn 0.4534 -0.0949 -0.8862
vn -0.3561 0.0888 0.9302
vn -0.4483 -0.6536 0.6098
vn 0.6421 -0.7450 0.1810
vn -0.3963 -0.7282 -0.5592
vn 0.3564 0.7629 0.5395
vn -0.7370 -0.6625 0.1341
vn -0.3564 -0.0739 -0.9314
vn 0.3963 0.1086 0.9117
vn -0.7037 -0.7103 -0.0173
vn 0.7610 0.4525 0.4649
vn 0.6959 0.6320 0.3411
vn -0.7524 -0.6567 0.0516
vn -0.0000 -0.9976 -0.0692
vn -0.0000 -0.2625 0.9649
vn -0.0000 -1.0000 -0.0028
vn -0.0000 0.1924 0.9813
vn -0.7345 0.6270 0.2597
vn -0.0000 0.9239 0.3827
vn 0.7345 0.6270 0.2597
vn -0.7345 0.6270 -0.2597
vn -0.5151 -0.8080 0.2859
vn 0.7516 0.3960 -0.5275
vn 0.7498 0.5406 -0.3815
vn -0.6677 -0.0154 0.7443
vn -0.7615 -0.4953 0.4180
vn -0.6421 0.6002 -0.4770
vn 0.3963 0.0055 -0.9181
vn -0.3561 0.0274 -0.9341
vn 0.3963 -0.0055 0.9181
vn -0.3561 -0.0274 0.9341
vn 0.7370 0.5125 -0.4407
vn 0.3564 -0.6899 -0.6301
vn -0.4482 -0.7243 0.5239
vn 0.6421 -0.7617 0.0871
vn -0.4482 0.7243 -0.5239
vn 0.3564 0.6899 0.6300
vt 0.000000 0.000000
s 1
f 975/1/1 976/1/2 219/1/3 217/1/4
f 976/1/2 975/1/1 218/1/5 220/1/6
f 976/1/2 977/1/7 213/1/8 219/1/3
f 977/1/7 976/1/2 220/1/6 214/1/9
f 977/1/7 978/1/10 215/1/11 213/1/8
f 978/1/10 977/1/7 214/1/9 216/1/12
f 978/1/10 975/1/1 217/1/4 215/1/11
f 975/1/1 978/1/10 216/1/12 218/1/5
f 979/1/13 980/1/14 393/1/15 399/1/16
f 980/1/14 979/1/13 400/1/17 394/1/18
f 980/1/14 981/1/19 397/1/20 393/1/15
f 981/1/19 980/1/14 394/1/18 398/1/21
f 981/1/19 982/1/22 395/1/23 397/1/20
f 982/1/22 981/1/19 398/1/21 396/1/24
f 982/1/22 983/1/25 401/1/26 395/1/23
f 983/1/25 982/1/22 396/1/24 402/1/27
f 983/1/25 979/1/13 399/1/16 401/1/26
f 979/1/13 983/1/25 402/1/27 400/1/17
f 984/1/28 157/1/29 155/1/30 985/1/31
f 985/1/31 156/1/32 158/1/33 984/1/28
f 985/1/31 155/1/30 151/1/34 986/1/35
f 986/1/35 152/1/36 156/1/32 985/1/31
f 986/1/35 151/1/34 153/1/37 987/1/38
f 987/1/38 154/1/39 152/1/36 986/1/35
f 987/1/38 153/1/37 157/1/29 984/1/28
f 984/1/28 158/1/33 154/1/39 987/1/38
f 988/1/40 717/1/41 719/1/42 989/1/43
f 989/1/43 720/1/44 718/1/45 988/1/40
f 989/1/43 719/1/42 713/1/46 990/1/47
f 990/1/47 714/1/48 720/1/44 989/1/43
f 990/1/47 713/1/46 715/1/49 991/1/50
f 991/1/50 716/1/51 714/1/48 990/1/47
f 991/1/50 715/1/49 717/1/41 988/1/40
f 988/1/40 718/1/45 716/1/51 991/1/50
f 992/1/52 993/1/53 901/1/54 895/1/55
f 993/1/53 992/1/52 896/1/56 902/1/57
f 993/1/53 994/1/58 897/1/3 901/1/54
f 994/1/58 993/1/53 902/1/57 898/1/6
f 994/1/58 995/1/59 899/1/8 897/1/3
f 995/1/59 994/1/58 898/1/6 900/1/9
f 995/1/59 992/1/52 895/1/55 899/1/8
f 992/1/52 995/1/59 900/1/9 896/1/56
f 996/1/60 235/1/61 233/1/62 997/1/63
f 997/1/63 234/1/64 236/1/65 996/1/60
f 997/1/63 233/1/62 229/1/66 998/1/67
f 998/1/67 230/1/68 234/1/64 997/1/63
f 998/1/67 229/1/66 231/1/69 999/1/70
f 999/1/70 232/1/71 230/1/68 998/1/67
f 999/1/70 231/1/69 235/1/61 996/1/60
f 996/1/60 236/1/65 232/1/71 999/1/70
f 1000/1/72 1001/1/73 807/1/74 805/1/75
f 1001/1/73 1000/1/72 806/1/76 808/1/77
f 1001/1/73 1002/1/78 801/1/79 807/1/74
f 1002/1/78 1001/1/73 808/1/77 802/1/80
f 1002/1/78 1003/1/81 803/1/82 801/1/79
f 1003/1/81 1002/1/78 802/1/80 804/1/83
f 1003/1/81 1000/1/72 805/1/75 803/1/82
f 1000/1/72 1003/1/81 804/1/83 806/1/76
f 1004/1/84 1005/1/85 407/1/86 409/1/87
f 1005/1/85 1004/1/84 410/1/88 408/1/89
f 1005/1/85 1006/1/90 403/1/91 407/1/86
f 1006/1/90 1005/1/85 408/1/89 404/1/92
f 1006/1/90 1007/1/93 405/1/94 403/1/91
f 1007/1/93 1006/1/90 404/1/92 406/1/95
f 1007/1/93 1004/1/84 409/1/87 405/1/94
f 1004/1/84 1007/1/93 406/1/95 410/1/88
f 1008/1/96 1009/1/97 403/1/91 405/1/94
f 1009/1/97 1008/1/96 406/1/95 404/1/92
f 1009/1/97 1010/1/98 401/1/26 403/1/91
f 1010/1/98 1009/1/97 404/1/92 402/1/27
f 1010/1/98 1011/1/99 395/1/23 401/1/26
f 1011/1/99 1010/1/98 402/1/27 396/1/24
f 1011/1/99 1008/1/96 405/1/94 395/1/23
f 1008/1/96 1011/1/99 396/1/24 406/1/95
f 1012/1/100 1013/1/101 57/1/102 45/1/103
f 1013/1/101 1012/1/100 46/1/104 58/1/105
f 1013/1/101 1014/1/106 55/1/107 57/1/102
f 1014/1/106 1013/1/101 58/1/105 56/1/108
f 1014/1/106 1015/1/109 43/1/110 55/1/107
f 1015/1/109 1014/1/106 56/1/108 44/1/111
f 1015/1/109 1012/1/100 45/1/103 43/1/110
f 1012/1/100 1015/1/109 44/1/111 46/1/104
f 1016/1/112 1017/1/113 767/1/114 751/1/115
f 1017/1/113 1016/1/112 752/1/116 768/1/117
f 1017/1/113 1018/1/118 759/1/119 767/1/114
f 1018/1/118 1017/1/113 768/1/117 760/1/120
f 1018/1/118 1019/1/121 755/1/122 759/1/119
f 1019/1/121 1018/1/118 760/1/120 756/1/123
f 1019/1/121 1016/1/112 751/1/115 755/1/122
f 1016/1/112 1019/1/121 756/1/123 752/1/116
f 1020/1/124 1021/1/125 577/1/126 581/1/127
f 1021/1/125 1020/1/124 582/1/128 578/1/129
f 1021/1/125 1022/1/130 569/1/131 577/1/126
f 1022/1/130 1021/1/125 578/1/129 570/1/132
f 1022/1/130 1023/1/133 573/1/134 569/1/131
f 1023/1/133 1022/1/130 570/1/132 574/1/135
f 1023/1/133 1020/1/124 581/1/127 573/1/134
f 1020/1/124 1023/1/133 574/1/135 582/1/128
f 1024/1/67 241/1/66 243/1/69 1025/1/70
f 1025/1/70 244/1/71 242/1/68 1024/1/67
f 1025/1/70 243/1/69 237/1/61 1026/1/60
f 1026/1/60 238/1/65 244/1/71 1025/1/70
f 1026/1/60 237/1/61 239/1/62 1027/1/63
f 1027/1/63 240/1/64 238/1/65 1026/1/60
f 1027/1/63 239/1/62 241/1/66 1024/1/67
f 1024/1/67 242/1/68 240/1/64 1027/1/63
f 1028/1/136 1029/1/137 53/1/138 59/1/139
f 1029/1/137 1028/1/136 60/1/140 54/1/141
f 1029/1/137 1030/1/142 49/1/143 53/1/138
f 1030/1/142 1029/1/137 54/1/141 50/1/144
f 1030/1/142 1031/1/145 51/1/146 49/1/143
f 1031/1/145 1030/1/142 50/1/144 52/1/147
f 1031/1/145 1028/1/136 59/1/139 51/1/146
f 1028/1/136 1031/1/145 52/1/147 60/1/140
f 1032/1/148 1033/1/149 585/1/150 589/1/151
f 1033/1/149 1032/1/148 590/1/152 586/1/153
f 1033/1/149 1034/1/154 577/1/126 585/1/150
f 1034/1/154 1033/1/149 586/1/153 578/1/129
f 1034/1/154 1035/1/155 581/1/127 577/1/126
f 1035/1/155 1034/1/154 578/1/129 582/1/128
f 1035/1/155 1032/1/148 589/1/151 581/1/127
f 1032/1/148 1035/1/155 582/1/128 590/1/152
f 1036/1/156 119/1/157 125/1/158 1037/1/159
f 1037/1/159 126/1/160 120/1/161 1036/1/156
f 1037/1/159 125/1/158 121/1/162 1038/1/163
f 1038/1/163 122/1/164 126/1/160 1037/1/159
f 1038/1/163 121/1/162 123/1/165 1039/1/166
f 1039/1/166 124/1/167 122/1/164 1038/1/163
f 1039/1/166 123/1/165 119/1/157 1036/1/156
f 1036/1/156 120/1/161 124/1/167 1039/1/166
f 1040/1/168 1041/1/169 601/1/170 597/1/171
f 1041/1/169 1040/1/168 598/1/172 602/1/173
f 1041/1/169 1042/1/174 593/1/175 601/1/170
f 1042/1/174 1041/1/169 602/1/173 594/1/176
f 1042/1/174 1043/1/177 595/1/178 593/1/175
f 1043/1/177 1042/1/174 594/1/176 596/1/179
f 1043/1/177 1040/1/168 597/1/171 595/1/178
f 1040/1/168 1043/1/177 596/1/179 598/1/172
f 1044/1/180 1045/1/181 771/1/182 769/1/183
f 1045/1/181 1044/1/180 770/1/184 772/1/185
f 1045/1/181 1046/1/186 759/1/119 771/1/182
f 1046/1/186 1045/1/181 772/1/185 760/1/120
f 1046/1/186 1047/1/187 767/1/114 759/1/119
f 1047/1/187 1046/1/186 760/1/120 768/1/117
f 1047/1/187 1044/1/180 769/1/183 767/1/114
f 1044/1/180 1047/1/187 768/1/117 770/1/184
f 1048/1/188 1049/1/189 311/1/190 307/1/191
f 1049/1/189 1048/1/188 308/1/192 312/1/193
f 1049/1/189 1050/1/194 309/1/195 311/1/190
f 1050/1/194 1049/1/189 312/1/193 310/1/196
f 1050/1/194 1051/1/197 305/1/198 309/1/195
f 1051/1/197 1050/1/194 310/1/196 306/1/199
f 1051/1/197 1048/1/188 307/1/191 305/1/198
f 1048/1/188 1051/1/197 306/1/199 308/1/192
f 1052/1/200 1053/1/201 833/1/202 829/1/203
f 1053/1/201 1052/1/200 830/1/204 834/1/205
f 1053/1/201 1054/1/206 825/1/207 833/1/202
f 1054/1/206 1053/1/201 834/1/205 826/1/208
f 1054/1/206 1055/1/209 821/1/210 825/1/207
f 1055/1/209 1054/1/206 826/1/208 822/1/211
f 1055/1/209 1052/1/200 829/1/203 821/1/210
f 1052/1/200 1055/1/209 822/1/211 830/1/204
f 1056/1/212 1057/1/213 487/1/214 485/1/215
f 1057/1/213 1056/1/212 486/1/216 488/1/217
f 1057/1/213 1058/1/218 481/1/219 487/1/214
f 1058/1/218 1057/1/213 488/1/217 482/1/220
f 1058/1/218 1059/1/221 483/1/222 481/1/219
f 1059/1/221 1058/1/218 482/1/220 484/1/223
f 1059/1/221 1056/1/212 485/1/215 483/1/222
f 1056/1/212 1059/1/221 484/1/223 486/1/216
f 1060/1/224 101/1/225 85/1/226 1061/1/227
f 1061/1/227 86/1/228 102/1/229 1060/1/224
f 1061/1/227 85/1/226 81/1/230 1062/1/231
f 1062/1/231 82/1/232 86/1/228 1061/1/227
f 1062/1/231 81/1/230 77/1/233 1063/1/234
f 1063/1/234 78/1/235 82/1/232 1062/1/231
f 1063/1/234 77/1/233 79/1/236 1064/1/237
f 1064/1/237 80/1/238 78/1/235 1063/1/234
f 1064/1/237 79/1/236 83/1/239 1065/1/240
f 1065/1/240 84/1/241 80/1/238 1064/1/237
f 1065/1/240 83/1/239 91/1/242 1066/1/243
f 1066/1/243 92/1/244 84/1/241 1065/1/240
f 1066/1/243 91/1/242 87/1/245 1067/1/246
f 1067/1/246 88/1/247 92/1/244 1066/1/243
f 1067/1/246 87/1/245 73/1/248 1068/1/249
f 1068/1/249 74/1/250 88/1/247 1067/1/246
f 1068/1/249 73/1/248 67/1/248 1069/1/249
f 1069/1/249 68/1/250 74/1/250 1068/1/249
f 1069/1/249 67/1/248 71/1/251 1070/1/224
f 1070/1/224 72/1/252 68/1/250 1069/1/249
f 1070/1/224 71/1/251 69/1/253 1071/1/254
f 1071/1/254 70/1/255 72/1/252 1070/1/224
f 1071/1/254 69/1/253 65/1/256 1072/1/257
f 1072/1/257 66/1/258 70/1/255 1071/1/254
f 1072/1/257 65/1/256 75/1/256 1073/1/257
f 1073/1/257 76/1/258 66/1/258 1072/1/257
f 1073/1/257 75/1/256 89/1/259 1074/1/260
f 1074/1/260 90/1/261 76/1/258 1073/1/257
f 1074/1/260 89/1/259 99/1/262 1075/1/263
f 1075/1/263 100/1/264 90/1/261 1074/1/260
f 1075/1/263 99/1/262 95/1/265 1076/1/266
f 1076/1/266 96/1/267 100/1/264 1075/1/263
f 1076/1/266 95/1/265 97/1/268 1077/1/269
f 1077/1/269 98/1/270 96/1/267 1076/1/266
f 1077/1/269 97/1/268 101/1/225 1060/1/224
f 1060/1/224 102/1/229 98/1/270 1077/1/269
f 1078/1/271 1079/1/272 791/1/273 785/1/274
f 1079/1/272 1078/1/271 786/1/275 792/1/276
f 1079/1/272 1080/1/277 787/1/278 791/1/273
f 1080/1/277 1079/1/272 792/1/276 788/1/279
f 1080/1/277 1081/1/280 789/1/281 787/1/278
f 1081/1/280 1080/1/277 788/1/279 790/1/282
f 1081/1/280 1078/1/271 785/1/274 789/1/281
f 1078/1/271 1081/1/280 790/1/282 786/1/275
f 1082/1/283 1083/1/284 535/1/285 531/1/286
f 1083/1/284 1082/1/283 532/1/287 536/1/288
f 1083/1/284 1084/1/289 533/1/290 535/1/285
f 1084/1/289 1083/1/284 536/1/288 534/1/291
f 1084/1/289 1085/1/292 529/1/293 533/1/290
f 1085/1/292 1084/1/289 534/1/291 530/1/294
f 1085/1/292 1082/1/283 531/1/286 529/1/293
f 1082/1/283 1085/1/292 530/1/294 532/1/287
f 1086/1/295 1087/1/296 279/1/297 275/1/298
f 1087/1/296 1086/1/295 276/1/299 280/1/300
f 1087/1/296 1088/1/301 277/1/302 279/1/297
f 1088/1/301 1087/1/296 280/1/300 278/1/303
f 1088/1/301 1089/1/304 273/1/305 277/1/302
f 1089/1/304 1088/1/301 278/1/303 274/1/306
f 1089/1/304 1086/1/295 275/1/298 273/1/305
f 1086/1/295 1089/1/304 274/1/306 276/1/299
f 1090/1/28 165/1/29 163/1/30 1091/1/31
f 1091/1/31 164/1/32 166/1/33 1090/1/28
f 1091/1/31 163/1/30 159/1/307 1092/1/35
f 1092/1/35 160/1/36 164/1/32 1091/1/31
f 1092/1/35 159/1/307 161/1/37 1093/1/308
f 1093/1/308 162/1/39 160/1/36 1092/1/35
f 1093/1/308 161/1/37 165/1/29 1090/1/28
f 1090/1/28 166/1/33 162/1/39 1093/1/308
f 1094/1/309 1095/1/310 551/1/311 549/1/312
f 1095/1/310 1094/1/309 550/1/313 552/1/314
f 1095/1/310 1096/1/315 545/1/316 551/1/311
f 1096/1/315 1095/1/310 552/1/314 546/1/317
f 1096/1/315 1097/1/318 547/1/319 545/1/316
f 1097/1/318 1096/1/315 546/1/317 548/1/320
f 1097/1/318 1094/1/309 549/1/312 547/1/319
f 1094/1/309 1097/1/318 548/1/320 550/1/313
f 1098/1/321 1099/1/322 109/1/323 105/1/324
f 1099/1/322 1098/1/321 106/1/325 110/1/326
f 1099/1/322 1100/1/327 107/1/328 109/1/323
f 1100/1/327 1099/1/322 110/1/326 108/1/329
f 1100/1/327 1101/1/330 103/1/331 107/1/328
f 1101/1/330 1100/1/327 108/1/329 104/1/332
f 1101/1/330 1102/1/333 111/1/334 103/1/331
f 1102/1/333 1101/1/330 104/1/332 112/1/335
f 1102/1/333 1103/1/336 113/1/337 111/1/334
f 1103/1/336 1102/1/333 112/1/335 114/1/338
f 1103/1/336 1098/1/321 105/1/324 113/1/337
f 1098/1/321 1103/1/336 114/1/338 106/1/325
f 1104/1/339 1105/1/340 479/1/291 475/1/294
f 1105/1/340 1104/1/339 476/1/293 480/1/290
f 1105/1/340 1106/1/341 477/1/288 479/1/291
f 1106/1/341 1105/1/340 480/1/290 478/1/285
f 1106/1/341 1107/1/342 473/1/287 477/1/288
f 1107/1/342 1106/1/341 478/1/285 474/1/286
f 1107/1/342 1104/1/339 475/1/294 473/1/287
f 1104/1/339 1107/1/342 474/1/286 476/1/293
f 1108/1/343 1109/1/344 63/1/345 59/1/139
f 1109/1/344 1108/1/343 60/1/140 64/1/346
f 1109/1/344 1110/1/347 61/1/348 63/1/345
f 1110/1/347 1109/1/344 64/1/346 62/1/349
f 1110/1/347 1111/1/350 53/1/138 61/1/348
f 1111/1/350 1110/1/347 62/1/349 54/1/141
f 1111/1/350 1108/1/343 59/1/139 53/1/138
f 1108/1/343 1111/1/350 54/1/141 60/1/140
f 1112/1/351 1113/1/352 447/1/353 441/1/354
f 1113/1/352 1112/1/351 442/1/355 448/1/356
f 1113/1/352 1114/1/357 443/1/358 447/1/353
f 1114/1/357 1113/1/352 448/1/356 444/1/359
f 1114/1/357 1115/1/360 445/1/361 443/1/358
f 1115/1/360 1114/1/357 444/1/359 446/1/362
f 1115/1/360 1112/1/351 441/1/354 445/1/361
f 1112/1/351 1115/1/360 446/1/362 442/1/355
f 1116/1/363 1117/1/364 703/1/365 697/1/366
f 1117/1/364 1116/1/363 698/1/367 704/1/368
f 1117/1/364 1118/1/369 699/1/370 703/1/365
f 1118/1/369 1117/1/364 704/1/368 700/1/371
f 1118/1/369 1119/1/372 701/1/373 699/1/370
f 1119/1/372 1118/1/369 700/1/371 702/1/374
f 1119/1/372 1116/1/363 697/1/366 701/1/373
f 1116/1/363 1119/1/372 702/1/374 698/1/367
f 1120/1/363 1121/1/375 711/1/376 705/1/366
f 1121/1/375 1120/1/363 706/1/367 712/1/377
f 1121/1/375 1122/1/378 707/1/379 711/1/376
f 1122/1/378 1121/1/375 712/1/377 708/1/380
f 1122/1/378 1123/1/372 709/1/373 707/1/379
f 1123/1/372 1122/1/378 708/1/380 710/1/374
f 1123/1/372 1120/1/363 705/1/366 709/1/373
f 1120/1/363 1123/1/372 710/1/374 706/1/367
f 1124/1/381 1125/1/382 753/1/383 749/1/384
f 1125/1/382 1124/1/381 750/1/385 754/1/386
f 1125/1/382 1126/1/387 745/1/388 753/1/383
f 1126/1/387 1125/1/382 754/1/386 746/1/389
f 1126/1/387 1127/1/390 747/1/391 745/1/388
f 1127/1/390 1126/1/387 746/1/389 748/1/392
f 1127/1/390 1124/1/381 749/1/384 747/1/391
f 1124/1/381 1127/1/390 748/1/392 750/1/385
f 1128/1/393 733/1/394 735/1/395 1129/1/396
f 1129/1/396 736/1/397 734/1/398 1128/1/393
f 1129/1/396 735/1/395 731/1/399 1130/1/400
f 1130/1/400 732/1/401 736/1/397 1129/1/396
f 1130/1/400 731/1/399 729/1/402 1131/1/403
f 1131/1/403 730/1/404 732/1/401 1130/1/400
f 1131/1/403 729/1/402 733/1/394 1128/1/393
f 1128/1/393 734/1/398 730/1/404 1131/1/403
f 1132/1/405 1133/1/406 765/1/407 763/1/408
f 1133/1/406 1132/1/405 764/1/409 766/1/410
f 1133/1/406 1134/1/411 761/1/412 765/1/407
f 1134/1/411 1133/1/406 766/1/410 762/1/413
f 1134/1/411 1135/1/414 757/1/415 761/1/412
f 1135/1/414 1134/1/411 762/1/413 758/1/416
f 1135/1/414 1132/1/405 763/1/408 757/1/415
f 1132/1/405 1135/1/414 758/1/416 764/1/409
f 1136/1/417 1137/1/418 841/1/419 837/1/420
f 1137/1/418 1136/1/417 838/1/421 842/1/422
f 1137/1/418 1138/1/423 833/1/202 841/1/419
f 1138/1/423 1137/1/418 842/1/422 834/1/205
f 1138/1/423 1139/1/424 829/1/203 833/1/202
f 1139/1/424 1138/1/423 834/1/205 830/1/204
f 1139/1/424 1136/1/417 837/1/420 829/1/203
f 1136/1/417 1139/1/424 830/1/204 838/1/421
f 1140/1/425 1141/1/426 845/1/427 847/1/428
f 1141/1/426 1140/1/425 848/1/429 846/1/430
f 1141/1/426 1142/1/431 843/1/432 845/1/427
f 1142/1/431 1141/1/426 846/1/430 844/1/433
f 1142/1/431 1143/1/434 839/1/435 843/1/432
f 1143/1/434 1142/1/431 844/1/433 840/1/436
f 1143/1/434 1140/1/425 847/1/428 839/1/435
f 1140/1/425 1143/1/434 840/1/436 848/1/429
f 1144/1/437 1145/1/53 855/1/54 849/1/438
f 1145/1/53 1144/1/437 850/1/439 856/1/57
f 1145/1/53 1146/1/440 851/1/441 855/1/54
f 1146/1/440 1145/1/53 856/1/57 852/1/442
f 1146/1/440 1147/1/443 853/1/444 851/1/441
f 1147/1/443 1146/1/440 852/1/442 854/1/9
f 1147/1/443 1144/1/437 849/1/438 853/1/444
f 1144/1/437 1147/1/443 854/1/9 850/1/439
f 1148/1/445 1149/1/446 195/1/447 189/1/448
f 1149/1/446 1148/1/445 190/1/449 196/1/450
f 1149/1/446 1150/1/451 199/1/452 195/1/447
f 1150/1/451 1149/1/446 196/1/450 200/1/453
f 1150/1/451 1151/1/454 203/1/455 199/1/452
f 1151/1/454 1150/1/451 200/1/453 204/1/456
f 1151/1/454 1152/1/457 201/1/458 203/1/455
f 1152/1/457 1151/1/454 204/1/456 202/1/459
f 1152/1/457 1153/1/460 197/1/461 201/1/458
f 1153/1/460 1152/1/457 202/1/459 198/1/462
f 1153/1/460 1154/1/463 177/1/464 197/1/461
f 1154/1/463 1153/1/460 198/1/462 178/1/465
f 1154/1/463 1155/1/466 181/1/467 177/1/464
f 1155/1/466 1154/1/463 178/1/465 182/1/468
f 1155/1/466 1156/1/469 185/1/470 181/1/467
f 1156/1/469 1155/1/466 182/1/468 186/1/471
f 1156/1/469 1157/1/472 187/1/473 185/1/470
f 1157/1/472 1156/1/469 186/1/471 188/1/474
f 1157/1/472 1158/1/475 183/1/476 187/1/473
f 1158/1/475 1157/1/472 188/1/474 184/1/477
f 1158/1/475 1159/1/478 179/1/479 183/1/476
f 1159/1/478 1158/1/475 184/1/477 180/1/480
f 1159/1/478 1160/1/481 175/1/482 179/1/479
f 1160/1/481 1159/1/478 180/1/480 176/1/483
f 1160/1/481 1161/1/484 191/1/279 175/1/482
f 1161/1/484 1160/1/481 176/1/483 192/1/485
f 1161/1/484 1162/1/486 193/1/487 191/1/279
f 1162/1/486 1161/1/484 192/1/485 194/1/273
f 1162/1/486 1148/1/445 189/1/448 193/1/487
f 1148/1/445 1162/1/486 194/1/273 190/1/449
f 1163/1/488 1164/1/489 495/1/294 489/1/287
f 1164/1/489 1163/1/488 490/1/286 496/1/293
f 1164/1/489 1165/1/490 491/1/291 495/1/294
f 1165/1/490 1164/1/489 496/1/293 492/1/290
f 1165/1/490 1166/1/491 493/1/288 491/1/291
f 1166/1/491 1165/1/490 492/1/290 494/1/285
f 1166/1/491 1163/1/488 489/1/287 493/1/288
f 1163/1/488 1166/1/491 494/1/285 490/1/286
f 1167/1/492 27/1/493 19/1/494 1168/1/495
f 1168/1/495 20/1/496 28/1/497 1167/1/492
f 1168/1/495 19/1/494 11/1/498 1169/1/499
f 1169/1/499 12/1/500 20/1/496 1168/1/495
f 1169/1/499 11/1/498 1/1/501 1170/1/502
f 1170/1/502 2/1/503 12/1/500 1169/1/499
f 1170/1/502 1/1/501 15/1/504 1171/1/237
f 1171/1/237 16/1/505 2/1/503 1170/1/502
f 1171/1/237 15/1/504 23/1/506 1172/1/507
f 1172/1/507 24/1/508 16/1/505 1171/1/237
f 1172/1/507 23/1/506 27/1/493 1167/1/492
f 1167/1/492 28/1/497 24/1/508 1172/1/507
f 1173/1/509 1174/1/510 49/1/143 51/1/146
f 1174/1/510 1173/1/509 52/1/147 50/1/144
f 1174/1/510 1175/1/511 41/1/512 49/1/143
f 1175/1/511 1174/1/510 50/1/144 42/1/513
f 1175/1/511 1176/1/514 47/1/515 41/1/512
f 1176/1/514 1175/1/511 42/1/513 48/1/516
f 1176/1/514 1173/1/509 51/1/146 47/1/515
f 1173/1/509 1176/1/514 48/1/516 52/1/147
f 1177/1/517 1178/1/518 269/1/519 271/1/520
f 1178/1/518 1177/1/517 272/1/521 270/1/522
f 1178/1/518 1179/1/523 267/1/524 269/1/519
f 1179/1/523 1178/1/518 270/1/522 268/1/150
f 1179/1/523 1180/1/525 265/1/526 267/1/524
f 1180/1/525 1179/1/523 268/1/150 266/1/527
f 1180/1/525 1177/1/517 271/1/520 265/1/526
f 1177/1/517 1180/1/525 266/1/527 272/1/521
f 1181/1/528 1182/1/529 619/1/530 615/1/531
f 1182/1/529 1181/1/528 616/1/532 620/1/533
f 1182/1/529 1183/1/534 611/1/535 619/1/530
f 1183/1/534 1182/1/529 620/1/533 612/1/536
f 1183/1/534 1184/1/537 607/1/538 611/1/535
f 1184/1/537 1183/1/534 612/1/536 608/1/519
f 1184/1/537 1181/1/528 615/1/531 607/1/538
f 1181/1/528 1184/1/537 608/1/519 616/1/532
f 1185/1/539 1186/1/540 261/1/541 257/1/542
f 1186/1/540 1185/1/539 258/1/543 262/1/544
f 1186/1/540 1187/1/545 259/1/546 261/1/541
f 1187/1/545 1186/1/540 262/1/544 260/1/547
f 1187/1/545 1188/1/548 253/1/549 259/1/546
f 1188/1/548 1187/1/545 260/1/547 254/1/550
f 1188/1/548 1185/1/539 257/1/542 253/1/549
f 1185/1/539 1188/1/548 254/1/550 258/1/543
f 1189/1/551 1190/1/552 603/1/553 599/1/554
f 1190/1/552 1189/1/551 600/1/555 604/1/526
f 1190/1/552 1191/1/556 595/1/178 603/1/553
f 1191/1/556 1190/1/552 604/1/526 596/1/179
f 1191/1/556 1192/1/557 593/1/175 595/1/178
f 1192/1/557 1191/1/556 596/1/179 594/1/176
f 1192/1/557 1189/1/551 599/1/554 593/1/175
f 1189/1/551 1192/1/557 594/1/176 600/1/555
f 1193/1/558 1194/1/559 617/1/560 613/1/561
f 1194/1/559 1193/1/558 614/1/562 618/1/563
f 1194/1/559 1195/1/564 609/1/565 617/1/560
f 1195/1/564 1194/1/559 618/1/563 610/1/566
f 1195/1/564 1196/1/567 605/1/568 609/1/565
f 1196/1/567 1195/1/564 610/1/566 606/1/569
f 1196/1/567 1193/1/558 613/1/561 605/1/568
f 1193/1/558 1196/1/567 606/1/569 614/1/562
f 1197/1/570 1198/1/571 295/1/572 293/1/573
f 1198/1/571 1197/1/570 294/1/3 296/1/574
f 1198/1/571 1199/1/575 289/1/576 295/1/572
f 1199/1/575 1198/1/571 296/1/574 290/1/11
f 1199/1/575 1200/1/577 291/1/9 289/1/576
f 1200/1/577 1199/1/575 290/1/11 292/1/444
f 1200/1/577 1197/1/570 293/1/573 291/1/9
f 1197/1/570 1200/1/577 292/1/444 294/1/3
f 1201/1/578 1202/1/579 133/1/6 129/1/9
f 1202/1/579 1201/1/578 130/1/8 134/1/3
f 1202/1/579 1203/1/571 131/1/57 133/1/6
f 1203/1/571 1202/1/579 134/1/3 132/1/54
f 1203/1/571 1204/1/580 127/1/56 131/1/57
f 1204/1/580 1203/1/571 132/1/54 128/1/55
f 1204/1/580 1201/1/578 129/1/9 127/1/56
f 1201/1/578 1204/1/580 128/1/55 130/1/8
f 1205/1/581 1206/1/571 687/1/582 683/1/583
f 1206/1/571 1205/1/581 684/1/584 688/1/585
f 1206/1/571 1207/1/575 685/1/586 687/1/582
f 1207/1/575 1206/1/571 688/1/585 686/1/587
f 1207/1/575 1208/1/577 681/1/588 685/1/586
f 1208/1/577 1207/1/575 686/1/587 682/1/589
f 1208/1/577 1205/1/581 683/1/583 681/1/588
f 1205/1/581 1208/1/577 682/1/589 684/1/584
f 1209/1/590 1210/1/591 319/1/77 315/1/80
f 1210/1/591 1209/1/590 316/1/592 320/1/593
f 1210/1/591 1211/1/594 317/1/595 319/1/77
f 1211/1/594 1210/1/591 320/1/593 318/1/596
f 1211/1/594 1212/1/597 313/1/598 317/1/595
f 1212/1/597 1211/1/594 318/1/596 314/1/599
f 1212/1/597 1209/1/590 315/1/80 313/1/598
f 1209/1/590 1212/1/597 314/1/599 316/1/592
f 1213/1/600 1214/1/601 825/1/207 821/1/210
f 1214/1/601 1213/1/600 822/1/211 826/1/208
f 1214/1/601 1215/1/602 817/1/603 825/1/207
f 1215/1/602 1214/1/601 826/1/208 818/1/604
f 1215/1/602 1216/1/605 819/1/606 817/1/603
f 1216/1/605 1215/1/602 818/1/604 820/1/607
f 1216/1/605 1213/1/600 821/1/210 819/1/606
f 1213/1/600 1216/1/605 820/1/607 822/1/211
f 1217/1/608 355/1/609 345/1/610 1218/1/611
f 1218/1/611 346/1/612 356/1/613 1217/1/608
f 1218/1/611 345/1/610 351/1/614 1219/1/615
f 1219/1/615 352/1/616 346/1/612 1218/1/611
f 1219/1/615 351/1/614 353/1/617 1220/1/618
f 1220/1/618 354/1/619 352/1/616 1219/1/615
f 1220/1/618 353/1/617 355/1/609 1217/1/608
f 1217/1/608 356/1/613 354/1/619 1220/1/618
f 1221/1/620 1222/1/621 149/1/622 147/1/623
f 1222/1/621 1221/1/620 148/1/624 150/1/625
f 1222/1/621 1223/1/626 143/1/627 149/1/622
f 1223/1/626 1222/1/621 150/1/625 144/1/628
f 1223/1/626 1224/1/629 145/1/630 143/1/627
f 1224/1/629 1223/1/626 144/1/628 146/1/631
f 1224/1/629 1221/1/620 147/1/623 145/1/630
f 1221/1/620 1224/1/629 146/1/631 148/1/624
f 1225/1/632 1226/1/633 611/1/535 607/1/538
f 1226/1/633 1225/1/632 608/1/519 612/1/536
f 1226/1/633 1227/1/634 603/1/553 611/1/535
f 1227/1/634 1226/1/633 612/1/536 604/1/526
f 1227/1/634 1228/1/149 599/1/554 603/1/553
f 1228/1/149 1227/1/634 604/1/526 600/1/555
f 1228/1/149 1225/1/632 607/1/538 599/1/554
f 1225/1/632 1228/1/149 600/1/555 608/1/519
f 1229/1/635 1230/1/636 287/1/637 285/1/638
f 1230/1/636 1229/1/635 286/1/639 288/1/640
f 1230/1/636 1231/1/641 281/1/642 287/1/637
f 1231/1/641 1230/1/636 288/1/640 282/1/643
f 1231/1/641 1232/1/644 283/1/645 281/1/642
f 1232/1/644 1231/1/641 282/1/643 284/1/646
f 1232/1/644 1229/1/635 285/1/638 283/1/645
f 1229/1/635 1232/1/644 284/1/646 286/1/639
f 1233/1/608 379/1/609 369/1/610 1234/1/611
f 1234/1/611 370/1/612 380/1/613 1233/1/608
f 1234/1/611 369/1/610 375/1/614 1235/1/615
f 1235/1/615 376/1/616 370/1/612 1234/1/611
f 1235/1/615 375/1/614 377/1/617 1236/1/618
f 1236/1/618 378/1/619 376/1/616 1235/1/615
f 1236/1/618 377/1/617 379/1/609 1233/1/608
f 1233/1/608 380/1/613 378/1/619 1236/1/618
f 1237/1/647 1238/1/648 835/1/649 831/1/650
f 1238/1/648 1237/1/647 832/1/651 836/1/652
f 1238/1/648 1239/1/653 827/1/654 835/1/649
f 1239/1/653 1238/1/648 836/1/652 828/1/655
f 1239/1/653 1240/1/656 823/1/657 827/1/654
f 1240/1/656 1239/1/653 828/1/655 824/1/658
f 1240/1/656 1237/1/647 831/1/650 823/1/657
f 1237/1/647 1240/1/656 824/1/658 832/1/651
f 1241/1/659 1242/1/660 429/1/661 427/1/662
f 1242/1/660 1241/1/659 428/1/663 430/1/664
f 1242/1/660 1243/1/665 423/1/666 429/1/661
f 1243/1/665 1242/1/660 430/1/664 424/1/667
f 1243/1/665 1244/1/668 413/1/669 423/1/666
f 1244/1/668 1243/1/665 424/1/667 414/1/670
f 1244/1/668 1245/1/671 415/1/672 413/1/669
f 1245/1/671 1244/1/668 414/1/670 416/1/673
f 1245/1/671 1246/1/674 411/1/675 415/1/672
f 1246/1/674 1245/1/671 416/1/673 412/1/676
f 1246/1/674 1247/1/677 419/1/678 411/1/675
f 1247/1/677 1246/1/674 412/1/676 420/1/679
f 1247/1/677 1248/1/680 425/1/681 419/1/678
f 1248/1/680 1247/1/677 420/1/679 426/1/682
f 1248/1/680 1241/1/659 427/1/662 425/1/681
f 1241/1/659 1248/1/680 426/1/682 428/1/663
f 1249/1/683 1250/1/684 435/1/685 437/1/686
f 1250/1/684 1249/1/683 438/1/687 436/1/688
f 1250/1/684 1251/1/689 421/1/690 435/1/685
f 1251/1/689 1250/1/684 436/1/688 422/1/691
f 1251/1/689 1252/1/692 433/1/693 421/1/690
f 1252/1/692 1251/1/689 422/1/691 434/1/694
f 1252/1/692 1253/1/695 439/1/696 433/1/693
f 1253/1/695 1252/1/692 434/1/694 440/1/697
f 1253/1/695 1249/1/683 437/1/686 439/1/696
f 1249/1/683 1253/1/695 440/1/697 438/1/687
f 1254/1/698 1255/1/699 275/1/298 271/1/520
f 1255/1/699 1254/1/698 272/1/521 276/1/299
f 1255/1/699 1256/1/700 273/1/305 275/1/298
f 1256/1/700 1255/1/699 276/1/299 274/1/306
f 1256/1/700 1257/1/701 269/1/519 273/1/305
f 1257/1/701 1256/1/700 274/1/306 270/1/522
f 1257/1/701 1254/1/698 271/1/520 269/1/519
f 1254/1/698 1257/1/701 270/1/522 272/1/521
f 1258/1/702 1259/1/703 875/1/474 871/1/477
f 1259/1/703 1258/1/702 872/1/476 876/1/473
f 1259/1/703 1260/1/704 873/1/471 875/1/474
f 1260/1/704 1259/1/703 876/1/473 874/1/470
f 1260/1/704 1261/1/705 869/1/468 873/1/471
f 1261/1/705 1260/1/704 874/1/470 870/1/467
f 1261/1/705 1262/1/706 865/1/465 869/1/468
f 1262/1/706 1261/1/705 870/1/467 866/1/464
f 1262/1/706 1263/1/707 887/1/462 865/1/465
f 1263/1/707 1262/1/706 866/1/464 888/1/461
f 1263/1/707 1264/1/708 891/1/459 887/1/462
f 1264/1/708 1263/1/707 888/1/461 892/1/458
f 1264/1/708 1265/1/709 893/1/456 891/1/459
f 1265/1/709 1264/1/708 892/1/458 894/1/710
f 1265/1/709 1266/1/711 889/1/453 893/1/456
f 1266/1/711 1265/1/709 894/1/710 890/1/452
f 1266/1/711 1267/1/712 885/1/450 889/1/453
f 1267/1/712 1266/1/711 890/1/452 886/1/447
f 1267/1/712 1268/1/713 879/1/449 885/1/450
f 1268/1/713 1267/1/712 886/1/447 880/1/448
f 1268/1/713 1269/1/714 883/1/273 879/1/449
f 1269/1/714 1268/1/713 880/1/448 884/1/487
f 1269/1/714 1270/1/715 881/1/485 883/1/273
f 1270/1/715 1269/1/714 884/1/487 882/1/279
f 1270/1/715 1271/1/716 877/1/483 881/1/485
f 1271/1/716 1270/1/715 882/1/279 878/1/482
f 1271/1/716 1272/1/717 867/1/480 877/1/483
f 1272/1/717 1271/1/716 878/1/482 868/1/479
f 1272/1/717 1258/1/702 871/1/477 867/1/480
f 1258/1/702 1272/1/717 868/1/479 872/1/476
f 1273/1/718 1274/1/719 567/1/720 561/1/721
f 1274/1/719 1273/1/718 562/1/722 568/1/563
f 1274/1/719 1275/1/723 563/1/561 567/1/720
f 1275/1/723 1274/1/719 568/1/563 564/1/724
f 1275/1/723 1276/1/725 565/1/726 563/1/561
f 1276/1/725 1275/1/723 564/1/724 566/1/727
f 1276/1/725 1273/1/718 561/1/721 565/1/726
f 1273/1/718 1276/1/725 566/1/727 562/1/722
f 1277/1/728 1278/1/729 591/1/730 587/1/731
f 1278/1/729 1277/1/728 588/1/732 592/1/733
f 1278/1/729 1279/1/734 585/1/150 591/1/730
f 1279/1/734 1278/1/729 592/1/733 586/1/153
f 1279/1/734 1280/1/735 589/1/151 585/1/150
f 1280/1/735 1279/1/734 586/1/153 590/1/152
f 1280/1/735 1277/1/728 587/1/731 589/1/151
f 1277/1/728 1280/1/735 590/1/152 588/1/732
f 1281/1/736 1282/1/737 579/1/171 583/1/738
f 1282/1/737 1281/1/736 584/1/739 580/1/740
f 1282/1/737 1283/1/741 571/1/568 579/1/171
f 1283/1/741 1282/1/737 580/1/740 572/1/742
f 1283/1/741 1284/1/743 575/1/744 571/1/568
f 1284/1/743 1283/1/741 572/1/742 576/1/745
f 1284/1/743 1281/1/736 583/1/738 575/1/744
f 1281/1/736 1284/1/743 576/1/745 584/1/739
f 1285/1/746 1286/1/747 467/1/748 461/1/749
f 1286/1/747 1285/1/746 462/1/750 468/1/751
f 1286/1/747 1287/1/752 463/1/294 467/1/748
f 1287/1/752 1286/1/747 468/1/751 464/1/753
f 1287/1/752 1288/1/754 469/1/755 463/1/294
f 1288/1/754 1287/1/752 464/1/753 470/1/290
f 1288/1/754 1289/1/756 471/1/757 469/1/755
f 1289/1/756 1288/1/754 470/1/290 472/1/758
f 1289/1/756 1290/1/759 465/1/760 471/1/757
f 1290/1/759 1289/1/756 472/1/758 466/1/761
f 1290/1/759 1285/1/746 461/1/749 465/1/760
f 1285/1/746 1290/1/759 466/1/761 462/1/750
f 1291/1/762 1292/1/763 251/1/764 249/1/765
f 1292/1/763 1291/1/762 250/1/766 252/1/767
f 1292/1/763 1293/1/768 245/1/769 251/1/764
f 1293/1/768 1292/1/763 252/1/767 246/1/770
f 1293/1/768 1294/1/771 247/1/772 245/1/769
f 1294/1/771 1293/1/768 246/1/770 248/1/773
f 1294/1/771 1291/1/762 249/1/765 247/1/772
f 1291/1/762 1294/1/771 248/1/773 250/1/766
f 1295/1/774 1296/1/775 543/1/286 541/1/293
f 1296/1/775 1295/1/774 542/1/294 544/1/287
f 1296/1/775 1297/1/776 537/1/285 543/1/286
f 1297/1/776 1296/1/775 544/1/287 538/1/288
f 1297/1/776 1298/1/777 539/1/290 537/1/285
f 1298/1/777 1297/1/776 538/1/288 540/1/291
f 1298/1/777 1295/1/774 541/1/293 539/1/290
f 1295/1/774 1298/1/777 540/1/291 542/1/294
f 1299/1/778 1300/1/779 503/1/780 497/1/781
f 1300/1/779 1299/1/778 498/1/782 504/1/783
f 1300/1/779 1301/1/784 499/1/785 503/1/780
f 1301/1/784 1300/1/779 504/1/783 500/1/786
f 1301/1/784 1302/1/787 501/1/788 499/1/785
f 1302/1/787 1301/1/784 500/1/786 502/1/789
f 1302/1/787 1299/1/778 497/1/781 501/1/788
f 1299/1/778 1302/1/787 502/1/789 498/1/782
f 1303/1/790 91/1/242 83/1/239 1304/1/791
f 1304/1/791 84/1/241 92/1/244 1303/1/790
f 1304/1/791 83/1/239 93/1/792 1305/1/254
f 1305/1/254 94/1/793 84/1/241 1304/1/791
f 1305/1/254 93/1/792 97/1/268 1306/1/794
f 1306/1/794 98/1/270 94/1/793 1305/1/254
f 1306/1/794 97/1/268 95/1/265 1307/1/795
f 1307/1/795 96/1/267 98/1/270 1306/1/794
f 1307/1/795 95/1/265 87/1/245 1308/1/796
f 1308/1/796 88/1/247 96/1/267 1307/1/795
f 1308/1/796 87/1/245 91/1/242 1303/1/790
f 1303/1/790 92/1/244 88/1/247 1308/1/796
f 1309/1/63 221/1/62 227/1/66 1310/1/67
f 1310/1/67 228/1/68 222/1/64 1309/1/63
f 1310/1/67 227/1/66 223/1/69 1311/1/70
f 1311/1/70 224/1/71 228/1/68 1310/1/67
f 1311/1/70 223/1/69 225/1/61 1312/1/60
f 1312/1/60 226/1/65 224/1/71 1311/1/70
f 1312/1/60 225/1/61 221/1/62 1309/1/63
f 1309/1/63 222/1/64 226/1/65 1312/1/60
f 1313/1/224 961/1/797 963/1/798 1314/1/799
f 1314/1/799 964/1/800 962/1/229 1313/1/224
f 1314/1/799 963/1/798 959/1/801 1315/1/254
f 1315/1/254 960/1/793 964/1/800 1314/1/799
f 1315/1/254 959/1/801 967/1/508 1316/1/507
f 1316/1/507 968/1/506 960/1/793 1315/1/254
f 1316/1/507 967/1/508 965/1/802 1317/1/237
f 1317/1/237 966/1/504 968/1/506 1316/1/507
f 1317/1/237 965/1/802 973/1/233 1318/1/234
f 1318/1/234 974/1/235 966/1/504 1317/1/237
f 1318/1/234 973/1/233 969/1/803 1319/1/231
f 1319/1/231 970/1/804 974/1/235 1318/1/234
f 1319/1/231 969/1/803 971/1/226 1320/1/227
f 1320/1/227 972/1/228 970/1/804 1319/1/231
f 1320/1/227 971/1/226 961/1/797 1313/1/224
f 1313/1/224 962/1/229 972/1/228 1320/1/227
f 1321/1/805 1322/1/806 523/1/751 517/1/753
f 1322/1/806 1321/1/805 518/1/294 524/1/748
f 1322/1/806 1323/1/807 519/1/750 523/1/751
f 1323/1/807 1322/1/806 524/1/748 520/1/749
f 1323/1/807 1324/1/808 521/1/761 519/1/750
f 1324/1/808 1323/1/807 520/1/749 522/1/760
f 1324/1/808 1325/1/809 527/1/758 521/1/761
f 1325/1/809 1324/1/808 522/1/760 528/1/757
f 1325/1/809 1326/1/810 525/1/290 527/1/758
f 1326/1/810 1325/1/809 528/1/757 526/1/755
f 1326/1/810 1321/1/805 517/1/753 525/1/290
f 1321/1/805 1326/1/810 526/1/755 518/1/294
f 1327/1/811 1328/1/812 569/1/131 573/1/134
f 1328/1/812 1327/1/811 574/1/135 570/1/132
f 1328/1/812 1329/1/813 561/1/721 569/1/131
f 1329/1/813 1328/1/812 570/1/132 562/1/722
f 1329/1/813 1330/1/814 565/1/726 561/1/721
f 1330/1/814 1329/1/813 562/1/722 566/1/727
f 1330/1/814 1327/1/811 573/1/134 565/1/726
f 1327/1/811 1330/1/814 566/1/727 574/1/135
f 1331/1/815 1332/1/816 509/1/817 507/1/818
f 1332/1/816 1331/1/815 508/1/819 510/1/294
f 1332/1/816 1333/1/820 511/1/821 509/1/817
f 1333/1/820 1332/1/816 510/1/294 512/1/822
f 1333/1/820 1334/1/823 505/1/824 511/1/821
f 1334/1/823 1333/1/820 512/1/822 506/1/825
f 1334/1/823 1335/1/826 513/1/827 505/1/824
f 1335/1/826 1334/1/823 506/1/825 514/1/828
f 1335/1/826 1336/1/829 515/1/830 513/1/827
f 1336/1/829 1335/1/826 514/1/828 516/1/831
f 1336/1/829 1331/1/815 507/1/818 515/1/830
f 1331/1/815 1336/1/829 516/1/831 508/1/819
f 1337/1/832 1338/1/833 559/1/834 557/1/286
f 1338/1/833 1337/1/832 558/1/287 560/1/835
f 1338/1/833 1339/1/289 553/1/836 559/1/834
f 1339/1/289 1338/1/833 560/1/835 554/1/837
f 1339/1/289 1340/1/838 555/1/839 553/1/836
f 1340/1/838 1339/1/289 554/1/837 556/1/840
f 1340/1/838 1337/1/832 557/1/286 555/1/839
f 1337/1/832 1340/1/838 556/1/840 558/1/287
f 1341/1/841 1342/1/842 587/1/731 591/1/730
f 1342/1/842 1341/1/841 592/1/733 588/1/732
f 1342/1/842 1343/1/843 579/1/171 587/1/731
f 1343/1/843 1342/1/842 588/1/732 580/1/740
f 1343/1/843 1344/1/844 583/1/738 579/1/171
f 1344/1/844 1343/1/843 580/1/740 584/1/739
f 1344/1/844 1341/1/841 591/1/730 583/1/738
f 1341/1/841 1344/1/844 584/1/739 592/1/733
f 1345/1/845 1346/1/846 117/1/847 115/1/848
f 1346/1/846 1345/1/845 116/1/849 118/1/850
f 1346/1/846 1347/1/851 113/1/337 117/1/847
f 1347/1/851 1346/1/846 118/1/850 114/1/338
f 1347/1/851 1348/1/852 111/1/334 113/1/337
f 1348/1/852 1347/1/851 114/1/338 112/1/335
f 1348/1/852 1345/1/845 115/1/848 111/1/334
f 1345/1/845 1348/1/852 112/1/335 116/1/849
f 1349/1/853 1350/1/854 301/1/287 303/1/855
f 1350/1/854 1349/1/853 304/1/856 302/1/857
f 1350/1/854 1351/1/858 297/1/859 301/1/287
f 1351/1/858 1350/1/854 302/1/857 298/1/293
f 1351/1/858 1352/1/860 299/1/861 297/1/859
f 1352/1/860 1351/1/858 298/1/293 300/1/862
f 1352/1/860 1349/1/853 303/1/855 299/1/861
f 1349/1/853 1352/1/860 300/1/862 304/1/856
f 1353/1/863 1354/1/864 267/1/524 265/1/526
f 1354/1/864 1353/1/863 266/1/527 268/1/150
f 1354/1/864 1355/1/865 255/1/866 267/1/524
f 1355/1/865 1354/1/864 268/1/150 256/1/175
f 1355/1/865 1356/1/867 263/1/868 255/1/866
f 1356/1/867 1355/1/865 256/1/175 264/1/869
f 1356/1/867 1353/1/863 265/1/526 263/1/868
f 1353/1/863 1356/1/867 264/1/869 266/1/527
f 1357/1/870 1358/1/871 63/1/345 55/1/107
f 1358/1/871 1357/1/870 56/1/108 64/1/346
f 1358/1/871 1359/1/872 59/1/139 63/1/345
f 1359/1/872 1358/1/871 64/1/346 60/1/140
f 1359/1/872 1360/1/873 51/1/146 59/1/139
f 1360/1/873 1359/1/872 60/1/140 52/1/147
f 1360/1/873 1361/1/874 47/1/515 51/1/146
f 1361/1/874 1360/1/873 52/1/147 48/1/516
f 1361/1/874 1362/1/875 39/1/876 47/1/515
f 1362/1/875 1361/1/874 48/1/516 40/1/877
f 1362/1/875 1363/1/878 33/1/879 39/1/876
f 1363/1/878 1362/1/875 40/1/877 34/1/880
f 1363/1/878 1364/1/881 43/1/110 33/1/879
f 1364/1/881 1363/1/878 34/1/880 44/1/111
f 1364/1/881 1357/1/870 55/1/107 43/1/110
f 1357/1/870 1364/1/881 44/1/111 56/1/108
f 1365/1/882 1366/1/883 61/1/348 57/1/102
f 1366/1/883 1365/1/882 58/1/105 62/1/349
f 1366/1/883 1367/1/884 63/1/345 61/1/348
f 1367/1/884 1366/1/883 62/1/349 64/1/346
f 1367/1/884 1368/1/885 55/1/107 63/1/345
f 1368/1/885 1367/1/884 64/1/346 56/1/108
f 1368/1/885 1365/1/882 57/1/102 55/1/107
f 1365/1/882 1368/1/885 56/1/108 58/1/105
f 1369/1/886 1370/1/887 609/1/565 605/1/568
f 1370/1/887 1369/1/886 606/1/569 610/1/566
f 1370/1/887 1371/1/888 601/1/170 609/1/565
f 1371/1/888 1370/1/887 610/1/566 602/1/173
f 1371/1/888 1372/1/889 597/1/171 601/1/170
f 1372/1/889 1371/1/888 602/1/173 598/1/172
f 1372/1/889 1369/1/886 605/1/568 597/1/171
f 1369/1/886 1372/1/889 598/1/172 606/1/569
f 1373/1/890 1374/1/891 39/1/876 33/1/879
f 1374/1/891 1373/1/890 34/1/880 40/1/877
f 1374/1/891 1375/1/892 35/1/893 39/1/876
f 1375/1/892 1374/1/891 40/1/877 36/1/894
f 1375/1/892 1376/1/895 37/1/896 35/1/893
f 1376/1/895 1375/1/892 36/1/894 38/1/897
f 1376/1/895 1373/1/890 33/1/879 37/1/896
f 1373/1/890 1376/1/895 38/1/897 34/1/880
f 1377/1/898 1378/1/899 623/1/900 621/1/726
f 1378/1/899 1377/1/898 622/1/901 624/1/902
f 1378/1/899 1379/1/719 617/1/560 623/1/900
f 1379/1/719 1378/1/899 624/1/902 618/1/563
f 1379/1/719 1380/1/903 613/1/561 617/1/560
f 1380/1/903 1379/1/719 618/1/563 614/1/562
f 1380/1/903 1377/1/898 621/1/726 613/1/561
f 1377/1/898 1380/1/903 614/1/562 622/1/901
f 1381/1/904 1382/1/905 635/1/906 631/1/819
f 1382/1/905 1381/1/904 632/1/290 636/1/907
f 1382/1/905 1383/1/908 633/1/828 635/1/906
f 1383/1/908 1382/1/905 636/1/907 634/1/909
f 1383/1/908 1384/1/910 627/1/825 633/1/828
f 1384/1/910 1383/1/908 634/1/909 628/1/824
f 1384/1/910 1385/1/911 629/1/912 627/1/825
f 1385/1/911 1384/1/910 628/1/824 630/1/913
f 1385/1/911 1386/1/914 625/1/294 629/1/912
f 1386/1/914 1385/1/911 630/1/913 626/1/915
f 1386/1/914 1381/1/904 631/1/819 625/1/294
f 1381/1/904 1386/1/914 626/1/915 632/1/290
f 1387/1/63 337/1/916 343/1/66 1388/1/67
f 1388/1/67 344/1/917 338/1/918 1387/1/63
f 1388/1/67 343/1/66 339/1/69 1389/1/70
f 1389/1/70 340/1/919 344/1/917 1388/1/67
f 1389/1/70 339/1/69 341/1/61 1390/1/60
f 1390/1/60 342/1/920 340/1/919 1389/1/70
f 1390/1/60 341/1/61 337/1/916 1387/1/63
f 1387/1/63 338/1/918 342/1/920 1390/1/60
f 1391/1/620 1392/1/621 141/1/622 139/1/623
f 1392/1/621 1391/1/620 140/1/624 142/1/625
f 1392/1/621 1393/1/626 135/1/627 141/1/622
f 1393/1/626 1392/1/621 142/1/625 136/1/628
f 1393/1/626 1394/1/629 137/1/630 135/1/627
f 1394/1/629 1393/1/626 136/1/628 138/1/631
f 1394/1/629 1391/1/620 139/1/623 137/1/630
f 1391/1/620 1394/1/629 138/1/631 140/1/624
f 1395/1/921 1396/1/756 647/1/757 645/1/755
f 1396/1/756 1395/1/921 646/1/290 648/1/758
f 1396/1/756 1397/1/759 641/1/760 647/1/757
f 1397/1/759 1396/1/756 648/1/758 642/1/761
f 1397/1/759 1398/1/922 637/1/749 641/1/760
f 1398/1/922 1397/1/759 642/1/761 638/1/750
f 1398/1/922 1399/1/747 643/1/748 637/1/749
f 1399/1/747 1398/1/922 638/1/750 644/1/751
f 1399/1/747 1400/1/752 639/1/294 643/1/748
f 1400/1/752 1399/1/747 644/1/751 640/1/753
f 1400/1/752 1395/1/921 645/1/755 639/1/294
f 1395/1/921 1400/1/752 640/1/753 646/1/290
f 1401/1/923 1402/1/924 173/1/925 171/1/926
f 1402/1/924 1401/1/923 172/1/927 174/1/928
f 1402/1/924 1403/1/929 167/1/930 173/1/925
f 1403/1/929 1402/1/924 174/1/928 168/1/931
f 1403/1/929 1404/1/932 169/1/933 167/1/930
f 1404/1/932 1403/1/929 168/1/931 170/1/934
f 1404/1/932 1401/1/923 171/1/926 169/1/933
f 1401/1/923 1404/1/932 170/1/934 172/1/927
f 1405/1/67 333/1/66 335/1/69 1406/1/70
f 1406/1/70 336/1/935 334/1/936 1405/1/67
f 1406/1/70 335/1/69 329/1/61 1407/1/60
f 1407/1/60 330/1/65 336/1/935 1406/1/70
f 1407/1/60 329/1/61 331/1/62 1408/1/63
f 1408/1/63 332/1/64 330/1/65 1407/1/60
f 1408/1/63 331/1/62 333/1/66 1405/1/67
f 1405/1/67 334/1/936 332/1/64 1408/1/63
f 1409/1/937 361/1/938 367/1/939 1410/1/940
f 1410/1/940 368/1/941 362/1/942 1409/1/937
f 1410/1/940 367/1/939 365/1/943 1411/1/944
f 1411/1/944 366/1/945 368/1/941 1410/1/940
f 1411/1/944 365/1/943 363/1/946 1412/1/947
f 1412/1/947 364/1/948 366/1/945 1411/1/944
f 1412/1/947 363/1/946 361/1/938 1409/1/937
f 1409/1/937 362/1/942 364/1/948 1412/1/947
f 1413/1/805 1414/1/806 675/1/751 669/1/753
f 1414/1/806 1413/1/805 670/1/294 676/1/748
f 1414/1/806 1415/1/807 671/1/750 675/1/751
f 1415/1/807 1414/1/806 676/1/748 672/1/749
f 1415/1/807 1416/1/808 673/1/761 671/1/750
f 1416/1/808 1415/1/807 672/1/749 674/1/760
f 1416/1/808 1417/1/809 679/1/758 673/1/761
f 1417/1/809 1416/1/808 674/1/760 680/1/757
f 1417/1/809 1418/1/810 677/1/290 679/1/758
f 1418/1/810 1417/1/809 680/1/757 678/1/755
f 1418/1/810 1413/1/805 669/1/753 677/1/290
f 1413/1/805 1418/1/810 678/1/755 670/1/294
f 1419/1/949 1420/1/950 695/1/951 693/1/952
f 1420/1/950 1419/1/949 694/1/953 696/1/954
f 1420/1/950 1421/1/955 689/1/956 695/1/951
f 1421/1/955 1420/1/950 696/1/954 690/1/957
f 1421/1/955 1422/1/958 691/1/959 689/1/956
f 1422/1/958 1421/1/955 690/1/957 692/1/960
f 1422/1/958 1419/1/949 693/1/952 691/1/959
f 1419/1/949 1422/1/958 692/1/960 694/1/953
f 1423/1/227 13/1/228 5/1/961 1424/1/231
f 1424/1/231 6/1/962 14/1/226 1423/1/227
f 1424/1/231 5/1/961 1/1/501 1425/1/963
f 1425/1/963 2/1/503 6/1/962 1424/1/231
f 1425/1/963 1/1/501 11/1/498 1426/1/964
f 1426/1/964 12/1/500 2/1/503 1425/1/963
f 1426/1/964 11/1/498 7/1/800 1427/1/799
f 1427/1/799 8/1/798 12/1/500 1426/1/964
f 1427/1/799 7/1/800 3/1/793 1428/1/254
f 1428/1/254 4/1/801 8/1/798 1427/1/799
f 1428/1/254 3/1/793 9/1/506 1429/1/507
f 1429/1/507 10/1/508 4/1/801 1428/1/254
f 1429/1/507 9/1/506 21/1/504 1430/1/237
f 1430/1/237 22/1/236 10/1/508 1429/1/507
f 1430/1/237 21/1/504 29/1/235 1431/1/234
f 1431/1/234 30/1/233 22/1/236 1430/1/237
f 1431/1/234 29/1/235 31/1/232 1432/1/231
f 1432/1/231 32/1/803 30/1/233 1431/1/234
f 1432/1/231 31/1/232 19/1/494 1433/1/965
f 1433/1/965 20/1/496 32/1/803 1432/1/231
f 1433/1/965 19/1/494 27/1/493 1434/1/966
f 1434/1/966 28/1/497 20/1/496 1433/1/965
f 1434/1/966 27/1/493 25/1/800 1435/1/799
f 1435/1/799 26/1/798 28/1/497 1434/1/966
f 1435/1/799 25/1/800 17/1/967 1436/1/224
f 1436/1/224 18/1/968 26/1/798 1435/1/799
f 1436/1/224 17/1/967 13/1/228 1423/1/227
f 1423/1/227 14/1/226 18/1/968 1436/1/224
f 1437/1/969 1438/1/970 327/1/856 321/1/857
f 1438/1/970 1437/1/969 322/1/287 328/1/855
f 1438/1/970 1439/1/971 323/1/862 327/1/856
f 1439/1/971 1438/1/970 328/1/855 324/1/861
f 1439/1/971 1440/1/972 325/1/293 323/1/862
f 1440/1/972 1439/1/971 324/1/861 326/1/859
f 1440/1/972 1437/1/969 321/1/857 325/1/293
f 1437/1/969 1440/1/972 326/1/859 322/1/287
f 1441/1/815 1442/1/816 661/1/915 659/1/290
f 1442/1/816 1441/1/815 660/1/819 662/1/294
f 1442/1/816 1443/1/820 663/1/913 661/1/915
f 1443/1/820 1442/1/816 662/1/294 664/1/912
f 1443/1/820 1444/1/823 657/1/824 663/1/913
f 1444/1/823 1443/1/820 664/1/912 658/1/825
f 1444/1/823 1445/1/826 665/1/909 657/1/824
f 1445/1/826 1444/1/823 658/1/825 666/1/828
f 1445/1/826 1446/1/829 667/1/907 665/1/909
f 1446/1/829 1445/1/826 666/1/828 668/1/906
f 1446/1/829 1441/1/815 659/1/290 667/1/907
f 1441/1/815 1446/1/829 668/1/906 660/1/819
f 1447/1/973 361/1/938 363/1/946 1448/1/974
f 1448/1/974 364/1/948 362/1/942 1447/1/973
f 1448/1/974 363/1/946 357/1/975 1449/1/976
f 1449/1/976 358/1/977 364/1/948 1448/1/974
f 1449/1/976 357/1/975 359/1/978 1450/1/979
f 1450/1/979 360/1/980 358/1/977 1449/1/976
f 1450/1/979 359/1/978 361/1/938 1447/1/973
f 1447/1/973 362/1/942 360/1/980 1450/1/979
f 1451/1/981 1452/1/982 783/1/983 777/1/984
f 1452/1/982 1451/1/981 778/1/985 784/1/986
f 1452/1/982 1453/1/987 779/1/988 783/1/983
f 1453/1/987 1452/1/982 784/1/986 780/1/989
f 1453/1/987 1454/1/990 781/1/991 779/1/988
f 1454/1/990 1453/1/987 780/1/989 782/1/992
f 1454/1/990 1451/1/981 777/1/984 781/1/991
f 1451/1/981 1454/1/990 782/1/992 778/1/985
f 1455/1/993 1456/1/994 761/1/412 757/1/415
f 1456/1/994 1455/1/993 758/1/416 762/1/413
f 1456/1/994 1457/1/995 745/1/388 761/1/412
f 1457/1/995 1456/1/994 762/1/413 746/1/389
f 1457/1/995 1458/1/996 753/1/383 745/1/388
f 1458/1/996 1457/1/995 746/1/389 754/1/386
f 1458/1/996 1455/1/993 757/1/415 753/1/383
f 1455/1/993 1458/1/996 754/1/386 758/1/416
f 1459/1/997 725/1/998 727/1/999 1460/1/1000
f 1460/1/1000 728/1/1001 726/1/1002 1459/1/997
f 1460/1/1000 727/1/999 721/1/1003 1461/1/1004
f 1461/1/1004 722/1/1005 728/1/1001 1460/1/1000
f 1461/1/1004 721/1/1003 717/1/41 1462/1/1006
f 1462/1/1006 718/1/45 722/1/1005 1461/1/1004
f 1462/1/1006 717/1/41 715/1/49 1463/1/1007
f 1463/1/1007 716/1/51 718/1/45 1462/1/1006
f 1463/1/1007 715/1/49 723/1/1008 1464/1/1009
f 1464/1/1009 724/1/1010 716/1/51 1463/1/1007
f 1464/1/1009 723/1/1008 725/1/998 1459/1/997
f 1459/1/997 726/1/1002 724/1/1010 1464/1/1009
f 1465/1/1011 731/1/399 713/1/46 1466/1/1012
f 1466/1/1012 714/1/48 732/1/401 1465/1/1011
f 1466/1/1012 713/1/46 719/1/42 1467/1/1013
f 1467/1/1013 720/1/44 714/1/48 1466/1/1012
f 1467/1/1013 719/1/42 729/1/402 1468/1/1014
f 1468/1/1014 730/1/404 720/1/44 1467/1/1013
f 1468/1/1014 729/1/402 731/1/399 1465/1/1011
f 1465/1/1011 732/1/401 730/1/404 1468/1/1014
f 1469/1/1015 349/1/1016 351/1/614 1470/1/1017
f 1470/1/1017 352/1/616 350/1/1018 1469/1/1015
f 1470/1/1017 351/1/614 345/1/610 1471/1/1019
f 1471/1/1019 346/1/612 352/1/616 1470/1/1017
f 1471/1/1019 345/1/610 347/1/1020 1472/1/1021
f 1472/1/1021 348/1/1022 346/1/612 1471/1/1019
f 1472/1/1021 347/1/1020 349/1/1016 1469/1/1015
f 1469/1/1015 350/1/1018 348/1/1022 1472/1/1021
f 1473/1/1023 353/1/617 359/1/978 1474/1/1024
f 1474/1/1024 360/1/980 354/1/619 1473/1/1023
f 1474/1/1024 359/1/978 357/1/975 1475/1/1025
f 1475/1/1025 358/1/977 360/1/980 1474/1/1024
f 1475/1/1025 357/1/975 355/1/609 1476/1/1026
f 1476/1/1026 356/1/613 358/1/977 1475/1/1025
f 1476/1/1026 355/1/609 353/1/617 1473/1/1023
f 1473/1/1023 354/1/619 356/1/613 1476/1/1026
f 1477/1/1027 1478/1/1028 621/1/726 623/1/900
f 1478/1/1028 1477/1/1027 624/1/902 622/1/901
f 1478/1/1028 1479/1/1029 619/1/530 621/1/726
f 1479/1/1029 1478/1/1028 622/1/901 620/1/533
f 1479/1/1029 1480/1/1030 615/1/531 619/1/530
f 1480/1/1030 1479/1/1029 620/1/533 616/1/532
f 1480/1/1030 1477/1/1027 623/1/900 615/1/531
f 1477/1/1027 1480/1/1030 616/1/532 624/1/902
f 1481/1/1023 377/1/617 383/1/978 1482/1/1024
f 1482/1/1024 384/1/980 378/1/619 1481/1/1023
f 1482/1/1024 383/1/978 381/1/975 1483/1/1025
f 1483/1/1025 382/1/977 384/1/980 1482/1/1024
f 1483/1/1025 381/1/975 379/1/609 1484/1/1026
f 1484/1/1026 380/1/613 382/1/977 1483/1/1025
f 1484/1/1026 379/1/609 377/1/617 1481/1/1023
f 1481/1/1023 378/1/619 380/1/613 1484/1/1026
f 1485/1/973 385/1/938 387/1/946 1486/1/974
f 1486/1/974 388/1/948 386/1/942 1485/1/973
f 1486/1/974 387/1/946 381/1/975 1487/1/976
f 1487/1/976 382/1/977 388/1/948 1486/1/974
f 1487/1/976 381/1/975 383/1/978 1488/1/979
f 1488/1/979 384/1/980 382/1/977 1487/1/976
f 1488/1/979 383/1/978 385/1/938 1485/1/973
f 1485/1/973 386/1/942 384/1/980 1488/1/979
f 1489/1/1031 1490/1/1032 815/1/1033 813/1/1034
f 1490/1/1032 1489/1/1031 814/1/1035 816/1/1036
f 1490/1/1032 1491/1/1037 809/1/1038 815/1/1033
f 1491/1/1037 1490/1/1032 816/1/1036 810/1/1039
f 1491/1/1037 1492/1/1040 811/1/1041 809/1/1038
f 1492/1/1040 1491/1/1037 810/1/1039 812/1/1042
f 1492/1/1040 1489/1/1031 813/1/1034 811/1/1041
f 1489/1/1031 1492/1/1040 812/1/1042 814/1/1035
f 1493/1/1043 1494/1/1044 771/1/182 775/1/1045
f 1494/1/1044 1493/1/1043 776/1/1046 772/1/185
f 1494/1/1044 1495/1/1047 769/1/183 771/1/182
f 1495/1/1047 1494/1/1044 772/1/185 770/1/184
f 1495/1/1047 1496/1/1048 773/1/1049 769/1/183
f 1496/1/1048 1495/1/1047 770/1/184 774/1/1050
f 1496/1/1048 1493/1/1043 775/1/1045 773/1/1049
f 1493/1/1043 1496/1/1048 774/1/1050 776/1/1046
f 1497/1/1015 373/1/1016 375/1/614 1498/1/1017
f 1498/1/1017 376/1/616 374/1/1018 1497/1/1015
f 1498/1/1017 375/1/614 369/1/610 1499/1/1019
f 1499/1/1019 370/1/612 376/1/616 1498/1/1017
f 1499/1/1019 369/1/610 371/1/1020 1500/1/1021
f 1500/1/1021 372/1/1022 370/1/612 1499/1/1019
f 1500/1/1021 371/1/1020 373/1/1016 1497/1/1015
f 1497/1/1015 374/1/1018 372/1/1022 1500/1/1021
f 1501/1/1051 1502/1/1052 47/1/515 39/1/876
f 1502/1/1052 1501/1/1051 40/1/877 48/1/516
f 1502/1/1052 1503/1/1053 41/1/512 47/1/515
f 1503/1/1053 1502/1/1052 48/1/516 42/1/513
f 1503/1/1053 1504/1/1054 35/1/893 41/1/512
f 1504/1/1054 1503/1/1053 42/1/513 36/1/894
f 1504/1/1054 1501/1/1051 39/1/876 35/1/893
f 1501/1/1051 1504/1/1054 36/1/894 40/1/877
f 1505/1/1055 1506/1/1056 755/1/122 751/1/115
f 1506/1/1056 1505/1/1055 752/1/116 756/1/123
f 1506/1/1056 1507/1/1057 749/1/384 755/1/122
f 1507/1/1057 1506/1/1056 756/1/123 750/1/385
f 1507/1/1057 1508/1/1058 747/1/391 749/1/384
f 1508/1/1058 1507/1/1057 750/1/385 748/1/392
f 1508/1/1058 1505/1/1055 751/1/115 747/1/391
f 1505/1/1055 1508/1/1058 748/1/392 752/1/116
f 1509/1/1059 1510/1/577 209/1/9 211/1/576
f 1510/1/577 1509/1/1059 212/1/11 210/1/444
f 1510/1/577 1511/1/1060 205/1/573 209/1/9
f 1511/1/1060 1510/1/577 210/1/444 206/1/3
f 1511/1/1060 1512/1/571 207/1/5 205/1/573
f 1512/1/571 1511/1/1060 206/1/3 208/1/1061
f 1512/1/571 1509/1/1059 211/1/576 207/1/5
f 1509/1/1059 1512/1/571 208/1/1061 212/1/11
f 1513/1/937 385/1/938 391/1/939 1514/1/940
f 1514/1/940 392/1/941 386/1/942 1513/1/937
f 1514/1/940 391/1/939 389/1/943 1515/1/944
f 1515/1/944 390/1/945 392/1/941 1514/1/940
f 1515/1/944 389/1/943 387/1/946 1516/1/947
f 1516/1/947 388/1/948 390/1/945 1515/1/944
f 1516/1/947 387/1/946 385/1/938 1513/1/937
f 1513/1/937 386/1/942 388/1/948 1516/1/947
f 1517/1/271 1518/1/272 799/1/273 793/1/274
f 1518/1/272 1517/1/271 794/1/275 800/1/276
f 1518/1/272 1519/1/277 795/1/278 799/1/273
f 1519/1/277 1518/1/272 800/1/276 796/1/279
f 1519/1/277 1520/1/280 797/1/281 795/1/278
f 1520/1/280 1519/1/277 796/1/279 798/1/282
f 1520/1/280 1517/1/271 793/1/274 797/1/281
f 1517/1/271 1520/1/280 798/1/282 794/1/275
f 1521/1/1062 1522/1/1063 827/1/654 823/1/657
f 1522/1/1063 1521/1/1062 824/1/658 828/1/655
f 1522/1/1063 1523/1/1064 819/1/606 827/1/654
f 1523/1/1064 1522/1/1063 828/1/655 820/1/607
f 1523/1/1064 1524/1/1065 817/1/603 819/1/606
f 1524/1/1065 1523/1/1064 820/1/607 818/1/604
f 1524/1/1065 1521/1/1062 823/1/657 817/1/603
f 1521/1/1062 1524/1/1065 818/1/604 824/1/658
f 1525/1/1066 1526/1/1067 843/1/432 839/1/435
f 1526/1/1067 1525/1/1066 840/1/436 844/1/433
f 1526/1/1067 1527/1/1068 835/1/649 843/1/432
f 1527/1/1068 1526/1/1067 844/1/433 836/1/652
f 1527/1/1068 1528/1/1069 831/1/650 835/1/649
f 1528/1/1069 1527/1/1068 836/1/652 832/1/651
f 1528/1/1069 1525/1/1066 839/1/435 831/1/650
f 1525/1/1066 1528/1/1069 832/1/651 840/1/436
f 1529/1/1070 1530/1/1071 863/1/1072 857/1/1073
f 1530/1/1071 1529/1/1070 858/1/1074 864/1/1075
f 1530/1/1071 1531/1/1076 859/1/1077 863/1/1072
f 1531/1/1076 1530/1/1071 864/1/1075 860/1/1078
f 1531/1/1076 1532/1/1079 861/1/1080 859/1/1077
f 1532/1/1079 1531/1/1076 860/1/1078 862/1/1081
f 1532/1/1079 1529/1/1070 857/1/1073 861/1/1080
f 1529/1/1070 1532/1/1079 862/1/1081 858/1/1074
f 1533/1/1082 1534/1/1083 847/1/428 845/1/427
f 1534/1/1083 1533/1/1082 846/1/430 848/1/429
f 1534/1/1083 1535/1/1084 841/1/419 847/1/428
f 1535/1/1084 1534/1/1083 848/1/429 842/1/422
f 1535/1/1084 1536/1/1085 837/1/420 841/1/419
f 1536/1/1085 1535/1/1084 842/1/422 838/1/421
f 1536/1/1085 1533/1/1082 845/1/427 837/1/420
f 1533/1/1082 1536/1/1085 838/1/421 846/1/430
f 1537/1/1086 1538/1/1087 433/1/693 427/1/662
f 1538/1/1087 1537/1/1086 428/1/663 434/1/694
f 1538/1/1087 1539/1/1088 421/1/690 433/1/693
f 1539/1/1088 1538/1/1087 434/1/694 422/1/691
f 1539/1/1088 1540/1/1089 411/1/675 421/1/690
f 1540/1/1089 1539/1/1088 422/1/691 412/1/676
f 1540/1/1089 1541/1/1090 415/1/672 411/1/675
f 1541/1/1090 1540/1/1089 412/1/676 416/1/673
f 1541/1/1090 1542/1/1091 417/1/1092 415/1/672
f 1542/1/1091 1541/1/1090 416/1/673 418/1/1093
f 1542/1/1091 1543/1/1094 431/1/1095 417/1/1092
f 1543/1/1094 1542/1/1091 418/1/1093 432/1/1096
f 1543/1/1094 1544/1/1097 429/1/661 431/1/1095
f 1544/1/1097 1543/1/1094 432/1/1096 430/1/664
f 1544/1/1097 1537/1/1086 427/1/662 429/1/661
f 1537/1/1086 1544/1/1097 430/1/664 428/1/663
f 1545/1/1098 921/1/1099 915/1/1100 1546/1/1101
f 1546/1/1101 916/1/1102 922/1/1103 1545/1/1098
f 1546/1/1101 915/1/1100 917/1/1104 1547/1/237
f 1547/1/237 918/1/1105 916/1/1102 1546/1/1101
f 1547/1/237 917/1/1104 913/1/1106 1548/1/254
f 1548/1/254 914/1/1107 918/1/1105 1547/1/237
f 1548/1/254 913/1/1106 919/1/999 1549/1/1000
f 1549/1/1000 920/1/1001 914/1/1107 1548/1/254
f 1549/1/1000 919/1/999 921/1/1099 1545/1/1098
f 1545/1/1098 922/1/1103 920/1/1001 1549/1/1000
f 1550/1/254 903/1/1108 911/1/1105 1551/1/237
f 1551/1/237 912/1/1109 904/1/1106 1550/1/254
f 1551/1/237 911/1/1105 905/1/1102 1552/1/1101
f 1552/1/1101 906/1/1110 912/1/1109 1551/1/237
f 1552/1/1101 905/1/1102 909/1/1111 1553/1/1098
f 1553/1/1098 910/1/1112 906/1/1110 1552/1/1101
f 1553/1/1098 909/1/1111 907/1/1001 1554/1/1000
f 1554/1/1000 908/1/999 910/1/1112 1553/1/1098
f 1554/1/1000 907/1/1001 903/1/1108 1550/1/254
f 1550/1/254 904/1/1106 908/1/999 1554/1/1000
f 1555/1/1113 1556/1/1114 45/1/103 37/1/896
f 1556/1/1114 1555/1/1113 38/1/897 46/1/104
f 1556/1/1114 1557/1/1115 43/1/110 45/1/103
f 1557/1/1115 1556/1/1114 46/1/104 44/1/111
f 1557/1/1115 1558/1/1116 33/1/879 43/1/110
f 1558/1/1116 1557/1/1115 44/1/111 34/1/880
f 1558/1/1116 1555/1/1113 37/1/896 33/1/879
f 1555/1/1113 1558/1/1116 34/1/880 38/1/897
f 1559/1/249 933/1/250 945/1/1117 1560/1/1118
f 1560/1/1118 946/1/1119 934/1/248 1559/1/249
f 1560/1/1118 945/1/1117 941/1/1120 1561/1/1121
f 1561/1/1121 942/1/1122 946/1/1119 1560/1/1118
f 1561/1/1121 941/1/1120 937/1/238 1562/1/237
f 1562/1/237 938/1/236 942/1/1122 1561/1/1121
f 1562/1/237 937/1/238 935/1/235 1563/1/234
f 1563/1/234 936/1/233 938/1/236 1562/1/237
f 1563/1/234 935/1/235 939/1/232 1564/1/231
f 1564/1/231 940/1/803 936/1/233 1563/1/234
f 1564/1/231 939/1/232 943/1/1123 1565/1/1124
f 1565/1/1124 944/1/1125 940/1/803 1564/1/231
f 1565/1/1124 943/1/1123 931/1/1126 1566/1/1127
f 1566/1/1127 932/1/1128 944/1/1125 1565/1/1124
f 1566/1/1127 931/1/1126 923/1/258 1567/1/257
f 1567/1/257 924/1/256 932/1/1128 1566/1/1127
f 1567/1/257 923/1/258 925/1/255 1568/1/254
f 1568/1/254 926/1/253 924/1/256 1567/1/257
f 1568/1/254 925/1/255 927/1/252 1569/1/224
f 1569/1/224 928/1/251 926/1/253 1568/1/254
f 1569/1/224 927/1/252 929/1/250 1570/1/249
f 1570/1/249 930/1/248 928/1/251 1569/1/224
f 1570/1/249 929/1/250 933/1/250 1559/1/249
f 1559/1/249 934/1/248 930/1/248 1570/1/249
f 1571/1/1129 1572/1/1130 451/1/825 457/1/1131
f 1572/1/1130 1571/1/1129 458/1/909 452/1/1132
f 1572/1/1130 1573/1/1133 453/1/1134 451/1/825
f 1573/1/1133 1572/1/1130 452/1/1132 454/1/821
f 1573/1/1133 1574/1/914 449/1/294 453/1/1134
f 1574/1/914 1573/1/1133 454/1/821 450/1/915
f 1574/1/914 1575/1/1135 455/1/819 449/1/294
f 1575/1/1135 1574/1/914 450/1/915 456/1/290
f 1575/1/1135 1576/1/1136 459/1/1137 455/1/819
f 1576/1/1136 1575/1/1135 456/1/290 460/1/830
f 1576/1/1136 1571/1/1129 457/1/1131 459/1/1137
f 1571/1/1129 1576/1/1136 460/1/830 458/1/909
f 1577/1/1138 1578/1/1139 655/1/1140 653/1/1141
f 1578/1/1139 1577/1/1138 654/1/1142 656/1/1143
f 1578/1/1139 1579/1/1144 649/1/1145 655/1/1140
f 1579/1/1144 1578/1/1139 656/1/1143 650/1/1146
f 1579/1/1144 1580/1/1147 651/1/1148 649/1/1145
f 1580/1/1147 1579/1/1144 650/1/1146 652/1/1149
f 1580/1/1147 1577/1/1138 653/1/1141 651/1/1148
f 1577/1/1138 1580/1/1147 652/1/1149 654/1/1142
f 1581/1/1150 1582/1/1151 263/1/868 253/1/549
f 1582/1/1151 1581/1/1150 254/1/550 264/1/869
f 1582/1/1151 1583/1/1152 255/1/866 263/1/868
f 1583/1/1152 1582/1/1151 264/1/869 256/1/175
f 1583/1/1152 1584/1/1153 257/1/542 255/1/866
f 1584/1/1153 1583/1/1152 256/1/175 258/1/543
f 1584/1/1153 1581/1/1150 253/1/549 257/1/542
f 1581/1/1150 1584/1/1153 258/1/543 254/1/550
f 1585/1/260 947/1/261 931/1/1126 1586/1/1154
f 1586/1/1154 932/1/1128 948/1/259 1585/1/260
f 1586/1/1154 931/1/1126 943/1/1123 1587/1/1155
f 1587/1/1155 944/1/1125 932/1/1128 1586/1/1154
f 1587/1/1155 943/1/1123 957/1/967 1588/1/224
f 1588/1/224 958/1/968 944/1/1125 1587/1/1155
f 1588/1/224 957/1/967 953/1/800 1589/1/799
f 1589/1/799 954/1/798 958/1/968 1588/1/224
f 1589/1/799 953/1/800 949/1/793 1590/1/254
f 1590/1/254 950/1/792 954/1/798 1589/1/799
f 1590/1/254 949/1/793 941/1/1120 1591/1/1156
f 1591/1/1156 942/1/1122 950/1/792 1590/1/254
f 1591/1/1156 941/1/1120 945/1/1117 1592/1/1157
f 1592/1/1157 946/1/1119 942/1/1122 1591/1/1156
f 1592/1/1157 945/1/1117 951/1/1158 1593/1/1159
f 1593/1/1159 952/1/1160 946/1/1119 1592/1/1157
f 1593/1/1159 951/1/1158 955/1/1161 1594/1/263
f 1594/1/263 956/1/262 952/1/1160 1593/1/1159
f 1594/1/263 955/1/1161 947/1/261 1585/1/260
f 1585/1/260 948/1/259 956/1/262 1594/1/263
f 1595/1/1162 1596/1/1163 575/1/744 567/1/720
f 1596/1/1163 1595/1/1162 568/1/563 576/1/745
f 1596/1/1163 1597/1/1164 571/1/568 575/1/744
f 1597/1/1164 1596/1/1163 576/1/745 572/1/742
f 1597/1/1164 1598/1/1165 563/1/561 571/1/568
f 1598/1/1165 1597/1/1164 572/1/742 564/1/724
f 1598/1/1165 1595/1/1162 567/1/720 563/1/561
f 1595/1/1162 1598/1/1165 564/1/724 568/1/563
f 1599/1/1166 1600/1/1167 743/1/1168 737/1/1169
f 1600/1/1167 1599/1/1166 738/1/1170 744/1/1171
f 1600/1/1167 1601/1/1172 739/1/1173 743/1/1168
f 1601/1/1172 1600/1/1167 744/1/1171 740/1/1174
f 1601/1/1172 1602/1/1175 741/1/1176 739/1/1173
f 1602/1/1175 1601/1/1172 740/1/1174 742/1/1177
f 1602/1/1175 1599/1/1166 737/1/1169 741/1/1176
f 1599/1/1166 1602/1/1175 742/1/1177 738/1/1170
