# Converted from Roblox mesh format
# Vertices: 788, Faces: 574

v 1.533802 0.164049 -0.160777 1.000000 1.000000 1.000000
v 1.510430 -0.022874 0.143962 1.000000 1.000000 1.000000
v 1.510430 -0.022874 -0.143962 1.000000 1.000000 1.000000
v 1.533802 0.164049 0.160777 1.000000 1.000000 1.000000
v 1.510430 -0.209796 0.143962 1.000000 1.000000 1.000000
v 1.510430 -0.022874 -0.143962 1.000000 1.000000 1.000000
v 1.510430 -0.209796 -0.143962 1.000000 1.000000 1.000000
v 1.533802 -0.396719 0.160777 1.000000 1.000000 1.000000
v 1.533802 -0.396719 -0.160777 1.000000 1.000000 1.000000
v 1.510430 -0.209796 0.143962 1.000000 1.000000 1.000000
v -1.533802 0.082965 0.000000 1.000000 1.000000 1.000000
v -1.533802 0.082537 0.040334 1.000000 1.000000 1.000000
v -1.533802 0.099244 0.000000 1.000000 1.000000 1.000000
v -1.533802 0.082537 -0.040334 1.000000 1.000000 1.000000
v -1.533802 0.071026 0.028823 1.000000 1.000000 1.000000
v -1.533802 0.042202 0.057041 1.000000 1.000000 1.000000
v -1.533802 0.042202 0.040762 1.000000 1.000000 1.000000
v -1.533802 0.071026 -0.028823 1.000000 1.000000 1.000000
v -1.533802 0.042202 -0.057041 1.000000 1.000000 1.000000
v -1.533802 0.042202 -0.040762 1.000000 1.000000 1.000000
v -1.533802 0.001868 -0.040334 1.000000 1.000000 1.000000
v -1.533802 0.013379 -0.028823 1.000000 1.000000 1.000000
v -1.533802 0.001440 -0.000000 1.000000 1.000000 1.000000
v -1.533802 -0.014839 -0.000000 1.000000 1.000000 1.000000
v -1.533802 0.001868 0.040334 1.000000 1.000000 1.000000
v -1.533802 0.013379 0.028823 1.000000 1.000000 1.000000
v -1.533802 0.042202 0.040762 1.000000 1.000000 1.000000
v -1.533802 0.042202 0.057041 1.000000 1.000000 1.000000
v -1.349425 0.013379 -0.028823 1.000000 1.000000 1.000000
v -1.349425 0.013379 0.028823 1.000000 1.000000 1.000000
v -1.349425 0.042202 -0.040762 1.000000 1.000000 1.000000
v -1.349425 0.001440 -0.000000 1.000000 1.000000 1.000000
v -1.349425 0.042202 0.040762 1.000000 1.000000 1.000000
v -1.349425 0.071026 -0.028823 1.000000 1.000000 1.000000
v -1.349425 0.071026 0.028823 1.000000 1.000000 1.000000
v -1.349425 0.082965 0.000000 1.000000 1.000000 1.000000
v 0.828669 0.237716 -0.107190 1.000000 1.000000 1.000000
v 0.828669 0.034686 0.137973 1.000000 1.000000 1.000000
v 0.828669 0.034686 -0.137973 1.000000 1.000000 1.000000
v 0.828669 0.218552 -0.137973 1.000000 1.000000 1.000000
v 0.828669 0.237716 0.107190 1.000000 1.000000 1.000000
v 0.828669 0.218552 0.137973 1.000000 1.000000 1.000000
v 0.828669 0.034686 -0.137973 1.000000 1.000000 1.000000
v 0.828669 0.013930 0.127274 1.000000 1.000000 1.000000
v 0.828669 0.013930 -0.127274 1.000000 1.000000 1.000000
v 0.828669 0.034686 0.137973 1.000000 1.000000 1.000000
v 0.828669 0.013930 -0.127274 1.000000 1.000000 1.000000
v 0.828669 -0.132761 -0.091054 1.000000 1.000000 1.000000
v 0.828669 -0.113960 -0.127274 1.000000 1.000000 1.000000
v 0.828669 -0.132761 0.091054 1.000000 1.000000 1.000000
v 0.828669 0.013930 0.127274 1.000000 1.000000 1.000000
v 0.828669 -0.113960 0.127274 1.000000 1.000000 1.000000
v -0.902168 0.042202 0.055911 1.000000 1.000000 1.000000
v -0.902168 -0.013708 -0.000000 1.000000 1.000000 1.000000
v -0.902168 0.002667 0.039535 1.000000 1.000000 1.000000
v -0.902168 0.081737 0.039535 1.000000 1.000000 1.000000
v -0.902168 0.098113 0.000000 1.000000 1.000000 1.000000
v -0.902168 0.081737 -0.039535 1.000000 1.000000 1.000000
v -0.902168 0.042202 -0.055911 1.000000 1.000000 1.000000
v -0.902168 0.002667 -0.039535 1.000000 1.000000 1.000000
v -0.886061 0.060709 0.021599 1.000000 1.000000 1.000000
v -0.886061 0.111514 -0.026664 1.000000 1.000000 1.000000
v -0.886061 0.060709 -0.021599 1.000000 1.000000 1.000000
v -0.886061 0.082138 -0.037589 1.000000 1.000000 1.000000
v -0.886061 0.111514 0.026664 1.000000 1.000000 1.000000
v -0.886061 0.082138 0.037589 1.000000 1.000000 1.000000
v -0.886061 0.162318 -0.021599 1.000000 1.000000 1.000000
v -0.886061 0.140889 -0.037589 1.000000 1.000000 1.000000
v -0.886061 0.168627 0.000000 1.000000 1.000000 1.000000
v -0.886061 0.162318 0.021599 1.000000 1.000000 1.000000
v -0.886061 0.140889 0.037589 1.000000 1.000000 1.000000
v 0.726050 0.235722 -0.067183 1.000000 1.000000 1.000000
v 0.726050 0.235722 0.067183 1.000000 1.000000 1.000000
v 0.737658 0.191353 -0.067183 1.000000 1.000000 1.000000
v 0.737658 0.191353 0.067183 1.000000 1.000000 1.000000
v 0.697797 0.376216 0.049497 1.000000 1.000000 1.000000
v 0.697797 0.326719 0.056000 1.000000 1.000000 1.000000
v 0.697797 0.366317 0.039598 1.000000 1.000000 1.000000
v 0.697797 0.382719 0.000000 1.000000 1.000000 1.000000
v 0.697797 0.326719 0.070000 1.000000 1.000000 1.000000
v 0.697797 0.396719 0.000000 1.000000 1.000000 1.000000
v 0.697797 0.277222 0.049497 1.000000 1.000000 1.000000
v 0.697797 0.376216 -0.049497 1.000000 1.000000 1.000000
v 0.697797 0.287121 0.039598 1.000000 1.000000 1.000000
v 0.697797 0.366317 -0.039598 1.000000 1.000000 1.000000
v 0.697797 0.270719 0.000000 1.000000 1.000000 1.000000
v 0.697797 0.326719 -0.056000 1.000000 1.000000 1.000000
v 0.697797 0.256719 0.000000 1.000000 1.000000 1.000000
v 0.697797 0.326719 -0.070000 1.000000 1.000000 1.000000
v 0.697797 0.277222 -0.049497 1.000000 1.000000 1.000000
v 0.697797 0.287121 -0.039598 1.000000 1.000000 1.000000
v 0.697797 0.266656 -0.027070 1.000000 1.000000 1.000000
v 0.697797 0.228105 0.027070 1.000000 1.000000 1.000000
v 0.697797 0.228105 -0.027070 1.000000 1.000000 1.000000
v 0.697797 0.266656 0.027070 1.000000 1.000000 1.000000
v 0.645214 0.258266 0.065966 1.000000 1.000000 1.000000
v 0.670378 0.268690 0.088422 1.000000 1.000000 1.000000
v 0.670378 0.268690 0.065966 1.000000 1.000000 1.000000
v 0.645214 0.258266 0.088422 1.000000 1.000000 1.000000
v 0.634791 0.233103 0.065966 1.000000 1.000000 1.000000
v 0.634791 0.233103 0.088422 1.000000 1.000000 1.000000
v 0.645214 0.207939 0.065966 1.000000 1.000000 1.000000
v 0.645214 0.207939 0.088422 1.000000 1.000000 1.000000
v 0.670378 0.197515 0.065966 1.000000 1.000000 1.000000
v 0.670378 0.197515 0.088422 1.000000 1.000000 1.000000
v 0.695542 0.207939 0.065966 1.000000 1.000000 1.000000
v 0.695542 0.207939 0.088422 1.000000 1.000000 1.000000
v 0.705965 0.233103 0.065966 1.000000 1.000000 1.000000
v 0.705965 0.233103 0.088422 1.000000 1.000000 1.000000
v 0.695542 0.258266 0.065966 1.000000 1.000000 1.000000
v 0.695542 0.258266 0.088422 1.000000 1.000000 1.000000
v 0.670378 0.268690 0.065966 1.000000 1.000000 1.000000
v 0.670378 0.268690 0.088422 1.000000 1.000000 1.000000
v 0.645214 0.258266 -0.088422 1.000000 1.000000 1.000000
v 0.670378 0.268690 -0.065966 1.000000 1.000000 1.000000
v 0.670378 0.268690 -0.088422 1.000000 1.000000 1.000000
v 0.645214 0.258266 -0.065966 1.000000 1.000000 1.000000
v 0.634791 0.233103 -0.088422 1.000000 1.000000 1.000000
v 0.634791 0.233103 -0.065966 1.000000 1.000000 1.000000
v 0.645214 0.207939 -0.088422 1.000000 1.000000 1.000000
v 0.645214 0.207939 -0.065966 1.000000 1.000000 1.000000
v 0.670378 0.197515 -0.088422 1.000000 1.000000 1.000000
v 0.670378 0.197515 -0.065966 1.000000 1.000000 1.000000
v 0.695542 0.207939 -0.088422 1.000000 1.000000 1.000000
v 0.695542 0.207939 -0.065966 1.000000 1.000000 1.000000
v 0.705965 0.233103 -0.088422 1.000000 1.000000 1.000000
v 0.705965 0.233103 -0.065966 1.000000 1.000000 1.000000
v 0.695542 0.258266 -0.088422 1.000000 1.000000 1.000000
v 0.695542 0.258266 -0.065966 1.000000 1.000000 1.000000
v 0.670378 0.268690 -0.088422 1.000000 1.000000 1.000000
v 0.670378 0.268690 -0.065966 1.000000 1.000000 1.000000
v 0.645448 0.197496 -0.072088 1.000000 1.000000 1.000000
v 0.645448 0.197496 0.072088 1.000000 1.000000 1.000000
v 0.645448 0.137683 -0.072088 1.000000 1.000000 1.000000
v 0.645448 0.137683 0.072088 1.000000 1.000000 1.000000
v -0.772366 0.208306 -0.031302 1.000000 1.000000 1.000000
v -0.772366 0.142400 -0.031302 1.000000 1.000000 1.000000
v -0.772366 0.142400 0.031302 1.000000 1.000000 1.000000
v -0.772366 0.208306 0.031302 1.000000 1.000000 1.000000
v -0.753405 0.267664 -0.027070 1.000000 1.000000 1.000000
v -0.753405 0.228277 -0.027070 1.000000 1.000000 1.000000
v -0.753405 0.267664 0.027070 1.000000 1.000000 1.000000
v -0.753405 0.228277 0.027070 1.000000 1.000000 1.000000
v -0.753405 0.182941 -0.027070 1.000000 1.000000 1.000000
v -0.753405 0.182941 0.027070 1.000000 1.000000 1.000000
v -0.753405 0.376216 -0.049497 1.000000 1.000000 1.000000
v -0.753405 0.326719 -0.056000 1.000000 1.000000 1.000000
v -0.753405 0.366317 -0.039598 1.000000 1.000000 1.000000
v -0.753405 0.382719 0.000000 1.000000 1.000000 1.000000
v -0.753405 0.326719 -0.070000 1.000000 1.000000 1.000000
v -0.753405 0.396719 0.000000 1.000000 1.000000 1.000000
v -0.753405 0.287121 -0.039598 1.000000 1.000000 1.000000
v -0.753405 0.376216 0.049497 1.000000 1.000000 1.000000
v -0.753405 0.277221 -0.049497 1.000000 1.000000 1.000000
v -0.753405 0.366317 0.039598 1.000000 1.000000 1.000000
v -0.753405 0.270719 0.000000 1.000000 1.000000 1.000000
v -0.753405 0.326719 0.056000 1.000000 1.000000 1.000000
v -0.753405 0.256719 0.000000 1.000000 1.000000 1.000000
v -0.753405 0.326719 0.070000 1.000000 1.000000 1.000000
v -0.753405 0.277221 0.049497 1.000000 1.000000 1.000000
v -0.753405 0.287121 0.039598 1.000000 1.000000 1.000000
v -0.724517 0.306857 -0.002257 1.000000 1.000000 1.000000
v -0.731159 0.268684 -0.008899 1.000000 1.000000 1.000000
v -0.731159 0.268684 0.008899 1.000000 1.000000 1.000000
v -0.724517 0.306857 0.002257 1.000000 1.000000 1.000000
v -0.656098 0.195408 -0.061783 1.000000 1.000000 1.000000
v -0.656098 0.195408 0.061165 1.000000 1.000000 1.000000
v -0.656098 0.229315 0.023301 1.000000 1.000000 1.000000
v -0.656098 0.216868 0.053874 1.000000 1.000000 1.000000
v -0.656098 0.229315 -0.023919 1.000000 1.000000 1.000000
v -0.656098 0.216868 -0.054492 1.000000 1.000000 1.000000
v -0.633904 -0.019450 0.087239 1.000000 1.000000 1.000000
v -0.633904 -0.019450 -0.087857 1.000000 1.000000 1.000000
v -0.633904 -0.053803 -0.031921 1.000000 1.000000 1.000000
v -0.633904 -0.044111 -0.072857 1.000000 1.000000 1.000000
v -0.633904 -0.053803 0.031303 1.000000 1.000000 1.000000
v -0.633904 -0.044111 0.072239 1.000000 1.000000 1.000000
v 0.477987 0.110991 -0.100030 1.000000 1.000000 1.000000
v 0.477987 0.110991 0.100030 1.000000 1.000000 1.000000
v 0.477987 0.024764 -0.100030 1.000000 1.000000 1.000000
v 0.477987 0.024764 0.100030 1.000000 1.000000 1.000000
v 1.422841 -0.396719 0.160777 1.000000 1.000000 1.000000
v 1.422841 -0.396719 -0.160777 1.000000 1.000000 1.000000
v 1.533802 -0.396719 -0.160777 1.000000 1.000000 1.000000
v 1.533802 -0.396719 0.160777 1.000000 1.000000 1.000000
v 0.413096 -0.071172 0.113460 1.000000 1.000000 1.000000
v 0.392389 -0.116929 -0.113460 1.000000 1.000000 1.000000
v 0.413096 -0.071172 -0.113460 1.000000 1.000000 1.000000
v 0.392389 -0.116929 0.113460 1.000000 1.000000 1.000000
v 0.392389 -0.025416 -0.113460 1.000000 1.000000 1.000000
v 0.392389 -0.025416 0.113460 1.000000 1.000000 1.000000
v 0.413096 -0.071172 -0.113460 1.000000 1.000000 1.000000
v 0.413096 -0.071172 0.113460 1.000000 1.000000 1.000000
v 0.747994 -0.132761 0.091054 1.000000 1.000000 1.000000
v 0.747994 -0.132761 -0.091054 1.000000 1.000000 1.000000
v 0.828669 -0.132761 -0.091054 1.000000 1.000000 1.000000
v 0.828669 -0.113960 -0.127274 1.000000 1.000000 1.000000
v 0.747994 -0.113960 -0.127274 1.000000 1.000000 1.000000
v 0.828669 -0.132761 0.091054 1.000000 1.000000 1.000000
v 0.747994 -0.113960 0.127274 1.000000 1.000000 1.000000
v 0.828669 -0.113960 0.127274 1.000000 1.000000 1.000000
v 1.242583 -0.089534 -0.000000 1.000000 1.000000 1.000000
v 1.050312 -0.089534 -0.000000 1.000000 1.000000 1.000000
v 1.242583 -0.079153 -0.083676 1.000000 1.000000 1.000000
v 1.050312 -0.079153 -0.083676 1.000000 1.000000 1.000000
v 1.050312 -0.079153 0.083676 1.000000 1.000000 1.000000
v 1.242583 -0.079153 0.083676 1.000000 1.000000 1.000000
v -0.633904 -0.044111 -0.072857 1.000000 1.000000 1.000000
v -0.135523 -0.044111 -0.072857 1.000000 1.000000 1.000000
v -0.135523 -0.053803 -0.031921 1.000000 1.000000 1.000000
v -0.633904 -0.053803 -0.031921 1.000000 1.000000 1.000000
v -0.135523 -0.053803 0.031303 1.000000 1.000000 1.000000
v -0.633904 -0.053803 0.031303 1.000000 1.000000 1.000000
v -0.135523 -0.044111 0.072239 1.000000 1.000000 1.000000
v -0.633904 -0.044111 0.072239 1.000000 1.000000 1.000000
v 0.646881 0.277222 0.049497 1.000000 1.000000 1.000000
v 0.697797 0.277222 0.049497 1.000000 1.000000 1.000000
v 0.697797 0.326719 0.070000 1.000000 1.000000 1.000000
v 0.646881 0.326719 0.070000 1.000000 1.000000 1.000000
v 0.646881 0.256719 0.000000 1.000000 1.000000 1.000000
v 0.697797 0.256719 0.000000 1.000000 1.000000 1.000000
v 0.646881 0.277222 -0.049497 1.000000 1.000000 1.000000
v 0.697797 0.277222 -0.049497 1.000000 1.000000 1.000000
v 0.646881 0.326719 -0.070000 1.000000 1.000000 1.000000
v 0.697797 0.326719 -0.070000 1.000000 1.000000 1.000000
v 0.646881 0.376216 -0.049497 1.000000 1.000000 1.000000
v 0.697797 0.376216 -0.049497 1.000000 1.000000 1.000000
v 0.646881 0.396719 0.000000 1.000000 1.000000 1.000000
v 0.697797 0.396719 0.000000 1.000000 1.000000 1.000000
v 0.646881 0.376216 0.049497 1.000000 1.000000 1.000000
v 0.697797 0.376216 0.049497 1.000000 1.000000 1.000000
v 0.646881 0.326719 0.070000 1.000000 1.000000 1.000000
v 0.697797 0.326719 0.070000 1.000000 1.000000 1.000000
v -0.753405 0.326719 0.056000 1.000000 1.000000 1.000000
v -0.691748 0.326719 0.056000 1.000000 1.000000 1.000000
v -0.691748 0.287121 0.039598 1.000000 1.000000 1.000000
v -0.753405 0.287121 0.039598 1.000000 1.000000 1.000000
v -0.753405 0.270719 0.000000 1.000000 1.000000 1.000000
v -0.691748 0.270719 0.000000 1.000000 1.000000 1.000000
v -0.753405 0.287121 -0.039598 1.000000 1.000000 1.000000
v -0.691748 0.287121 -0.039598 1.000000 1.000000 1.000000
v -0.753405 0.326719 -0.056000 1.000000 1.000000 1.000000
v -0.691748 0.326719 -0.056000 1.000000 1.000000 1.000000
v -0.753405 0.366317 -0.039598 1.000000 1.000000 1.000000
v -0.691748 0.366317 -0.039598 1.000000 1.000000 1.000000
v -0.691748 0.382719 0.000000 1.000000 1.000000 1.000000
v -0.753405 0.382719 0.000000 1.000000 1.000000 1.000000
v -0.691748 0.366317 0.039598 1.000000 1.000000 1.000000
v -0.753405 0.366317 0.039598 1.000000 1.000000 1.000000
v -0.691748 0.326719 0.056000 1.000000 1.000000 1.000000
v -0.753405 0.326719 0.056000 1.000000 1.000000 1.000000
v 0.828669 0.013930 0.127274 1.000000 1.000000 1.000000
v 0.747994 0.034686 0.137973 1.000000 1.000000 1.000000
v 0.747994 0.013930 0.127274 1.000000 1.000000 1.000000
v 0.828669 0.034686 0.137973 1.000000 1.000000 1.000000
v 0.828669 0.013930 -0.127274 1.000000 1.000000 1.000000
v 0.747994 0.013930 -0.127274 1.000000 1.000000 1.000000
v 0.828669 0.034686 -0.137973 1.000000 1.000000 1.000000
v 0.747994 0.034686 -0.137973 1.000000 1.000000 1.000000
v -0.720004 0.306857 -0.002257 1.000000 1.000000 1.000000
v -0.724517 0.306857 -0.002257 1.000000 1.000000 1.000000
v -0.724517 0.306857 0.002257 1.000000 1.000000 1.000000
v -0.720004 0.306857 0.002257 1.000000 1.000000 1.000000
v -0.135523 -0.019450 0.087239 1.000000 1.000000 1.000000
v -0.633904 -0.019450 0.087239 1.000000 1.000000 1.000000
v -0.135523 -0.044111 0.072239 1.000000 1.000000 1.000000
v -0.633904 -0.044111 0.072239 1.000000 1.000000 1.000000
v -0.135523 -0.019450 -0.087857 1.000000 1.000000 1.000000
v -0.633904 -0.044111 -0.072857 1.000000 1.000000 1.000000
v -0.633904 -0.019450 -0.087857 1.000000 1.000000 1.000000
v -0.135523 -0.044111 -0.072857 1.000000 1.000000 1.000000
v 1.533802 0.164049 -0.160777 1.000000 1.000000 1.000000
v 1.510430 -0.022874 -0.143962 1.000000 1.000000 1.000000
v 1.422841 0.164049 -0.160777 1.000000 1.000000 1.000000
v 1.422841 -0.022874 -0.143962 1.000000 1.000000 1.000000
v 1.510430 -0.022874 -0.143962 1.000000 1.000000 1.000000
v 1.510430 -0.209796 -0.143962 1.000000 1.000000 1.000000
v 1.422841 -0.209796 -0.143962 1.000000 1.000000 1.000000
v 1.510430 -0.209796 -0.143962 1.000000 1.000000 1.000000
v 1.422841 -0.396719 -0.160777 1.000000 1.000000 1.000000
v 1.533802 -0.396719 -0.160777 1.000000 1.000000 1.000000
v 1.510430 -0.022874 0.143962 1.000000 1.000000 1.000000
v 1.422841 0.164049 0.160777 1.000000 1.000000 1.000000
v 1.422841 -0.022874 0.143962 1.000000 1.000000 1.000000
v 1.533802 0.164049 0.160777 1.000000 1.000000 1.000000
v 1.422841 -0.209796 0.143962 1.000000 1.000000 1.000000
v 1.510430 -0.022874 0.143962 1.000000 1.000000 1.000000
v 1.510430 -0.209796 0.143962 1.000000 1.000000 1.000000
v 1.422841 -0.396719 0.160777 1.000000 1.000000 1.000000
v 1.510430 -0.209796 0.143962 1.000000 1.000000 1.000000
v 1.533802 -0.396719 0.160777 1.000000 1.000000 1.000000
v -0.597229 0.024595 -0.120514 1.000000 1.000000 1.000000
v -0.168242 0.024595 -0.120514 1.000000 1.000000 1.000000
v -0.168242 0.024595 0.120514 1.000000 1.000000 1.000000
v -0.597229 0.024595 0.120514 1.000000 1.000000 1.000000
v -0.622958 0.064497 -0.120514 1.000000 1.000000 1.000000
v -0.622958 0.064497 0.120514 1.000000 1.000000 1.000000
v 0.828669 0.218552 -0.137973 1.000000 1.000000 1.000000
v 0.828669 0.034686 -0.137973 1.000000 1.000000 1.000000
v 0.747994 0.218552 -0.137973 1.000000 1.000000 1.000000
v 0.747994 0.034686 -0.137973 1.000000 1.000000 1.000000
v 0.828669 0.237716 -0.107190 1.000000 1.000000 1.000000
v 0.747994 0.237716 -0.107190 1.000000 1.000000 1.000000
v 0.392389 -0.116929 -0.113460 1.000000 1.000000 1.000000
v 0.392389 -0.116929 0.113460 1.000000 1.000000 1.000000
v 0.263144 -0.116929 -0.113460 1.000000 1.000000 1.000000
v 0.263144 -0.116929 0.113460 1.000000 1.000000 1.000000
v 0.242437 -0.071172 -0.113460 1.000000 1.000000 1.000000
v 0.242437 -0.071172 0.113460 1.000000 1.000000 1.000000
v 0.747994 0.218552 0.137973 1.000000 1.000000 1.000000
v 0.828669 0.218552 0.137973 1.000000 1.000000 1.000000
v 0.747994 0.237716 0.107190 1.000000 1.000000 1.000000
v 0.828669 0.237716 0.107190 1.000000 1.000000 1.000000
v 0.747994 0.034686 0.137973 1.000000 1.000000 1.000000
v 0.828669 0.034686 0.137973 1.000000 1.000000 1.000000
v 0.747994 0.013930 -0.127274 1.000000 1.000000 1.000000
v 0.828669 0.013930 -0.127274 1.000000 1.000000 1.000000
v 0.747994 -0.113960 -0.127274 1.000000 1.000000 1.000000
v 0.828669 -0.113960 -0.127274 1.000000 1.000000 1.000000
v 0.828669 -0.113960 0.127274 1.000000 1.000000 1.000000
v 0.747994 0.013930 0.127274 1.000000 1.000000 1.000000
v 0.747994 -0.113960 0.127274 1.000000 1.000000 1.000000
v 0.828669 0.013930 0.127274 1.000000 1.000000 1.000000
v 1.242583 -0.079153 -0.083676 1.000000 1.000000 1.000000
v 1.050312 -0.079153 -0.083676 1.000000 1.000000 1.000000
v 1.242583 -0.001436 -0.096984 1.000000 1.000000 1.000000
v 1.050312 -0.001436 -0.096984 1.000000 1.000000 1.000000
v -0.597229 0.104398 -0.120514 1.000000 1.000000 1.000000
v -0.597229 0.024595 -0.120514 1.000000 1.000000 1.000000
v -0.622958 0.064497 -0.120514 1.000000 1.000000 1.000000
v -0.168242 0.024595 -0.120514 1.000000 1.000000 1.000000
v -0.168242 0.104398 -0.120514 1.000000 1.000000 1.000000
v -0.142513 0.064497 -0.120514 1.000000 1.000000 1.000000
v -0.597229 0.024595 0.120514 1.000000 1.000000 1.000000
v -0.168242 0.104398 0.120514 1.000000 1.000000 1.000000
v -0.597229 0.104398 0.120514 1.000000 1.000000 1.000000
v -0.622958 0.064497 0.120514 1.000000 1.000000 1.000000
v -0.168242 0.024595 0.120514 1.000000 1.000000 1.000000
v -0.142513 0.064497 0.120514 1.000000 1.000000 1.000000
v 0.263144 -0.025416 -0.113460 1.000000 1.000000 1.000000
v 0.263144 -0.116929 -0.113460 1.000000 1.000000 1.000000
v 0.242437 -0.071172 -0.113460 1.000000 1.000000 1.000000
v 0.392389 -0.116929 -0.113460 1.000000 1.000000 1.000000
v 0.392389 -0.025416 -0.113460 1.000000 1.000000 1.000000
v 0.413096 -0.071172 -0.113460 1.000000 1.000000 1.000000
v 0.263144 -0.116929 0.113460 1.000000 1.000000 1.000000
v 0.392389 -0.025416 0.113460 1.000000 1.000000 1.000000
v 0.263144 -0.025416 0.113460 1.000000 1.000000 1.000000
v 0.242437 -0.071172 0.113460 1.000000 1.000000 1.000000
v 0.392389 -0.116929 0.113460 1.000000 1.000000 1.000000
v 0.413096 -0.071172 0.113460 1.000000 1.000000 1.000000
v -1.349425 0.071026 0.028823 1.000000 1.000000 1.000000
v -1.533802 0.042202 0.040762 1.000000 1.000000 1.000000
v -1.533802 0.071026 0.028823 1.000000 1.000000 1.000000
v -1.349425 0.042202 0.040762 1.000000 1.000000 1.000000
v -1.349425 0.082965 0.000000 1.000000 1.000000 1.000000
v -1.533802 0.082965 0.000000 1.000000 1.000000 1.000000
v -1.349425 0.071026 -0.028823 1.000000 1.000000 1.000000
v -1.533802 0.071026 -0.028823 1.000000 1.000000 1.000000
v -1.349425 0.042202 -0.040762 1.000000 1.000000 1.000000
v -1.533802 0.042202 -0.040762 1.000000 1.000000 1.000000
v -1.349425 0.013379 -0.028823 1.000000 1.000000 1.000000
v -1.533802 0.013379 -0.028823 1.000000 1.000000 1.000000
v -1.349425 0.001440 -0.000000 1.000000 1.000000 1.000000
v -1.533802 0.001440 -0.000000 1.000000 1.000000 1.000000
v -1.349425 0.013379 0.028823 1.000000 1.000000 1.000000
v -1.533802 0.013379 0.028823 1.000000 1.000000 1.000000
v -1.349425 0.042202 0.040762 1.000000 1.000000 1.000000
v -1.533802 0.042202 0.040762 1.000000 1.000000 1.000000
v -0.902168 0.081737 -0.039535 1.000000 1.000000 1.000000
v -0.636755 0.098113 0.000000 1.000000 1.000000 1.000000
v -0.636755 0.081737 -0.039535 1.000000 1.000000 1.000000
v -0.902168 0.098113 0.000000 1.000000 1.000000 1.000000
v -0.902168 0.042202 -0.055911 1.000000 1.000000 1.000000
v -0.636755 0.081737 0.039535 1.000000 1.000000 1.000000
v -0.636755 0.042202 -0.055911 1.000000 1.000000 1.000000
v -0.902168 0.081737 0.039535 1.000000 1.000000 1.000000
v -0.902168 0.002667 -0.039535 1.000000 1.000000 1.000000
v -0.636755 0.042202 0.055911 1.000000 1.000000 1.000000
v -0.636755 0.002667 -0.039535 1.000000 1.000000 1.000000
v -0.902168 0.042202 0.055911 1.000000 1.000000 1.000000
v -0.902168 -0.013708 -0.000000 1.000000 1.000000 1.000000
v -0.636755 0.002667 0.039535 1.000000 1.000000 1.000000
v -0.636755 -0.013708 -0.000000 1.000000 1.000000 1.000000
v -0.902168 0.002667 0.039535 1.000000 1.000000 1.000000
v 0.477987 0.110991 0.100030 1.000000 1.000000 1.000000
v -0.101348 0.110991 0.100030 1.000000 1.000000 1.000000
v 0.477987 0.024764 0.100030 1.000000 1.000000 1.000000
v -0.101348 0.024764 0.100030 1.000000 1.000000 1.000000
v 0.477987 0.110991 -0.100030 1.000000 1.000000 1.000000
v -0.101348 0.024764 -0.100030 1.000000 1.000000 1.000000
v -0.101348 0.110991 -0.100030 1.000000 1.000000 1.000000
v 0.477987 0.024764 -0.100030 1.000000 1.000000 1.000000
v 0.669618 0.252297 -0.067183 1.000000 1.000000 1.000000
v 0.669618 0.252297 0.067183 1.000000 1.000000 1.000000
v 0.726050 0.235722 -0.067183 1.000000 1.000000 1.000000
v 0.726050 0.235722 0.067183 1.000000 1.000000 1.000000
v 0.613187 0.235722 0.067183 1.000000 1.000000 1.000000
v 0.613187 0.235722 -0.067183 1.000000 1.000000 1.000000
v 0.828669 0.237716 0.107190 1.000000 1.000000 1.000000
v 0.828669 0.237716 -0.107190 1.000000 1.000000 1.000000
v 0.747994 0.237716 -0.107190 1.000000 1.000000 1.000000
v 0.747994 0.237716 0.107190 1.000000 1.000000 1.000000
v 1.242583 -0.001436 0.096984 1.000000 1.000000 1.000000
v 1.050312 -0.001436 0.096984 1.000000 1.000000 1.000000
v 1.242583 -0.079153 0.083676 1.000000 1.000000 1.000000
v 1.050312 -0.079153 0.083676 1.000000 1.000000 1.000000
v 1.050312 0.076281 0.083676 1.000000 1.000000 1.000000
v 1.242583 0.076281 0.083676 1.000000 1.000000 1.000000
v 0.645214 0.207939 0.088422 1.000000 1.000000 1.000000
v 0.645214 0.258266 0.088422 1.000000 1.000000 1.000000
v 0.634791 0.233103 0.088422 1.000000 1.000000 1.000000
v 0.695542 0.207939 0.088422 1.000000 1.000000 1.000000
v 0.670378 0.197515 0.088422 1.000000 1.000000 1.000000
v 0.695542 0.258266 0.088422 1.000000 1.000000 1.000000
v 0.670378 0.268690 0.088422 1.000000 1.000000 1.000000
v 0.705965 0.233103 0.088422 1.000000 1.000000 1.000000
v 0.695542 0.258266 -0.088422 1.000000 1.000000 1.000000
v 0.695542 0.207939 -0.088422 1.000000 1.000000 1.000000
v 0.645214 0.258266 -0.088422 1.000000 1.000000 1.000000
v 0.705965 0.233103 -0.088422 1.000000 1.000000 1.000000
v 0.670378 0.268690 -0.088422 1.000000 1.000000 1.000000
v 0.645214 0.207939 -0.088422 1.000000 1.000000 1.000000
v 0.634791 0.233103 -0.088422 1.000000 1.000000 1.000000
v 0.670378 0.197515 -0.088422 1.000000 1.000000 1.000000
v 0.641158 0.216868 -0.054492 1.000000 1.000000 1.000000
v -0.656098 0.216868 -0.054492 1.000000 1.000000 1.000000
v -0.656098 0.229315 -0.023919 1.000000 1.000000 1.000000
v 0.641158 0.229315 -0.023919 1.000000 1.000000 1.000000
v -0.656098 0.229315 0.023301 1.000000 1.000000 1.000000
v 0.641158 0.229315 0.023301 1.000000 1.000000 1.000000
v -0.656098 0.216868 0.053874 1.000000 1.000000 1.000000
v 0.641158 0.216868 0.053874 1.000000 1.000000 1.000000
v 0.641158 0.195408 -0.061783 1.000000 1.000000 1.000000
v -0.656098 0.195408 -0.061783 1.000000 1.000000 1.000000
v 0.641158 0.216868 -0.054492 1.000000 1.000000 1.000000
v -0.656098 0.216868 -0.054492 1.000000 1.000000 1.000000
v 0.641158 0.195408 0.061165 1.000000 1.000000 1.000000
v -0.656098 0.216868 0.053874 1.000000 1.000000 1.000000
v -0.656098 0.195408 0.061165 1.000000 1.000000 1.000000
v 0.641158 0.216868 0.053874 1.000000 1.000000 1.000000
v 0.645448 0.197496 0.072088 1.000000 1.000000 1.000000
v -0.582567 0.197496 0.072088 1.000000 1.000000 1.000000
v 0.645448 0.137683 0.072088 1.000000 1.000000 1.000000
v -0.582567 0.137683 0.072088 1.000000 1.000000 1.000000
v 0.645448 0.197496 -0.072088 1.000000 1.000000 1.000000
v -0.582567 0.137683 -0.072088 1.000000 1.000000 1.000000
v -0.582567 0.197496 -0.072088 1.000000 1.000000 1.000000
v 0.645448 0.137683 -0.072088 1.000000 1.000000 1.000000
v 1.242583 -0.001436 -0.096984 1.000000 1.000000 1.000000
v 1.050312 -0.001436 -0.096984 1.000000 1.000000 1.000000
v 1.242583 0.076281 -0.083676 1.000000 1.000000 1.000000
v 1.050312 0.076281 -0.083676 1.000000 1.000000 1.000000
v -0.674625 0.208306 -0.031302 1.000000 1.000000 1.000000
v -0.723495 0.220087 -0.031302 1.000000 1.000000 1.000000
v -0.723495 0.220087 0.031302 1.000000 1.000000 1.000000
v -0.674625 0.208306 0.031302 1.000000 1.000000 1.000000
v -0.772366 0.208306 0.031302 1.000000 1.000000 1.000000
v -0.772366 0.208306 -0.031302 1.000000 1.000000 1.000000
v -0.886061 0.060709 0.021599 1.000000 1.000000 1.000000
v -0.641301 0.060709 0.021599 1.000000 1.000000 1.000000
v -0.641301 0.082138 0.037589 1.000000 1.000000 1.000000
v -0.886061 0.082138 0.037589 1.000000 1.000000 1.000000
v -0.886061 0.082138 -0.037589 1.000000 1.000000 1.000000
v -0.641301 0.082138 -0.037589 1.000000 1.000000 1.000000
v -0.641301 0.060709 -0.021599 1.000000 1.000000 1.000000
v -0.886061 0.060709 -0.021599 1.000000 1.000000 1.000000
v 0.726050 0.235722 -0.067183 1.000000 1.000000 1.000000
v 0.669618 0.181353 -0.067183 1.000000 1.000000 1.000000
v 0.669618 0.252297 -0.067183 1.000000 1.000000 1.000000
v 0.737658 0.191353 -0.067183 1.000000 1.000000 1.000000
v 0.613187 0.235722 -0.067183 1.000000 1.000000 1.000000
v 0.601579 0.191353 -0.067183 1.000000 1.000000 1.000000
v 0.601579 0.191353 0.067183 1.000000 1.000000 1.000000
v 0.669618 0.181353 0.067183 1.000000 1.000000 1.000000
v 0.613187 0.235722 0.067183 1.000000 1.000000 1.000000
v 0.669618 0.252297 0.067183 1.000000 1.000000 1.000000
v 0.726050 0.235722 0.067183 1.000000 1.000000 1.000000
v 0.737658 0.191353 0.067183 1.000000 1.000000 1.000000
v -1.331879 0.073270 -0.031068 1.000000 1.000000 1.000000
v -0.884032 0.086139 0.000000 1.000000 1.000000 1.000000
v -0.884032 0.073270 -0.031068 1.000000 1.000000 1.000000
v -1.331879 0.086139 0.000000 1.000000 1.000000 1.000000
v -1.331879 0.042202 -0.043937 1.000000 1.000000 1.000000
v -0.884032 0.073270 0.031068 1.000000 1.000000 1.000000
v -0.884032 0.042202 -0.043937 1.000000 1.000000 1.000000
v -1.331879 0.073270 0.031068 1.000000 1.000000 1.000000
v -1.331879 0.011134 -0.031068 1.000000 1.000000 1.000000
v -0.884032 0.042202 0.043937 1.000000 1.000000 1.000000
v -0.884032 0.011134 -0.031068 1.000000 1.000000 1.000000
v -1.331879 0.042202 0.043937 1.000000 1.000000 1.000000
v -1.331879 -0.001735 -0.000000 1.000000 1.000000 1.000000
v -0.884032 0.011134 0.031068 1.000000 1.000000 1.000000
v -0.884032 -0.001735 -0.000000 1.000000 1.000000 1.000000
v -1.331879 0.011134 0.031068 1.000000 1.000000 1.000000
v -0.641301 0.140889 -0.037589 1.000000 1.000000 1.000000
v -0.886061 0.111514 -0.026664 1.000000 1.000000 1.000000
v -0.886061 0.140889 -0.037589 1.000000 1.000000 1.000000
v -0.641301 0.111514 -0.026664 1.000000 1.000000 1.000000
v -0.886061 0.082138 -0.037589 1.000000 1.000000 1.000000
v -0.641301 0.082138 -0.037589 1.000000 1.000000 1.000000
v -0.641301 0.140889 0.037589 1.000000 1.000000 1.000000
v -0.886061 0.140889 0.037589 1.000000 1.000000 1.000000
v -0.641301 0.111514 0.026664 1.000000 1.000000 1.000000
v -0.886061 0.111514 0.026664 1.000000 1.000000 1.000000
v -0.641301 0.082138 0.037589 1.000000 1.000000 1.000000
v -0.886061 0.082138 0.037589 1.000000 1.000000 1.000000
v -0.772366 0.208306 -0.031302 1.000000 1.000000 1.000000
v -0.723495 0.220087 -0.031302 1.000000 1.000000 1.000000
v -0.723495 0.130619 -0.031302 1.000000 1.000000 1.000000
v -0.772366 0.142400 -0.031302 1.000000 1.000000 1.000000
v -0.674625 0.208306 -0.031302 1.000000 1.000000 1.000000
v -0.674625 0.142400 -0.031302 1.000000 1.000000 1.000000
v -0.772366 0.142400 0.031302 1.000000 1.000000 1.000000
v -0.723495 0.130619 0.031302 1.000000 1.000000 1.000000
v -0.772366 0.208306 0.031302 1.000000 1.000000 1.000000
v -0.723495 0.220087 0.031302 1.000000 1.000000 1.000000
v -0.674625 0.208306 0.031302 1.000000 1.000000 1.000000
v -0.674625 0.142400 0.031302 1.000000 1.000000 1.000000
v -0.731159 0.268684 0.008899 1.000000 1.000000 1.000000
v -0.720004 0.306857 0.002257 1.000000 1.000000 1.000000
v -0.724517 0.306857 0.002257 1.000000 1.000000 1.000000
v -0.713362 0.268684 0.008899 1.000000 1.000000 1.000000
v -0.713362 0.268684 -0.008899 1.000000 1.000000 1.000000
v -0.724517 0.306857 -0.002257 1.000000 1.000000 1.000000
v -0.720004 0.306857 -0.002257 1.000000 1.000000 1.000000
v -0.731159 0.268684 -0.008899 1.000000 1.000000 1.000000
v -0.886061 0.140889 0.037589 1.000000 1.000000 1.000000
v -0.641301 0.140889 0.037589 1.000000 1.000000 1.000000
v -0.641301 0.162318 0.021599 1.000000 1.000000 1.000000
v -0.886061 0.162318 0.021599 1.000000 1.000000 1.000000
v -0.886061 0.162318 -0.021599 1.000000 1.000000 1.000000
v -0.641301 0.162318 -0.021599 1.000000 1.000000 1.000000
v -0.641301 0.140889 -0.037589 1.000000 1.000000 1.000000
v -0.886061 0.140889 -0.037589 1.000000 1.000000 1.000000
v -0.691748 0.267663 -0.027070 1.000000 1.000000 1.000000
v -0.753405 0.228277 -0.027070 1.000000 1.000000 1.000000
v -0.753405 0.267664 -0.027070 1.000000 1.000000 1.000000
v -0.691748 0.228277 -0.027070 1.000000 1.000000 1.000000
v -0.691748 0.182941 -0.027070 1.000000 1.000000 1.000000
v -0.753405 0.182941 -0.027070 1.000000 1.000000 1.000000
v -0.691748 0.267663 0.027070 1.000000 1.000000 1.000000
v -0.753405 0.228277 0.027070 1.000000 1.000000 1.000000
v -0.691748 0.228277 0.027070 1.000000 1.000000 1.000000
v -0.753405 0.267664 0.027070 1.000000 1.000000 1.000000
v -0.753405 0.182941 0.027070 1.000000 1.000000 1.000000
v -0.691748 0.182941 0.027070 1.000000 1.000000 1.000000
v 0.646881 0.266656 -0.027070 1.000000 1.000000 1.000000
v 0.697797 0.266656 -0.027070 1.000000 1.000000 1.000000
v 0.697797 0.228105 -0.027070 1.000000 1.000000 1.000000
v 0.646881 0.228105 -0.027070 1.000000 1.000000 1.000000
v 0.697797 0.228105 0.027070 1.000000 1.000000 1.000000
v 0.697797 0.266656 0.027070 1.000000 1.000000 1.000000
v 0.646881 0.228105 0.027070 1.000000 1.000000 1.000000
v 0.646881 0.266656 0.027070 1.000000 1.000000 1.000000
v -0.641301 0.162318 -0.021599 1.000000 1.000000 1.000000
v -0.886061 0.162318 -0.021599 1.000000 1.000000 1.000000
v -0.886061 0.168627 0.000000 1.000000 1.000000 1.000000
v -0.641301 0.168627 0.000000 1.000000 1.000000 1.000000
v -0.886061 0.162318 0.021599 1.000000 1.000000 1.000000
v -0.641301 0.162318 0.021599 1.000000 1.000000 1.000000
v 1.533802 0.164049 0.160777 1.000000 1.000000 1.000000
v 1.533802 0.164049 -0.160777 1.000000 1.000000 1.000000
v 1.422841 0.164049 -0.160777 1.000000 1.000000 1.000000
v 1.422841 0.164049 0.160777 1.000000 1.000000 1.000000
v -0.622958 0.064497 -0.120514 1.000000 1.000000 1.000000
v -0.622958 0.064497 0.120514 1.000000 1.000000 1.000000
v -0.597229 0.104398 -0.120514 1.000000 1.000000 1.000000
v -0.597229 0.104398 0.120514 1.000000 1.000000 1.000000
v -0.168242 0.104398 -0.120514 1.000000 1.000000 1.000000
v -0.168242 0.104398 0.120514 1.000000 1.000000 1.000000
v -0.142513 0.064497 0.120514 1.000000 1.000000 1.000000
v -0.168242 0.024595 -0.120514 1.000000 1.000000 1.000000
v -0.142513 0.064497 -0.120514 1.000000 1.000000 1.000000
v -0.168242 0.024595 0.120514 1.000000 1.000000 1.000000
v 0.669618 0.181353 -0.067183 1.000000 1.000000 1.000000
v 0.669618 0.181353 0.067183 1.000000 1.000000 1.000000
v 0.601579 0.191353 -0.067183 1.000000 1.000000 1.000000
v 0.601579 0.191353 0.067183 1.000000 1.000000 1.000000
v 0.737658 0.191353 0.067183 1.000000 1.000000 1.000000
v 0.737658 0.191353 -0.067183 1.000000 1.000000 1.000000
v -0.753405 0.277221 0.049497 1.000000 1.000000 1.000000
v -0.691748 0.277221 0.049497 1.000000 1.000000 1.000000
v -0.691748 0.326719 0.070000 1.000000 1.000000 1.000000
v -0.753405 0.326719 0.070000 1.000000 1.000000 1.000000
v -0.753405 0.256719 0.000000 1.000000 1.000000 1.000000
v -0.691748 0.256719 0.000000 1.000000 1.000000 1.000000
v -0.753405 0.277221 -0.049497 1.000000 1.000000 1.000000
v -0.691748 0.277221 -0.049497 1.000000 1.000000 1.000000
v -0.753405 0.326719 -0.070000 1.000000 1.000000 1.000000
v -0.691748 0.326719 -0.070000 1.000000 1.000000 1.000000
v -0.753405 0.376216 -0.049497 1.000000 1.000000 1.000000
v -0.691748 0.376216 -0.049497 1.000000 1.000000 1.000000
v -0.753405 0.396719 0.000000 1.000000 1.000000 1.000000
v -0.691748 0.396719 0.000000 1.000000 1.000000 1.000000
v -0.753405 0.376216 0.049497 1.000000 1.000000 1.000000
v -0.691748 0.376216 0.049497 1.000000 1.000000 1.000000
v -0.753405 0.326719 0.070000 1.000000 1.000000 1.000000
v -0.691748 0.326719 0.070000 1.000000 1.000000 1.000000
v -0.135523 -0.019450 0.087239 1.000000 1.000000 1.000000
v -0.135523 -0.053803 -0.031921 1.000000 1.000000 1.000000
v -0.135523 -0.019450 -0.087857 1.000000 1.000000 1.000000
v -0.135523 -0.044111 -0.072857 1.000000 1.000000 1.000000
v -0.135523 -0.053803 0.031303 1.000000 1.000000 1.000000
v -0.135523 -0.044111 0.072239 1.000000 1.000000 1.000000
v 1.050312 0.086662 0.000000 1.000000 1.000000 1.000000
v 1.242583 0.076281 0.083676 1.000000 1.000000 1.000000
v 1.242583 0.086662 0.000000 1.000000 1.000000 1.000000
v 1.050312 0.076281 0.083676 1.000000 1.000000 1.000000
v 1.050312 0.076281 -0.083676 1.000000 1.000000 1.000000
v 1.242583 0.076281 -0.083676 1.000000 1.000000 1.000000
v 0.695542 0.258266 0.065966 1.000000 1.000000 1.000000
v 0.695542 0.207939 0.065966 1.000000 1.000000 1.000000
v 0.645214 0.258266 0.065966 1.000000 1.000000 1.000000
v 0.705965 0.233103 0.065966 1.000000 1.000000 1.000000
v 0.670378 0.268690 0.065966 1.000000 1.000000 1.000000
v 0.645214 0.207939 0.065966 1.000000 1.000000 1.000000
v 0.634791 0.233103 0.065966 1.000000 1.000000 1.000000
v 0.670378 0.197515 0.065966 1.000000 1.000000 1.000000
v 0.645214 0.207939 -0.065966 1.000000 1.000000 1.000000
v 0.645214 0.258266 -0.065966 1.000000 1.000000 1.000000
v 0.634791 0.233103 -0.065966 1.000000 1.000000 1.000000
v 0.695542 0.207939 -0.065966 1.000000 1.000000 1.000000
v 0.670378 0.197515 -0.065966 1.000000 1.000000 1.000000
v 0.695542 0.258266 -0.065966 1.000000 1.000000 1.000000
v 0.670378 0.268690 -0.065966 1.000000 1.000000 1.000000
v 0.705965 0.233103 -0.065966 1.000000 1.000000 1.000000
v -0.582567 0.137683 -0.072088 1.000000 1.000000 1.000000
v -0.582567 0.137683 0.072088 1.000000 1.000000 1.000000
v -0.582567 0.197496 -0.072088 1.000000 1.000000 1.000000
v 0.645448 0.137683 0.072088 1.000000 1.000000 1.000000
v 0.645448 0.137683 -0.072088 1.000000 1.000000 1.000000
v -0.582567 0.197496 0.072088 1.000000 1.000000 1.000000
v 0.645448 0.197496 -0.072088 1.000000 1.000000 1.000000
v 0.645448 0.197496 0.072088 1.000000 1.000000 1.000000
v -1.533802 0.001868 0.040334 1.000000 1.000000 1.000000
v -1.324168 0.001868 0.040334 1.000000 1.000000 1.000000
v -1.324168 0.042202 0.057041 1.000000 1.000000 1.000000
v -1.533802 0.042202 0.057041 1.000000 1.000000 1.000000
v -1.533802 -0.014839 -0.000000 1.000000 1.000000 1.000000
v -1.324168 -0.014839 -0.000000 1.000000 1.000000 1.000000
v -1.533802 0.001868 -0.040334 1.000000 1.000000 1.000000
v -1.324168 0.001868 -0.040334 1.000000 1.000000 1.000000
v -1.533802 0.042202 -0.057041 1.000000 1.000000 1.000000
v -1.324168 0.042202 -0.057041 1.000000 1.000000 1.000000
v -1.533802 0.082537 -0.040334 1.000000 1.000000 1.000000
v -1.324168 0.082537 -0.040334 1.000000 1.000000 1.000000
v -1.533802 0.099244 0.000000 1.000000 1.000000 1.000000
v -1.324168 0.099244 0.000000 1.000000 1.000000 1.000000
v -1.533802 0.082537 0.040334 1.000000 1.000000 1.000000
v -1.324168 0.082537 0.040334 1.000000 1.000000 1.000000
v -1.533802 0.042202 0.057041 1.000000 1.000000 1.000000
v -1.324168 0.042202 0.057041 1.000000 1.000000 1.000000
v -0.168242 0.104398 0.120514 1.000000 1.000000 1.000000
v -0.142513 0.064497 -0.120514 1.000000 1.000000 1.000000
v -0.168242 0.104398 -0.120514 1.000000 1.000000 1.000000
v -0.142513 0.064497 0.120514 1.000000 1.000000 1.000000
v 0.646881 0.326719 0.056000 1.000000 1.000000 1.000000
v 0.697797 0.326719 0.056000 1.000000 1.000000 1.000000
v 0.697797 0.287121 0.039598 1.000000 1.000000 1.000000
v 0.646881 0.287121 0.039598 1.000000 1.000000 1.000000
v 0.646881 0.270719 0.000000 1.000000 1.000000 1.000000
v 0.697797 0.270719 0.000000 1.000000 1.000000 1.000000
v 0.646881 0.287121 -0.039598 1.000000 1.000000 1.000000
v 0.697797 0.287121 -0.039598 1.000000 1.000000 1.000000
v 0.646881 0.326719 -0.056000 1.000000 1.000000 1.000000
v 0.697797 0.326719 -0.056000 1.000000 1.000000 1.000000
v 0.646881 0.366317 -0.039598 1.000000 1.000000 1.000000
v 0.697797 0.366317 -0.039598 1.000000 1.000000 1.000000
v 0.697797 0.382719 0.000000 1.000000 1.000000 1.000000
v 0.646881 0.382719 0.000000 1.000000 1.000000 1.000000
v 0.697797 0.366317 0.039598 1.000000 1.000000 1.000000
v 0.646881 0.366317 0.039598 1.000000 1.000000 1.000000
v 0.697797 0.326719 0.056000 1.000000 1.000000 1.000000
v 0.646881 0.326719 0.056000 1.000000 1.000000 1.000000
v -0.101348 0.024764 -0.100030 1.000000 1.000000 1.000000
v -0.101348 0.024764 0.100030 1.000000 1.000000 1.000000
v -0.101348 0.110991 -0.100030 1.000000 1.000000 1.000000
v 0.477987 0.024764 0.100030 1.000000 1.000000 1.000000
v 0.477987 0.024764 -0.100030 1.000000 1.000000 1.000000
v -0.101348 0.110991 0.100030 1.000000 1.000000 1.000000
v 0.477987 0.110991 -0.100030 1.000000 1.000000 1.000000
v 0.477987 0.110991 0.100030 1.000000 1.000000 1.000000
v 0.242437 -0.071172 -0.113460 1.000000 1.000000 1.000000
v 0.242437 -0.071172 0.113460 1.000000 1.000000 1.000000
v 0.263144 -0.025416 -0.113460 1.000000 1.000000 1.000000
v 0.263144 -0.025416 0.113460 1.000000 1.000000 1.000000
v 0.392389 -0.025416 -0.113460 1.000000 1.000000 1.000000
v 0.392389 -0.025416 0.113460 1.000000 1.000000 1.000000
v -0.641301 0.111514 -0.026664 1.000000 1.000000 1.000000
v -0.641301 0.060709 -0.021599 1.000000 1.000000 1.000000
v -0.641301 0.082138 -0.037589 1.000000 1.000000 1.000000
v -0.641301 0.162318 -0.021599 1.000000 1.000000 1.000000
v -0.641301 0.140889 -0.037589 1.000000 1.000000 1.000000
v -0.641301 0.168627 0.000000 1.000000 1.000000 1.000000
v -0.641301 0.111514 0.026664 1.000000 1.000000 1.000000
v -0.641301 0.060709 0.021599 1.000000 1.000000 1.000000
v -0.641301 0.082138 0.037589 1.000000 1.000000 1.000000
v -0.641301 0.162318 0.021599 1.000000 1.000000 1.000000
v -0.641301 0.140889 0.037589 1.000000 1.000000 1.000000
v -0.674625 0.208306 -0.031302 1.000000 1.000000 1.000000
v -0.674625 0.208306 0.031302 1.000000 1.000000 1.000000
v -0.674625 0.142400 -0.031302 1.000000 1.000000 1.000000
v -0.674625 0.142400 0.031302 1.000000 1.000000 1.000000
v -0.720004 0.306857 0.002257 1.000000 1.000000 1.000000
v -0.713362 0.268684 -0.008899 1.000000 1.000000 1.000000
v -0.720004 0.306857 -0.002257 1.000000 1.000000 1.000000
v -0.713362 0.268684 0.008899 1.000000 1.000000 1.000000
v -0.691748 0.267663 -0.027070 1.000000 1.000000 1.000000
v -0.691748 0.228277 0.027070 1.000000 1.000000 1.000000
v -0.691748 0.228277 -0.027070 1.000000 1.000000 1.000000
v -0.691748 0.267663 0.027070 1.000000 1.000000 1.000000
v -0.691748 0.182941 0.027070 1.000000 1.000000 1.000000
v -0.691748 0.182941 -0.027070 1.000000 1.000000 1.000000
v -0.691748 0.376216 0.049497 1.000000 1.000000 1.000000
v -0.691748 0.326719 0.056000 1.000000 1.000000 1.000000
v -0.691748 0.366317 0.039598 1.000000 1.000000 1.000000
v -0.691748 0.382719 0.000000 1.000000 1.000000 1.000000
v -0.691748 0.326719 0.070000 1.000000 1.000000 1.000000
v -0.691748 0.396719 0.000000 1.000000 1.000000 1.000000
v -0.691748 0.287121 0.039598 1.000000 1.000000 1.000000
v -0.691748 0.376216 -0.049497 1.000000 1.000000 1.000000
v -0.691748 0.277221 0.049497 1.000000 1.000000 1.000000
v -0.691748 0.366317 -0.039598 1.000000 1.000000 1.000000
v -0.691748 0.270719 0.000000 1.000000 1.000000 1.000000
v -0.691748 0.326719 -0.056000 1.000000 1.000000 1.000000
v -0.691748 0.256719 0.000000 1.000000 1.000000 1.000000
v -0.691748 0.326719 -0.070000 1.000000 1.000000 1.000000
v -0.691748 0.277221 -0.049497 1.000000 1.000000 1.000000
v -0.691748 0.287121 -0.039598 1.000000 1.000000 1.000000
v 0.601579 0.191353 -0.067183 1.000000 1.000000 1.000000
v 0.601579 0.191353 0.067183 1.000000 1.000000 1.000000
v 0.613187 0.235722 -0.067183 1.000000 1.000000 1.000000
v 0.613187 0.235722 0.067183 1.000000 1.000000 1.000000
v 0.646881 0.376216 -0.049497 1.000000 1.000000 1.000000
v 0.646881 0.326719 -0.056000 1.000000 1.000000 1.000000
v 0.646881 0.366317 -0.039598 1.000000 1.000000 1.000000
v 0.646881 0.382719 0.000000 1.000000 1.000000 1.000000
v 0.646881 0.326719 -0.070000 1.000000 1.000000 1.000000
v 0.646881 0.396719 0.000000 1.000000 1.000000 1.000000
v 0.646881 0.277222 -0.049497 1.000000 1.000000 1.000000
v 0.646881 0.376216 0.049497 1.000000 1.000000 1.000000
v 0.646881 0.287121 -0.039598 1.000000 1.000000 1.000000
v 0.646881 0.366317 0.039598 1.000000 1.000000 1.000000
v 0.646881 0.270719 0.000000 1.000000 1.000000 1.000000
v 0.646881 0.326719 0.056000 1.000000 1.000000 1.000000
v 0.646881 0.256719 0.000000 1.000000 1.000000 1.000000
v 0.646881 0.326719 0.070000 1.000000 1.000000 1.000000
v 0.646881 0.277222 0.049497 1.000000 1.000000 1.000000
v 0.646881 0.287121 0.039598 1.000000 1.000000 1.000000
v 0.646881 0.266656 -0.027070 1.000000 1.000000 1.000000
v 0.646881 0.228105 -0.027070 1.000000 1.000000 1.000000
v 0.646881 0.266656 0.027070 1.000000 1.000000 1.000000
v 0.646881 0.228105 0.027070 1.000000 1.000000 1.000000
v 0.747994 0.034686 -0.137973 1.000000 1.000000 1.000000
v 0.747994 0.237716 -0.107190 1.000000 1.000000 1.000000
v 0.747994 0.218552 -0.137973 1.000000 1.000000 1.000000
v 0.747994 0.237716 0.107190 1.000000 1.000000 1.000000
v 0.747994 0.034686 0.137973 1.000000 1.000000 1.000000
v 0.747994 0.218552 0.137973 1.000000 1.000000 1.000000
v 0.747994 0.013930 -0.127274 1.000000 1.000000 1.000000
v 0.747994 0.034686 0.137973 1.000000 1.000000 1.000000
v 0.747994 0.034686 -0.137973 1.000000 1.000000 1.000000
v 0.747994 0.013930 0.127274 1.000000 1.000000 1.000000
v 0.747994 -0.132761 -0.091054 1.000000 1.000000 1.000000
v 0.747994 0.013930 -0.127274 1.000000 1.000000 1.000000
v 0.747994 -0.113960 -0.127274 1.000000 1.000000 1.000000
v 0.747994 0.013930 0.127274 1.000000 1.000000 1.000000
v 0.747994 -0.132761 0.091054 1.000000 1.000000 1.000000
v 0.747994 -0.113960 0.127274 1.000000 1.000000 1.000000
v -1.324168 0.001868 -0.040334 1.000000 1.000000 1.000000
v -1.324168 0.001868 0.040334 1.000000 1.000000 1.000000
v -1.324168 -0.014839 -0.000000 1.000000 1.000000 1.000000
v -1.324168 0.042202 0.057041 1.000000 1.000000 1.000000
v -1.324168 0.042202 -0.057041 1.000000 1.000000 1.000000
v -1.324168 0.082537 -0.040334 1.000000 1.000000 1.000000
v -1.324168 0.082537 0.040334 1.000000 1.000000 1.000000
v -1.324168 0.099244 0.000000 1.000000 1.000000 1.000000
v 1.422841 0.164049 -0.160777 1.000000 1.000000 1.000000
v 1.422841 -0.022874 -0.143962 1.000000 1.000000 1.000000
v 1.422841 0.164049 0.160777 1.000000 1.000000 1.000000
v 1.422841 -0.022874 0.143962 1.000000 1.000000 1.000000
v 1.422841 -0.209796 -0.143962 1.000000 1.000000 1.000000
v 1.422841 -0.022874 0.143962 1.000000 1.000000 1.000000
v 1.422841 -0.209796 0.143962 1.000000 1.000000 1.000000
v 1.422841 -0.209796 -0.143962 1.000000 1.000000 1.000000
v 1.422841 -0.396719 -0.160777 1.000000 1.000000 1.000000
v 1.422841 -0.396719 0.160777 1.000000 1.000000 1.000000

vn 0.992270 -0.124096 -0.000000
vn 0.997957 -0.063897 -0.000000
vn 0.997957 -0.063897 -0.000000
vn 0.992270 -0.124096 -0.000000
vn 0.997957 0.063897 0.000000
vn 0.997957 -0.063897 -0.000000
vn 0.997957 0.063897 0.000000
vn 0.992270 0.124096 0.000000
vn 0.992270 0.124096 0.000000
vn 0.997957 0.063897 0.000000
vn -1.000000 0.000000 0.000000
vn -1.000000 0.000000 0.000000
vn -1.000000 0.000000 0.000000
vn -1.000000 0.000000 0.000000
vn -1.000000 0.000000 0.000000
vn -1.000000 0.000000 0.000000
vn -1.000000 0.000000 0.000000
vn -1.000000 0.000000 0.000000
vn -1.000000 0.000000 0.000000
vn -1.000000 0.000000 0.000000
vn -1.000000 0.000000 0.000000
vn -1.000000 0.000000 0.000000
vn -1.000000 0.000000 0.000000
vn -1.000000 0.000000 0.000000
vn -1.000000 0.000000 0.000000
vn -1.000000 0.000000 0.000000
vn -1.000000 0.000000 0.000000
vn -1.000000 0.000000 0.000000
vn -0.630275 0.548978 0.548978
vn -0.630275 0.548978 -0.548978
vn -0.630276 -0.000000 0.776371
vn -0.630276 0.776371 0.000000
vn -0.630276 0.000000 -0.776371
vn -0.630275 -0.548978 0.548978
vn -0.630275 -0.548978 -0.548978
vn -0.630276 -0.776371 -0.000000
vn 1.000000 -0.000000 0.000000
vn 1.000000 -0.000000 0.000000
vn 1.000000 -0.000000 0.000000
vn 1.000000 -0.000000 0.000000
vn 1.000000 -0.000000 0.000000
vn 1.000000 -0.000000 0.000000
vn 1.000000 -0.000000 0.000000
vn 1.000000 -0.000000 0.000000
vn 1.000000 -0.000000 0.000000
vn 1.000000 -0.000000 0.000000
vn 1.000000 -0.000000 0.000000
vn 1.000000 -0.000000 0.000000
vn 1.000000 -0.000000 0.000000
vn 1.000000 -0.000000 0.000000
vn 1.000000 -0.000000 0.000000
vn 1.000000 -0.000000 0.000000
vn -1.000000 0.000000 0.000000
vn -1.000000 0.000000 0.000000
vn -1.000000 0.000000 0.000000
vn -1.000000 0.000000 0.000000
vn -1.000000 0.000000 0.000000
vn -1.000000 0.000000 0.000000
vn -1.000000 0.000000 0.000000
vn -1.000000 0.000000 0.000000
vn -1.000000 0.000000 0.000000
vn -1.000000 0.000000 0.000000
vn -1.000000 0.000000 0.000000
vn -1.000000 0.000000 0.000000
vn -1.000000 0.000000 0.000000
vn -1.000000 0.000000 0.000000
vn -1.000000 0.000000 0.000000
vn -1.000000 0.000000 0.000000
vn -1.000000 0.000000 0.000000
vn -1.000000 0.000000 0.000000
vn -1.000000 0.000000 0.000000
vn 0.967438 0.253110 0.000000
vn 0.967438 0.253110 0.000000
vn 0.967438 0.253110 0.000000
vn 0.967438 0.253110 0.000000
vn 1.000000 -0.000000 0.000000
vn 1.000000 -0.000000 0.000000
vn 1.000000 -0.000000 0.000000
vn 1.000000 -0.000000 0.000000
vn 1.000000 -0.000000 0.000000
vn 1.000000 -0.000000 0.000000
vn 1.000000 -0.000000 0.000000
vn 1.000000 -0.000000 0.000000
vn 1.000000 -0.000000 0.000000
vn 1.000000 -0.000000 0.000000
vn 1.000000 -0.000000 0.000000
vn 1.000000 -0.000000 0.000000
vn 1.000000 -0.000000 0.000000
vn 1.000000 -0.000000 0.000000
vn 1.000000 -0.000000 0.000000
vn 1.000000 -0.000000 0.000000
vn 1.000000 -0.000000 0.000000
vn 1.000000 -0.000000 0.000000
vn 1.000000 -0.000000 0.000000
vn 1.000000 -0.000000 0.000000
vn -0.707107 0.707107 0.000000
vn 0.000000 1.000000 0.000000
vn 0.000000 1.000000 0.000000
vn -0.707107 0.707107 0.000000
vn -1.000000 0.000000 0.000000
vn -1.000000 0.000000 0.000000
vn -0.707107 -0.707107 -0.000000
vn -0.707107 -0.707107 -0.000000
vn -0.000000 -1.000000 -0.000000
vn -0.000000 -1.000000 -0.000000
vn 0.707107 -0.707107 -0.000000
vn 0.707107 -0.707107 -0.000000
vn 1.000000 -0.000000 0.000000
vn 1.000000 -0.000000 0.000000
vn 0.707107 0.707107 0.000000
vn 0.707107 0.707107 0.000000
vn 0.000000 1.000000 0.000000
vn 0.000000 1.000000 0.000000
vn -0.707107 0.707107 0.000000
vn 0.000000 1.000000 0.000000
vn 0.000000 1.000000 0.000000
vn -0.707107 0.707107 0.000000
vn -1.000000 0.000000 0.000000
vn -1.000000 0.000000 0.000000
vn -0.707107 -0.707107 -0.000000
vn -0.707107 -0.707107 -0.000000
vn -0.000000 -1.000000 -0.000000
vn -0.000000 -1.000000 -0.000000
vn 0.707107 -0.707107 -0.000000
vn 0.707107 -0.707107 -0.000000
vn 1.000000 -0.000000 0.000000
vn 1.000000 -0.000000 0.000000
vn 0.707107 0.707107 0.000000
vn 0.707107 0.707107 0.000000
vn 0.000000 1.000000 0.000000
vn 0.000000 1.000000 0.000000
vn 0.707107 0.707107 0.000000
vn 0.707107 0.707107 0.000000
vn 0.707107 -0.707107 -0.000000
vn 0.707107 -0.707107 -0.000000
vn -1.000000 0.000000 0.000000
vn -1.000000 0.000000 0.000000
vn -1.000000 0.000000 0.000000
vn -1.000000 0.000000 0.000000
vn -1.000000 0.000000 0.000000
vn -1.000000 0.000000 0.000000
vn -1.000000 0.000000 0.000000
vn -1.000000 0.000000 0.000000
vn -1.000000 0.000000 0.000000
vn -1.000000 0.000000 0.000000
vn -1.000000 0.000000 0.000000
vn -1.000000 0.000000 0.000000
vn -1.000000 0.000000 0.000000
vn -1.000000 0.000000 0.000000
vn -1.000000 0.000000 0.000000
vn -1.000000 0.000000 0.000000
vn -1.000000 0.000000 0.000000
vn -1.000000 0.000000 0.000000
vn -1.000000 0.000000 0.000000
vn -1.000000 0.000000 0.000000
vn -1.000000 0.000000 0.000000
vn -1.000000 0.000000 0.000000
vn -1.000000 0.000000 0.000000
vn -1.000000 0.000000 0.000000
vn -1.000000 0.000000 0.000000
vn -1.000000 0.000000 0.000000
vn -0.985201 0.171400 0.000000
vn -0.985201 0.171400 0.000000
vn -0.985201 0.171400 0.000000
vn -0.985201 0.171400 0.000000
vn -1.000000 0.000000 0.000000
vn -1.000000 0.000000 0.000000
vn -1.000000 0.000000 0.000000
vn -1.000000 0.000000 0.000000
vn -1.000000 0.000000 0.000000
vn -1.000000 0.000000 0.000000
vn -1.000000 0.000000 0.000000
vn -1.000000 0.000000 0.000000
vn -1.000000 0.000000 0.000000
vn -1.000000 0.000000 0.000000
vn -1.000000 0.000000 0.000000
vn -1.000000 0.000000 0.000000
vn 0.707107 0.707107 0.000000
vn 0.707107 0.707107 0.000000
vn 0.707107 -0.707107 -0.000000
vn 0.707107 -0.707107 -0.000000
vn -0.000000 -1.000000 -0.000000
vn -0.000000 -1.000000 -0.000000
vn -0.000000 -1.000000 -0.000000
vn -0.000000 -1.000000 -0.000000
vn 0.911040 -0.412318 -0.000000
vn 0.542106 -0.840310 -0.000000
vn 0.911040 -0.412318 -0.000000
vn 0.542106 -0.840310 -0.000000
vn 0.542106 0.840310 0.000000
vn 0.542106 0.840310 0.000000
vn 0.911040 0.412318 0.000000
vn 0.911040 0.412318 0.000000
vn -0.000000 -0.971486 0.237097
vn -0.000000 -0.971486 -0.237097
vn -0.000000 -0.971486 -0.237097
vn -0.000000 -0.519296 -0.854594
vn -0.000000 -0.519296 -0.854594
vn -0.000000 -0.971486 0.237097
vn -0.000000 -0.519296 0.854594
vn -0.000000 -0.519296 0.854594
vn -0.000000 -1.000000 -0.000000
vn -0.000000 -1.000000 -0.000000
vn -0.000000 -0.992394 -0.123099
vn -0.000000 -0.992394 -0.123099
vn -0.000000 -0.992394 0.123099
vn -0.000000 -0.992394 0.123099
vn -0.000000 -0.973096 -0.230399
vn -0.000000 -0.973096 -0.230399
vn -0.000000 -0.993250 -0.115994
vn -0.000000 -0.993250 -0.115994
vn -0.000000 -0.993250 0.115994
vn -0.000000 -0.993250 0.115994
vn -0.000000 -0.973096 0.230399
vn -0.000000 -0.973096 0.230399
vn -0.000000 -0.707107 0.707107
vn -0.000000 -0.707107 0.707107
vn -0.000000 -0.000000 1.000000
vn -0.000000 -0.000000 1.000000
vn -0.000000 -1.000000 -0.000000
vn -0.000000 -1.000000 -0.000000
vn -0.000000 -0.707107 -0.707107
vn -0.000000 -0.707107 -0.707107
vn 0.000000 0.000000 -1.000000
vn 0.000000 0.000000 -1.000000
vn 0.000000 0.707107 -0.707107
vn 0.000000 0.707107 -0.707107
vn 0.000000 1.000000 0.000000
vn 0.000000 1.000000 0.000000
vn 0.000000 0.707107 0.707107
vn 0.000000 0.707107 0.707107
vn -0.000000 -0.000000 1.000000
vn -0.000000 -0.000000 1.000000
vn 0.000000 0.000000 -1.000000
vn 0.000000 0.000000 -1.000000
vn 0.000000 0.707107 -0.707107
vn 0.000000 0.707107 -0.707107
vn 0.000000 1.000000 0.000000
vn 0.000000 1.000000 0.000000
vn 0.000000 0.707107 0.707107
vn 0.000000 0.707107 0.707107
vn -0.000000 -0.000000 1.000000
vn -0.000000 -0.000000 1.000000
vn -0.000000 -0.707107 0.707107
vn -0.000000 -0.707107 0.707107
vn -0.000000 -1.000000 -0.000000
vn -0.000000 -1.000000 -0.000000
vn -0.000000 -0.707107 -0.707107
vn -0.000000 -0.707107 -0.707107
vn 0.000000 0.000000 -1.000000
vn 0.000000 0.000000 -1.000000
vn -0.000000 -0.458179 0.888860
vn -0.000000 -0.458179 0.888860
vn -0.000000 -0.458179 0.888860
vn -0.000000 -0.458179 0.888860
vn -0.000000 -0.458179 -0.888860
vn -0.000000 -0.458179 -0.888860
vn -0.000000 -0.458179 -0.888860
vn -0.000000 -0.458179 -0.888860
vn 0.000000 1.000000 0.000000
vn 0.000000 1.000000 0.000000
vn 0.000000 1.000000 0.000000
vn 0.000000 1.000000 0.000000
vn -0.000000 -0.519677 0.854363
vn -0.000000 -0.519677 0.854363
vn -0.000000 -0.519677 0.854363
vn -0.000000 -0.519677 0.854363
vn -0.000000 -0.519677 -0.854363
vn -0.000000 -0.519677 -0.854363
vn -0.000000 -0.519677 -0.854363
vn -0.000000 -0.519677 -0.854363
vn -0.000000 -0.089598 -0.995978
vn -0.000000 -0.046501 -0.998918
vn -0.000000 -0.089598 -0.995978
vn -0.000000 -0.044800 -0.998996
vn -0.000000 -0.046501 -0.998918
vn 0.000000 0.046501 -0.998918
vn 0.000000 0.044800 -0.998996
vn 0.000000 0.046501 -0.998918
vn 0.000000 0.089598 -0.995978
vn 0.000000 0.089598 -0.995978
vn -0.000000 -0.046501 0.998918
vn -0.000000 -0.089598 0.995978
vn -0.000000 -0.044800 0.998996
vn -0.000000 -0.089598 0.995978
vn 0.000000 0.044800 0.998996
vn -0.000000 -0.046501 0.998918
vn 0.000000 0.046501 0.998918
vn 0.000000 0.089598 0.995978
vn 0.000000 0.046501 0.998918
vn 0.000000 0.089598 0.995978
vn -0.478614 -0.878025 -0.000000
vn 0.478614 -0.878025 -0.000000
vn 0.478614 -0.878025 -0.000000
vn -0.478614 -0.878025 -0.000000
vn -0.840430 -0.541920 -0.000000
vn -0.840430 -0.541920 -0.000000
vn 0.000000 0.485516 -0.874228
vn 0.000000 0.000000 -1.000000
vn 0.000000 0.485516 -0.874228
vn 0.000000 0.000000 -1.000000
vn 0.000000 0.961501 -0.274800
vn 0.000000 0.961501 -0.274800
vn 0.542106 -0.840310 -0.000000
vn 0.542106 -0.840310 -0.000000
vn -0.542106 -0.840310 -0.000000
vn -0.542106 -0.840310 -0.000000
vn -0.911040 -0.412318 -0.000000
vn -0.911040 -0.412318 -0.000000
vn 0.000000 0.485516 0.874228
vn 0.000000 0.485516 0.874228
vn 0.000000 0.961501 0.274800
vn 0.000000 0.961501 0.274800
vn -0.000000 -0.000000 1.000000
vn -0.000000 -0.000000 1.000000
vn 0.000000 0.000000 -1.000000
vn 0.000000 0.000000 -1.000000
vn -0.000000 -0.519296 -0.854594
vn -0.000000 -0.519296 -0.854594
vn -0.000000 -0.519296 0.854594
vn -0.000000 -0.000000 1.000000
vn -0.000000 -0.519296 0.854594
vn -0.000000 -0.000000 1.000000
vn -0.000000 -0.168792 -0.985652
vn -0.000000 -0.168792 -0.985652
vn 0.000000 0.000000 -1.000000
vn 0.000000 0.000000 -1.000000
vn 0.000000 0.000000 -1.000000
vn 0.000000 0.000000 -1.000000
vn 0.000000 0.000000 -1.000000
vn 0.000000 0.000000 -1.000000
vn 0.000000 0.000000 -1.000000
vn 0.000000 0.000000 -1.000000
vn -0.000000 -0.000000 1.000000
vn -0.000000 -0.000000 1.000000
vn -0.000000 -0.000000 1.000000
vn -0.000000 -0.000000 1.000000
vn -0.000000 -0.000000 1.000000
vn -0.000000 -0.000000 1.000000
vn 0.000000 0.000000 -1.000000
vn 0.000000 0.000000 -1.000000
vn 0.000000 0.000000 -1.000000
vn 0.000000 0.000000 -1.000000
vn 0.000000 0.000000 -1.000000
vn 0.000000 0.000000 -1.000000
vn -0.000000 -0.000000 1.000000
vn -0.000000 -0.000000 1.000000
vn -0.000000 -0.000000 1.000000
vn -0.000000 -0.000000 1.000000
vn -0.000000 -0.000000 1.000000
vn -0.000000 -0.000000 1.000000
vn -0.630275 -0.548978 -0.548978
vn 0.000000 0.000000 -1.000000
vn -0.000000 -0.707107 -0.707107
vn -0.630276 0.000000 -0.776371
vn -0.630276 -0.776371 -0.000000
vn -0.000000 -1.000000 -0.000000
vn -0.630275 -0.548978 0.548978
vn -0.000000 -0.707107 0.707107
vn -0.630276 -0.000000 0.776371
vn -0.000000 -0.000000 1.000000
vn -0.630275 0.548978 0.548978
vn 0.000000 0.707107 0.707107
vn -0.630276 0.776371 0.000000
vn 0.000000 1.000000 0.000000
vn -0.630275 0.548978 -0.548978
vn 0.000000 0.707107 -0.707107
vn -0.630276 0.000000 -0.776371
vn 0.000000 0.000000 -1.000000
vn 0.000000 0.707107 -0.707107
vn 0.000000 1.000000 0.000000
vn 0.000000 0.707107 -0.707107
vn 0.000000 1.000000 0.000000
vn 0.000000 0.000000 -1.000000
vn 0.000000 0.707107 0.707107
vn 0.000000 0.000000 -1.000000
vn 0.000000 0.707107 0.707107
vn -0.000000 -0.707107 -0.707107
vn -0.000000 -0.000000 1.000000
vn -0.000000 -0.707107 -0.707107
vn -0.000000 -0.000000 1.000000
vn -0.000000 -1.000000 -0.000000
vn -0.000000 -0.707107 0.707107
vn -0.000000 -1.000000 -0.000000
vn -0.000000 -0.707107 0.707107
vn -0.000000 -0.000000 1.000000
vn -0.000000 -0.000000 1.000000
vn -0.000000 -0.000000 1.000000
vn -0.000000 -0.000000 1.000000
vn 0.000000 0.000000 -1.000000
vn 0.000000 0.000000 -1.000000
vn 0.000000 0.000000 -1.000000
vn 0.000000 0.000000 -1.000000
vn 0.000000 1.000000 0.000000
vn 0.000000 1.000000 0.000000
vn 0.281793 0.959475 0.000000
vn 0.281793 0.959475 0.000000
vn -0.281793 0.959475 0.000000
vn -0.281793 0.959475 0.000000
vn 0.000000 0.961501 0.274800
vn 0.000000 0.961501 -0.274800
vn 0.000000 0.961501 -0.274800
vn 0.000000 0.961501 0.274800
vn -0.000000 -0.000000 1.000000
vn -0.000000 -0.000000 1.000000
vn -0.000000 -0.168792 0.985652
vn -0.000000 -0.168792 0.985652
vn 0.000000 0.168792 0.985652
vn 0.000000 0.168792 0.985652
vn -0.000000 -0.000000 1.000000
vn -0.000000 -0.000000 1.000000
vn -0.000000 -0.000000 1.000000
vn -0.000000 -0.000000 1.000000
vn -0.000000 -0.000000 1.000000
vn -0.000000 -0.000000 1.000000
vn -0.000000 -0.000000 1.000000
vn -0.000000 -0.000000 1.000000
vn 0.000000 0.000000 -1.000000
vn 0.000000 0.000000 -1.000000
vn 0.000000 0.000000 -1.000000
vn 0.000000 0.000000 -1.000000
vn 0.000000 0.000000 -1.000000
vn 0.000000 0.000000 -1.000000
vn 0.000000 0.000000 -1.000000
vn 0.000000 0.000000 -1.000000
vn 0.000000 0.926176 -0.377090
vn 0.000000 0.926176 -0.377090
vn 0.000000 0.981376 -0.192095
vn 0.000000 0.981376 -0.192095
vn 0.000000 0.981376 0.192095
vn 0.000000 0.981376 0.192095
vn 0.000000 0.926176 0.377090
vn 0.000000 0.926176 0.377090
vn 0.000000 0.321713 -0.946837
vn 0.000000 0.321713 -0.946837
vn 0.000000 0.321713 -0.946837
vn 0.000000 0.321713 -0.946837
vn 0.000000 0.321713 0.946837
vn 0.000000 0.321713 0.946837
vn 0.000000 0.321713 0.946837
vn 0.000000 0.321713 0.946837
vn -0.000000 -0.000000 1.000000
vn -0.000000 -0.000000 1.000000
vn -0.000000 -0.000000 1.000000
vn -0.000000 -0.000000 1.000000
vn 0.000000 0.000000 -1.000000
vn 0.000000 0.000000 -1.000000
vn 0.000000 0.000000 -1.000000
vn 0.000000 0.000000 -1.000000
vn 0.000000 0.000000 -1.000000
vn 0.000000 0.000000 -1.000000
vn 0.000000 0.168792 -0.985652
vn 0.000000 0.168792 -0.985652
vn 0.234386 0.972144 0.000000
vn 0.000000 1.000000 0.000000
vn 0.000000 1.000000 0.000000
vn 0.234386 0.972144 0.000000
vn -0.234386 0.972144 0.000000
vn -0.234386 0.972144 0.000000
vn -0.000000 -0.597998 0.801498
vn -0.000000 -0.597998 0.801498
vn -0.000000 -0.597998 0.801498
vn -0.000000 -0.597998 0.801498
vn -0.000000 -0.597998 -0.801498
vn -0.000000 -0.597998 -0.801498
vn -0.000000 -0.597998 -0.801498
vn -0.000000 -0.597998 -0.801498
vn 0.000000 0.000000 -1.000000
vn 0.000000 0.000000 -1.000000
vn 0.000000 0.000000 -1.000000
vn 0.000000 0.000000 -1.000000
vn 0.000000 0.000000 -1.000000
vn 0.000000 0.000000 -1.000000
vn -0.000000 -0.000000 1.000000
vn -0.000000 -0.000000 1.000000
vn -0.000000 -0.000000 1.000000
vn -0.000000 -0.000000 1.000000
vn -0.000000 -0.000000 1.000000
vn -0.000000 -0.000000 1.000000
vn 0.000000 0.707107 -0.707107
vn 0.000000 1.000000 0.000000
vn 0.000000 0.707107 -0.707107
vn 0.000000 1.000000 0.000000
vn 0.000000 0.000000 -1.000000
vn 0.000000 0.707107 0.707107
vn 0.000000 0.000000 -1.000000
vn 0.000000 0.707107 0.707107
vn -0.000000 -0.707107 -0.707107
vn -0.000000 -0.000000 1.000000
vn -0.000000 -0.707107 -0.707107
vn -0.000000 -0.000000 1.000000
vn -0.000000 -1.000000 -0.000000
vn -0.000000 -0.707107 0.707107
vn -0.000000 -1.000000 -0.000000
vn -0.000000 -0.707107 0.707107
vn -0.000000 -0.348591 -0.937275
vn 0.000000 0.000000 -1.000000
vn -0.000000 -0.348591 -0.937275
vn 0.000000 0.000000 -1.000000
vn 0.000000 0.348591 -0.937275
vn 0.000000 0.348591 -0.937275
vn -0.000000 -0.348591 0.937275
vn -0.000000 -0.348591 0.937275
vn -0.000000 -0.000000 1.000000
vn -0.000000 -0.000000 1.000000
vn 0.000000 0.348591 0.937275
vn 0.000000 0.348591 0.937275
vn 0.000000 0.000000 -1.000000
vn 0.000000 0.000000 -1.000000
vn 0.000000 0.000000 -1.000000
vn 0.000000 0.000000 -1.000000
vn 0.000000 0.000000 -1.000000
vn 0.000000 0.000000 -1.000000
vn -0.000000 -0.000000 1.000000
vn -0.000000 -0.000000 1.000000
vn -0.000000 -0.000000 1.000000
vn -0.000000 -0.000000 1.000000
vn -0.000000 -0.000000 1.000000
vn -0.000000 -0.000000 1.000000
vn 0.000000 0.171400 0.985201
vn 0.000000 0.171400 0.985201
vn 0.000000 0.171400 0.985201
vn 0.000000 0.171400 0.985201
vn 0.000000 0.171400 -0.985201
vn 0.000000 0.171400 -0.985201
vn 0.000000 0.171400 -0.985201
vn 0.000000 0.171400 -0.985201
vn 0.000000 0.597998 0.801498
vn 0.000000 0.597998 0.801498
vn 0.000000 0.821378 0.570385
vn 0.000000 0.821378 0.570385
vn 0.000000 0.821378 -0.570385
vn 0.000000 0.821378 -0.570385
vn 0.000000 0.597998 -0.801498
vn 0.000000 0.597998 -0.801498
vn 0.000000 0.000000 -1.000000
vn 0.000000 0.000000 -1.000000
vn 0.000000 0.000000 -1.000000
vn 0.000000 0.000000 -1.000000
vn 0.000000 0.000000 -1.000000
vn 0.000000 0.000000 -1.000000
vn -0.000000 -0.000000 1.000000
vn -0.000000 -0.000000 1.000000
vn -0.000000 -0.000000 1.000000
vn -0.000000 -0.000000 1.000000
vn -0.000000 -0.000000 1.000000
vn -0.000000 -0.000000 1.000000
vn 0.000000 0.000000 -1.000000
vn 0.000000 0.000000 -1.000000
vn 0.000000 0.000000 -1.000000
vn 0.000000 0.000000 -1.000000
vn -0.000000 -0.000000 1.000000
vn -0.000000 -0.000000 1.000000
vn -0.000000 -0.000000 1.000000
vn -0.000000 -0.000000 1.000000
vn 0.000000 0.821378 -0.570385
vn 0.000000 0.821378 -0.570385
vn 0.000000 1.000000 0.000000
vn 0.000000 1.000000 0.000000
vn 0.000000 0.821378 0.570385
vn 0.000000 0.821378 0.570385
vn 0.000000 1.000000 0.000000
vn 0.000000 1.000000 0.000000
vn 0.000000 1.000000 0.000000
vn 0.000000 1.000000 0.000000
vn -0.840430 0.541920 0.000000
vn -0.840430 0.541920 0.000000
vn -0.478614 0.878025 0.000000
vn -0.478614 0.878025 0.000000
vn 0.478614 0.878025 0.000000
vn 0.478614 0.878025 0.000000
vn 0.840430 -0.541920 -0.000000
vn 0.478614 -0.878025 -0.000000
vn 0.840430 -0.541920 -0.000000
vn 0.478614 -0.878025 -0.000000
vn -0.000000 -1.000000 -0.000000
vn -0.000000 -1.000000 -0.000000
vn -0.145396 -0.989374 -0.000000
vn -0.145396 -0.989374 -0.000000
vn 0.145396 -0.989374 -0.000000
vn 0.145396 -0.989374 -0.000000
vn -0.000000 -0.707107 0.707107
vn -0.000000 -0.707107 0.707107
vn -0.000000 -0.000000 1.000000
vn -0.000000 -0.000000 1.000000
vn -0.000000 -1.000000 -0.000000
vn -0.000000 -1.000000 -0.000000
vn -0.000000 -0.707107 -0.707107
vn -0.000000 -0.707107 -0.707107
vn 0.000000 0.000000 -1.000000
vn 0.000000 0.000000 -1.000000
vn 0.000000 0.707107 -0.707107
vn 0.000000 0.707107 -0.707107
vn 0.000000 1.000000 0.000000
vn 0.000000 1.000000 0.000000
vn 0.000000 0.707107 0.707107
vn 0.000000 0.707107 0.707107
vn -0.000000 -0.000000 1.000000
vn -0.000000 -0.000000 1.000000
vn 1.000000 -0.000000 0.000000
vn 1.000000 -0.000000 0.000000
vn 1.000000 -0.000000 0.000000
vn 1.000000 -0.000000 0.000000
vn 1.000000 -0.000000 0.000000
vn 1.000000 -0.000000 0.000000
vn 0.000000 1.000000 0.000000
vn 0.000000 0.992394 0.123099
vn 0.000000 1.000000 0.000000
vn 0.000000 0.992394 0.123099
vn 0.000000 0.992394 -0.123099
vn 0.000000 0.992394 -0.123099
vn 0.000000 0.000000 -1.000000
vn 0.000000 0.000000 -1.000000
vn 0.000000 0.000000 -1.000000
vn 0.000000 0.000000 -1.000000
vn 0.000000 0.000000 -1.000000
vn 0.000000 0.000000 -1.000000
vn 0.000000 0.000000 -1.000000
vn 0.000000 0.000000 -1.000000
vn -0.000000 -0.000000 1.000000
vn -0.000000 -0.000000 1.000000
vn -0.000000 -0.000000 1.000000
vn -0.000000 -0.000000 1.000000
vn -0.000000 -0.000000 1.000000
vn -0.000000 -0.000000 1.000000
vn -0.000000 -0.000000 1.000000
vn -0.000000 -0.000000 1.000000
vn -0.707107 -0.707107 -0.000000
vn -0.707107 -0.707107 -0.000000
vn -0.707107 0.707107 0.000000
vn 0.707107 -0.707107 -0.000000
vn 0.707107 -0.707107 -0.000000
vn -0.707107 0.707107 0.000000
vn 0.707107 0.707107 0.000000
vn 0.707107 0.707107 0.000000
vn -0.000000 -0.707107 0.707107
vn -0.000000 -0.707107 0.707107
vn -0.000000 -0.000000 1.000000
vn -0.000000 -0.000000 1.000000
vn -0.000000 -1.000000 -0.000000
vn -0.000000 -1.000000 -0.000000
vn -0.000000 -0.707107 -0.707107
vn -0.000000 -0.707107 -0.707107
vn 0.000000 0.000000 -1.000000
vn 0.000000 0.000000 -1.000000
vn 0.000000 0.707107 -0.707107
vn 0.000000 0.707107 -0.707107
vn 0.000000 1.000000 0.000000
vn 0.000000 1.000000 0.000000
vn 0.000000 0.707107 0.707107
vn 0.000000 0.707107 0.707107
vn -0.000000 -0.000000 1.000000
vn -0.000000 -0.000000 1.000000
vn 0.478614 0.878025 0.000000
vn 0.840430 0.541920 0.000000
vn 0.478614 0.878025 0.000000
vn 0.840430 0.541920 0.000000
vn 0.000000 0.000000 -1.000000
vn 0.000000 0.000000 -1.000000
vn 0.000000 0.707107 -0.707107
vn 0.000000 0.707107 -0.707107
vn 0.000000 1.000000 0.000000
vn 0.000000 1.000000 0.000000
vn 0.000000 0.707107 0.707107
vn 0.000000 0.707107 0.707107
vn -0.000000 -0.000000 1.000000
vn -0.000000 -0.000000 1.000000
vn -0.000000 -0.707107 0.707107
vn -0.000000 -0.707107 0.707107
vn -0.000000 -1.000000 -0.000000
vn -0.000000 -1.000000 -0.000000
vn -0.000000 -0.707107 -0.707107
vn -0.000000 -0.707107 -0.707107
vn 0.000000 0.000000 -1.000000
vn 0.000000 0.000000 -1.000000
vn -0.707107 -0.707107 -0.000000
vn -0.707107 -0.707107 -0.000000
vn -0.707107 0.707107 0.000000
vn 0.707107 -0.707107 -0.000000
vn 0.707107 -0.707107 -0.000000
vn -0.707107 0.707107 0.000000
vn 0.707107 0.707107 0.000000
vn 0.707107 0.707107 0.000000
vn -0.911040 0.412318 0.000000
vn -0.911040 0.412318 0.000000
vn -0.542106 0.840310 0.000000
vn -0.542106 0.840310 0.000000
vn 0.542106 0.840310 0.000000
vn 0.542106 0.840310 0.000000
vn 1.000000 -0.000000 0.000000
vn 1.000000 -0.000000 0.000000
vn 1.000000 -0.000000 0.000000
vn 1.000000 -0.000000 0.000000
vn 1.000000 -0.000000 0.000000
vn 1.000000 -0.000000 0.000000
vn 1.000000 -0.000000 0.000000
vn 1.000000 -0.000000 0.000000
vn 1.000000 -0.000000 0.000000
vn 1.000000 -0.000000 0.000000
vn 1.000000 -0.000000 0.000000
vn 1.000000 -0.000000 0.000000
vn 1.000000 -0.000000 0.000000
vn 1.000000 -0.000000 0.000000
vn 1.000000 -0.000000 0.000000
vn 0.985201 0.171400 0.000000
vn 0.985201 0.171400 0.000000
vn 0.985201 0.171400 0.000000
vn 0.985201 0.171400 0.000000
vn 1.000000 -0.000000 0.000000
vn 1.000000 -0.000000 0.000000
vn 1.000000 -0.000000 0.000000
vn 1.000000 -0.000000 0.000000
vn 1.000000 -0.000000 0.000000
vn 1.000000 -0.000000 0.000000
vn 1.000000 -0.000000 0.000000
vn 1.000000 -0.000000 0.000000
vn 1.000000 -0.000000 0.000000
vn 1.000000 -0.000000 0.000000
vn 1.000000 -0.000000 0.000000
vn 1.000000 -0.000000 0.000000
vn 1.000000 -0.000000 0.000000
vn 1.000000 -0.000000 0.000000
vn 1.000000 -0.000000 0.000000
vn 1.000000 -0.000000 0.000000
vn 1.000000 -0.000000 0.000000
vn 1.000000 -0.000000 0.000000
vn 1.000000 -0.000000 0.000000
vn 1.000000 -0.000000 0.000000
vn 1.000000 -0.000000 0.000000
vn 1.000000 -0.000000 0.000000
vn -0.967438 0.253110 0.000000
vn -0.967438 0.253110 0.000000
vn -0.967438 0.253110 0.000000
vn -0.967438 0.253110 0.000000
vn -1.000000 0.000000 0.000000
vn -1.000000 0.000000 0.000000
vn -1.000000 0.000000 0.000000
vn -1.000000 0.000000 0.000000
vn -1.000000 0.000000 0.000000
vn -1.000000 0.000000 0.000000
vn -1.000000 0.000000 0.000000
vn -1.000000 0.000000 0.000000
vn -1.000000 0.000000 0.000000
vn -1.000000 0.000000 0.000000
vn -1.000000 0.000000 0.000000
vn -1.000000 0.000000 0.000000
vn -1.000000 0.000000 0.000000
vn -1.000000 0.000000 0.000000
vn -1.000000 0.000000 0.000000
vn -1.000000 0.000000 0.000000
vn -1.000000 0.000000 0.000000
vn -1.000000 0.000000 0.000000
vn -1.000000 0.000000 0.000000
vn -1.000000 0.000000 0.000000
vn -1.000000 0.000000 0.000000
vn -1.000000 0.000000 0.000000
vn -1.000000 0.000000 0.000000
vn -1.000000 0.000000 0.000000
vn -1.000000 0.000000 0.000000
vn -1.000000 0.000000 0.000000
vn -1.000000 0.000000 0.000000
vn -1.000000 0.000000 0.000000
vn -1.000000 0.000000 0.000000
vn -1.000000 0.000000 0.000000
vn -1.000000 0.000000 0.000000
vn -1.000000 0.000000 0.000000
vn -1.000000 0.000000 0.000000
vn -1.000000 0.000000 0.000000
vn -1.000000 0.000000 0.000000
vn -1.000000 0.000000 0.000000
vn 1.000000 -0.000000 0.000000
vn 1.000000 -0.000000 0.000000
vn 1.000000 -0.000000 0.000000
vn 1.000000 -0.000000 0.000000
vn 1.000000 -0.000000 0.000000
vn 1.000000 -0.000000 0.000000
vn 1.000000 -0.000000 0.000000
vn 1.000000 -0.000000 0.000000
vn -1.000000 0.000000 0.000000
vn -1.000000 0.000000 0.000000
vn -1.000000 0.000000 0.000000
vn -1.000000 0.000000 0.000000
vn -1.000000 0.000000 0.000000
vn -1.000000 0.000000 0.000000
vn -1.000000 0.000000 0.000000
vn -1.000000 0.000000 0.000000
vn -1.000000 0.000000 0.000000
vn -1.000000 0.000000 0.000000

vt 0.625000 0.250000 0.0
vt 0.541667 0.000000 0.0
vt 0.541667 0.250000 0.0
vt 0.625000 0.000000 0.0
vt 0.458333 0.000000 0.0
vt 0.541667 0.250000 0.0
vt 0.458333 0.250000 0.0
vt 0.375000 0.000000 0.0
vt 0.375000 0.250000 0.0
vt 0.458333 0.000000 0.0
vt 0.250000 1.000000 0.0
vt 0.125000 1.000000 0.0
vt 0.250000 1.000000 0.0
vt 0.375000 1.000000 0.0
vt 0.125000 1.000000 0.0
vt 0.000000 1.000000 0.0
vt 0.000000 1.000000 0.0
vt 0.375000 1.000000 0.0
vt 0.500000 1.000000 0.0
vt 0.500000 1.000000 0.0
vt 0.625000 1.000000 0.0
vt 0.625000 1.000000 0.0
vt 0.750000 1.000000 0.0
vt 0.750000 1.000000 0.0
vt 0.875000 1.000000 0.0
vt 0.875000 1.000000 0.0
vt 1.000000 1.000000 0.0
vt 1.000000 1.000000 0.0
vt 0.419706 0.080294 0.0
vt 0.419706 0.419706 0.0
vt 0.250000 0.010000 0.0
vt 0.490000 0.250000 0.0
vt 0.250000 0.490000 0.0
vt 0.080294 0.080294 0.0
vt 0.080294 0.419706 0.0
vt 0.010000 0.250000 0.0
vt 0.625000 0.195697 0.0
vt 0.375000 0.000000 0.0
vt 0.375000 0.250000 0.0
vt 0.620050 0.250000 0.0
vt 0.625000 0.054303 0.0
vt 0.620050 0.000000 0.0
vt 0.375000 0.250000 0.0
vt 0.375000 0.000000 0.0
vt 0.375000 0.250000 0.0
vt 0.375000 0.000000 0.0
vt 0.375000 0.250000 0.0
vt 0.375000 0.214427 0.0
vt 0.375000 0.250000 0.0
vt 0.375000 0.035573 0.0
vt 0.375000 0.000000 0.0
vt 0.375000 0.000000 0.0
vt 0.000000 0.000000 0.0
vt 0.000000 0.000000 0.0
vt 0.000000 0.000000 0.0
vt 0.000000 0.000000 0.0
vt 0.000000 0.000000 0.0
vt 0.000000 0.000000 0.0
vt 0.000000 0.000000 0.0
vt 0.000000 0.000000 0.0
vt 0.375000 0.553173 0.0
vt 0.500000 0.750000 0.0
vt 0.375000 0.696827 0.0
vt 0.427724 0.750000 0.0
vt 0.500000 0.500000 0.0
vt 0.427724 0.500000 0.0
vt 0.625000 0.696827 0.0
vt 0.572276 0.750000 0.0
vt 0.625000 0.625000 0.0
vt 0.625000 0.553173 0.0
vt 0.572276 0.500000 0.0
vt 0.625000 0.000000 0.0
vt 0.625000 0.250000 0.0
vt 0.375000 0.000000 0.0
vt 0.375000 0.250000 0.0
vt 0.580294 0.419706 0.0
vt 0.750000 0.442000 0.0
vt 0.614235 0.385764 0.0
vt 0.558000 0.250000 0.0
vt 0.750000 0.490000 0.0
vt 0.510000 0.250000 0.0
vt 0.919706 0.419706 0.0
vt 0.580294 0.080294 0.0
vt 0.885765 0.385765 0.0
vt 0.614236 0.114236 0.0
vt 0.942000 0.250000 0.0
vt 0.750000 0.058000 0.0
vt 0.990000 0.250000 0.0
vt 0.750000 0.010000 0.0
vt 0.919706 0.080294 0.0
vt 0.885764 0.114236 0.0
vt 0.625000 0.000000 0.0
vt 0.625000 0.250000 0.0
vt 0.625000 0.000000 0.0
vt 0.625000 0.250000 0.0
vt 0.875000 1.000000 0.0
vt 1.000000 0.500000 0.0
vt 1.000000 1.000000 0.0
vt 0.875000 0.500000 0.0
vt 0.750000 1.000000 0.0
vt 0.750000 0.500000 0.0
vt 0.625000 1.000000 0.0
vt 0.625000 0.500000 0.0
vt 0.500000 1.000000 0.0
vt 0.500000 0.500000 0.0
vt 0.375000 1.000000 0.0
vt 0.375000 0.500000 0.0
vt 0.250000 1.000000 0.0
vt 0.250000 0.500000 0.0
vt 0.125000 1.000000 0.0
vt 0.125000 0.500000 0.0
vt 0.000000 1.000000 0.0
vt 0.000000 0.500000 0.0
vt 0.875000 1.000000 0.0
vt 1.000000 0.500000 0.0
vt 1.000000 1.000000 0.0
vt 0.875000 0.500000 0.0
vt 0.750000 1.000000 0.0
vt 0.750000 0.500000 0.0
vt 0.625000 1.000000 0.0
vt 0.625000 0.500000 0.0
vt 0.500000 1.000000 0.0
vt 0.500000 0.500000 0.0
vt 0.375000 1.000000 0.0
vt 0.375000 0.500000 0.0
vt 0.250000 1.000000 0.0
vt 0.250000 0.500000 0.0
vt 0.125000 1.000000 0.0
vt 0.125000 0.500000 0.0
vt 0.000000 1.000000 0.0
vt 0.000000 0.500000 0.0
vt 0.625000 0.000000 0.0
vt 0.625000 0.250000 0.0
vt 0.375000 0.000000 0.0
vt 0.375000 0.250000 0.0
vt 0.625000 0.750000 0.0
vt 0.375000 0.750000 0.0
vt 0.375000 0.500000 0.0
vt 0.625000 0.500000 0.0
vt 0.625000 0.750000 0.0
vt 0.625000 0.750000 0.0
vt 0.625000 0.500000 0.0
vt 0.625000 0.500000 0.0
vt 0.625000 0.750000 0.0
vt 0.625000 0.500000 0.0
vt 0.080294 0.080294 0.0
vt 0.250000 0.058000 0.0
vt 0.114236 0.114236 0.0
vt 0.058000 0.250000 0.0
vt 0.250000 0.010000 0.0
vt 0.010000 0.250000 0.0
vt 0.385765 0.114236 0.0
vt 0.080294 0.419706 0.0
vt 0.419706 0.080294 0.0
vt 0.114236 0.385765 0.0
vt 0.442000 0.250000 0.0
vt 0.250000 0.442000 0.0
vt 0.490000 0.250000 0.0
vt 0.250000 0.490000 0.0
vt 0.419706 0.419706 0.0
vt 0.385765 0.385765 0.0
vt 0.625000 0.750000 0.0
vt 0.375000 0.750000 0.0
vt 0.375000 0.500000 0.0
vt 0.625000 0.500000 0.0
vt 0.625000 0.500000 0.0
vt 0.625000 0.750000 0.0
vt 0.375000 0.679468 0.0
vt 0.445532 0.750000 0.0
vt 0.375000 0.570532 0.0
vt 0.445532 0.500000 0.0
vt 0.625000 0.000000 0.0
vt 0.625000 0.250000 0.0
vt 0.375000 0.179468 0.0
vt 0.445532 0.250000 0.0
vt 0.375000 0.070532 0.0
vt 0.445532 0.000000 0.0
vt 0.625000 0.000000 0.0
vt 0.625000 0.250000 0.0
vt 0.375000 0.000000 0.0
vt 0.375000 0.250000 0.0
vt 0.375000 0.750000 0.0
vt 0.375000 0.500000 0.0
vt 0.125000 0.500000 0.0
vt 0.125000 0.750000 0.0
vt 0.500000 0.250000 0.0
vt 0.375000 0.000000 0.0
vt 0.500000 0.000000 0.0
vt 0.375000 0.250000 0.0
vt 0.625000 0.000000 0.0
vt 0.625000 0.250000 0.0
vt 0.500000 0.000000 0.0
vt 0.500000 0.250000 0.0
vt 0.375000 0.714427 0.0
vt 0.375000 0.535573 0.0
vt 0.125000 0.535573 0.0
vt 0.125000 0.500000 0.0
vt 0.375000 0.500000 0.0
vt 0.125000 0.714427 0.0
vt 0.375000 0.750000 0.0
vt 0.125000 0.750000 0.0
vt 0.750000 0.500000 0.0
vt 0.750000 1.000000 0.0
vt 0.875000 0.500000 0.0
vt 0.875000 1.000000 0.0
vt 0.625000 1.000000 0.0
vt 0.625000 0.500000 0.0
vt 0.125000 0.500000 0.0
vt 0.375000 0.500000 0.0
vt 0.375000 0.570532 0.0
vt 0.125000 0.570532 0.0
vt 0.375000 0.679468 0.0
vt 0.125000 0.679468 0.0
vt 0.375000 0.750000 0.0
vt 0.125000 0.750000 0.0
vt 0.875000 1.000000 0.0
vt 0.875000 0.500000 0.0
vt 1.000000 0.500000 0.0
vt 1.000000 1.000000 0.0
vt 0.750000 1.000000 0.0
vt 0.750000 0.500000 0.0
vt 0.625000 1.000000 0.0
vt 0.625000 0.500000 0.0
vt 0.500000 1.000000 0.0
vt 0.500000 0.500000 0.0
vt 0.375000 1.000000 0.0
vt 0.375000 0.500000 0.0
vt 0.250000 1.000000 0.0
vt 0.250000 0.500000 0.0
vt 0.125000 1.000000 0.0
vt 0.125000 0.500000 0.0
vt 0.000000 1.000000 0.0
vt 0.000000 0.500000 0.0
vt 1.000000 0.809342 0.0
vt 1.000000 0.690658 0.0
vt 0.875000 0.690658 0.0
vt 0.875000 0.809342 0.0
vt 0.750000 0.809342 0.0
vt 0.750000 0.690658 0.0
vt 0.625000 0.809342 0.0
vt 0.625000 0.690658 0.0
vt 0.500000 0.809342 0.0
vt 0.500000 0.690658 0.0
vt 0.375000 0.809342 0.0
vt 0.375000 0.690658 0.0
vt 0.250000 0.690658 0.0
vt 0.250000 0.809342 0.0
vt 0.125000 0.690658 0.0
vt 0.125000 0.809342 0.0
vt 0.000000 0.690658 0.0
vt 0.000000 0.809342 0.0
vt 0.375000 1.000000 0.0
vt 0.375000 0.750000 0.0
vt 0.375000 0.750000 0.0
vt 0.375000 1.000000 0.0
vt 0.375000 0.250000 0.0
vt 0.375000 0.500000 0.0
vt 0.375000 0.250000 0.0
vt 0.375000 0.500000 0.0
vt 0.875000 0.750000 0.0
vt 0.625000 0.750000 0.0
vt 0.625000 0.500000 0.0
vt 0.875000 0.500000 0.0
vt 0.625000 0.750000 0.0
vt 0.625000 1.000000 0.0
vt 0.445532 0.750000 0.0
vt 0.445532 1.000000 0.0
vt 0.625000 0.500000 0.0
vt 0.445532 0.250000 0.0
vt 0.625000 0.250000 0.0
vt 0.445532 0.500000 0.0
vt 0.625000 0.250000 0.0
vt 0.541667 0.250000 0.0
vt 0.625000 0.500000 0.0
vt 0.541667 0.500000 0.0
vt 0.541667 0.250000 0.0
vt 0.458333 0.250000 0.0
vt 0.458333 0.500000 0.0
vt 0.458333 0.250000 0.0
vt 0.375000 0.500000 0.0
vt 0.375000 0.250000 0.0
vt 0.541667 1.000000 0.0
vt 0.625000 0.750000 0.0
vt 0.541667 0.750000 0.0
vt 0.625000 1.000000 0.0
vt 0.458333 0.750000 0.0
vt 0.541667 1.000000 0.0
vt 0.458333 1.000000 0.0
vt 0.375000 0.750000 0.0
vt 0.458333 1.000000 0.0
vt 0.375000 1.000000 0.0
vt 0.375000 0.750000 0.0
vt 0.125000 0.750000 0.0
vt 0.125000 0.500000 0.0
vt 0.375000 0.500000 0.0
vt 0.500000 0.750000 0.0
vt 0.500000 0.500000 0.0
vt 0.620050 0.250000 0.0
vt 0.375000 0.250000 0.0
vt 0.620050 0.500000 0.0
vt 0.375000 0.500000 0.0
vt 0.625000 0.250000 0.0
vt 0.625000 0.500000 0.0
vt 0.125000 0.750000 0.0
vt 0.125000 0.500000 0.0
vt 0.375000 0.750000 0.0
vt 0.375000 0.500000 0.0
vt 0.500000 0.750000 0.0
vt 0.500000 0.500000 0.0
vt 0.620050 0.750000 0.0
vt 0.620050 1.000000 0.0
vt 0.625000 0.750000 0.0
vt 0.625000 1.000000 0.0
vt 0.375000 0.750000 0.0
vt 0.375000 1.000000 0.0
vt 0.375000 0.500000 0.0
vt 0.375000 0.250000 0.0
vt 0.375000 0.500000 0.0
vt 0.375000 0.250000 0.0
vt 0.375000 1.000000 0.0
vt 0.375000 0.750000 0.0
vt 0.375000 0.750000 0.0
vt 0.375000 1.000000 0.0
vt 0.875000 0.500000 0.0
vt 0.875000 1.000000 0.0
vt 1.000000 0.500000 0.0
vt 1.000000 1.000000 0.0
vt 0.625000 0.750000 0.0
vt 0.375000 0.750000 0.0
vt 0.500000 0.750000 0.0
vt 0.375000 1.000000 0.0
vt 0.625000 1.000000 0.0
vt 0.500000 1.000000 0.0
vt 0.375000 0.500000 0.0
vt 0.625000 0.250000 0.0
vt 0.625000 0.500000 0.0
vt 0.500000 0.500000 0.0
vt 0.375000 0.250000 0.0
vt 0.500000 0.250000 0.0
vt 0.625000 0.750000 0.0
vt 0.375000 0.750000 0.0
vt 0.500000 0.750000 0.0
vt 0.375000 1.000000 0.0
vt 0.625000 1.000000 0.0
vt 0.500000 1.000000 0.0
vt 0.375000 0.500000 0.0
vt 0.625000 0.250000 0.0
vt 0.625000 0.500000 0.0
vt 0.500000 0.500000 0.0
vt 0.375000 0.250000 0.0
vt 0.500000 0.250000 0.0
vt 0.125000 1.000000 0.0
vt 0.000000 1.000000 0.0
vt 0.125000 1.000000 0.0
vt 0.000000 1.000000 0.0
vt 0.250000 1.000000 0.0
vt 0.250000 1.000000 0.0
vt 0.375000 1.000000 0.0
vt 0.375000 1.000000 0.0
vt 0.500000 1.000000 0.0
vt 0.500000 1.000000 0.0
vt 0.625000 1.000000 0.0
vt 0.625000 1.000000 0.0
vt 0.750000 1.000000 0.0
vt 0.750000 1.000000 0.0
vt 0.875000 1.000000 0.0
vt 0.875000 1.000000 0.0
vt 1.000000 1.000000 0.0
vt 1.000000 1.000000 0.0
vt 0.000000 0.000000 0.0
vt 0.000000 0.000000 0.0
vt 0.000000 0.000000 0.0
vt 0.000000 0.000000 0.0
vt 0.000000 0.000000 0.0
vt 0.000000 0.000000 0.0
vt 0.000000 0.000000 0.0
vt 0.000000 0.000000 0.0
vt 0.000000 0.000000 0.0
vt 0.000000 0.000000 0.0
vt 0.000000 0.000000 0.0
vt 0.000000 0.000000 0.0
vt 0.000000 0.000000 0.0
vt 0.000000 0.000000 0.0
vt 0.000000 0.000000 0.0
vt 0.000000 0.000000 0.0
vt 0.625000 0.250000 0.0
vt 0.625000 0.500000 0.0
vt 0.375000 0.250000 0.0
vt 0.375000 0.500000 0.0
vt 0.625000 1.000000 0.0
vt 0.375000 0.750000 0.0
vt 0.625000 0.750000 0.0
vt 0.375000 1.000000 0.0
vt 0.750000 0.750000 0.0
vt 0.750000 0.500000 0.0
vt 0.875000 0.750000 0.0
vt 0.875000 0.500000 0.0
vt 0.625000 0.500000 0.0
vt 0.625000 0.750000 0.0
vt 0.875000 0.695697 0.0
vt 0.875000 0.554303 0.0
vt 0.625000 0.554303 0.0
vt 0.625000 0.695697 0.0
vt 0.500000 0.500000 0.0
vt 0.500000 1.000000 0.0
vt 0.625000 0.500000 0.0
vt 0.625000 1.000000 0.0
vt 0.375000 1.000000 0.0
vt 0.375000 0.500000 0.0
vt 0.919706 0.080294 0.0
vt 0.919706 0.419706 0.0
vt 0.990000 0.250000 0.0
vt 0.580294 0.080294 0.0
vt 0.750000 0.010000 0.0
vt 0.580294 0.419706 0.0
vt 0.750000 0.490000 0.0
vt 0.510000 0.250000 0.0
vt 0.080294 0.419706 0.0
vt 0.080294 0.080294 0.0
vt 0.419706 0.419706 0.0
vt 0.010000 0.250000 0.0
vt 0.250000 0.490000 0.0
vt 0.419706 0.080294 0.0
vt 0.490000 0.250000 0.0
vt 0.250000 0.010000 0.0
vt 0.125000 0.500000 0.0
vt 0.375000 0.500000 0.0
vt 0.375000 0.570532 0.0
vt 0.125000 0.570532 0.0
vt 0.375000 0.679468 0.0
vt 0.125000 0.679468 0.0
vt 0.375000 0.750000 0.0
vt 0.125000 0.750000 0.0
vt 0.625000 0.250000 0.0
vt 0.625000 0.500000 0.0
vt 0.445532 0.250000 0.0
vt 0.445532 0.500000 0.0
vt 0.625000 1.000000 0.0
vt 0.445532 0.750000 0.0
vt 0.625000 0.750000 0.0
vt 0.445532 1.000000 0.0
vt 0.625000 0.250000 0.0
vt 0.625000 0.500000 0.0
vt 0.375000 0.250000 0.0
vt 0.375000 0.500000 0.0
vt 0.625000 1.000000 0.0
vt 0.375000 0.750000 0.0
vt 0.625000 0.750000 0.0
vt 0.375000 1.000000 0.0
vt 0.000000 0.500000 0.0
vt 0.000000 1.000000 0.0
vt 0.125000 0.500000 0.0
vt 0.125000 1.000000 0.0
vt 0.875000 0.750000 0.0
vt 0.750000 0.750000 0.0
vt 0.750000 0.500000 0.0
vt 0.875000 0.500000 0.0
vt 0.625000 0.500000 0.0
vt 0.625000 0.750000 0.0
vt 0.375000 0.553173 0.0
vt 0.125000 0.553173 0.0
vt 0.125000 0.500000 0.0
vt 0.375000 0.500000 0.0
vt 0.375000 0.750000 0.0
vt 0.125000 0.750000 0.0
vt 0.125000 0.696827 0.0
vt 0.375000 0.696827 0.0
vt 0.625000 1.000000 0.0
vt 0.375000 0.875000 0.0
vt 0.625000 0.875000 0.0
vt 0.375000 1.000000 0.0
vt 0.625000 0.750000 0.0
vt 0.375000 0.750000 0.0
vt 0.375000 0.500000 0.0
vt 0.375000 0.375000 0.0
vt 0.625000 0.500000 0.0
vt 0.625000 0.375000 0.0
vt 0.625000 0.250000 0.0
vt 0.375000 0.250000 0.0
vt 0.000000 0.000000 0.0
vt 0.000000 0.000000 0.0
vt 0.000000 0.000000 0.0
vt 0.000000 0.000000 0.0
vt 0.000000 0.000000 0.0
vt 0.000000 0.000000 0.0
vt 0.000000 0.000000 0.0
vt 0.000000 0.000000 0.0
vt 0.000000 0.000000 0.0
vt 0.000000 0.000000 0.0
vt 0.000000 0.000000 0.0
vt 0.000000 0.000000 0.0
vt 0.000000 0.000000 0.0
vt 0.000000 0.000000 0.0
vt 0.000000 0.000000 0.0
vt 0.000000 0.000000 0.0
vt 0.572276 1.000000 0.0
vt 0.500000 0.750000 0.0
vt 0.572276 0.750000 0.0
vt 0.500000 1.000000 0.0
vt 0.427724 0.750000 0.0
vt 0.427724 1.000000 0.0
vt 0.572276 0.250000 0.0
vt 0.572276 0.500000 0.0
vt 0.500000 0.250000 0.0
vt 0.500000 0.500000 0.0
vt 0.427724 0.250000 0.0
vt 0.427724 0.500000 0.0
vt 0.625000 0.750000 0.0
vt 0.625000 0.875000 0.0
vt 0.375000 0.875000 0.0
vt 0.375000 0.750000 0.0
vt 0.625000 1.000000 0.0
vt 0.375000 1.000000 0.0
vt 0.375000 0.500000 0.0
vt 0.375000 0.375000 0.0
vt 0.625000 0.500000 0.0
vt 0.625000 0.375000 0.0
vt 0.625000 0.250000 0.0
vt 0.375000 0.250000 0.0
vt 0.375000 0.500000 0.0
vt 0.625000 0.250000 0.0
vt 0.625000 0.500000 0.0
vt 0.375000 0.250000 0.0
vt 0.375000 1.000000 0.0
vt 0.625000 0.750000 0.0
vt 0.625000 1.000000 0.0
vt 0.375000 0.750000 0.0
vt 0.572276 0.500000 0.0
vt 0.572276 0.250000 0.0
vt 0.625000 0.250000 0.0
vt 0.625000 0.500000 0.0
vt 0.625000 0.750000 0.0
vt 0.625000 1.000000 0.0
vt 0.572276 1.000000 0.0
vt 0.572276 0.750000 0.0
vt 0.625000 1.000000 0.0
vt 0.625000 0.750000 0.0
vt 0.625000 0.750000 0.0
vt 0.625000 1.000000 0.0
vt 0.625000 1.000000 0.0
vt 0.625000 0.750000 0.0
vt 0.625000 0.250000 0.0
vt 0.625000 0.500000 0.0
vt 0.625000 0.250000 0.0
vt 0.625000 0.500000 0.0
vt 0.625000 0.500000 0.0
vt 0.625000 0.250000 0.0
vt 0.625000 0.750000 0.0
vt 0.625000 1.000000 0.0
vt 0.625000 1.000000 0.0
vt 0.625000 0.750000 0.0
vt 0.625000 0.250000 0.0
vt 0.625000 0.250000 0.0
vt 0.625000 0.500000 0.0
vt 0.625000 0.500000 0.0
vt 0.875000 0.696827 0.0
vt 0.625000 0.696827 0.0
vt 0.625000 0.625000 0.0
vt 0.875000 0.625000 0.0
vt 0.625000 0.553173 0.0
vt 0.875000 0.553173 0.0
vt 0.875000 0.750000 0.0
vt 0.875000 0.500000 0.0
vt 0.625000 0.500000 0.0
vt 0.625000 0.750000 0.0
vt 0.500000 0.750000 0.0
vt 0.500000 0.500000 0.0
vt 0.625000 0.750000 0.0
vt 0.625000 0.500000 0.0
vt 0.875000 0.750000 0.0
vt 0.875000 0.500000 0.0
vt 0.500000 0.250000 0.0
vt 0.375000 0.000000 0.0
vt 0.500000 0.000000 0.0
vt 0.375000 0.250000 0.0
vt 0.250000 0.750000 0.0
vt 0.250000 0.500000 0.0
vt 0.375000 0.750000 0.0
vt 0.375000 0.500000 0.0
vt 0.125000 0.500000 0.0
vt 0.125000 0.750000 0.0
vt 0.875000 1.000000 0.0
vt 0.875000 0.500000 0.0
vt 1.000000 0.500000 0.0
vt 1.000000 1.000000 0.0
vt 0.750000 1.000000 0.0
vt 0.750000 0.500000 0.0
vt 0.625000 1.000000 0.0
vt 0.625000 0.500000 0.0
vt 0.500000 1.000000 0.0
vt 0.500000 0.500000 0.0
vt 0.375000 1.000000 0.0
vt 0.375000 0.500000 0.0
vt 0.250000 1.000000 0.0
vt 0.250000 0.500000 0.0
vt 0.125000 1.000000 0.0
vt 0.125000 0.500000 0.0
vt 0.000000 1.000000 0.0
vt 0.000000 0.500000 0.0
vt 0.625000 0.750000 0.0
vt 0.375000 0.570532 0.0
vt 0.625000 0.500000 0.0
vt 0.445532 0.500000 0.0
vt 0.375000 0.679468 0.0
vt 0.445532 0.750000 0.0
vt 0.250000 1.000000 0.0
vt 0.375000 0.500000 0.0
vt 0.250000 0.500000 0.0
vt 0.375000 1.000000 0.0
vt 0.125000 1.000000 0.0
vt 0.125000 0.500000 0.0
vt 0.080294 0.419706 0.0
vt 0.080294 0.080294 0.0
vt 0.419706 0.419706 0.0
vt 0.010000 0.250000 0.0
vt 0.250000 0.490000 0.0
vt 0.419706 0.080294 0.0
vt 0.490000 0.250000 0.0
vt 0.250000 0.010000 0.0
vt 0.919706 0.080294 0.0
vt 0.919706 0.419706 0.0
vt 0.990000 0.250000 0.0
vt 0.580294 0.080294 0.0
vt 0.750000 0.010000 0.0
vt 0.580294 0.419706 0.0
vt 0.750000 0.490000 0.0
vt 0.510000 0.250000 0.0
vt 0.375000 0.750000 0.0
vt 0.375000 0.500000 0.0
vt 0.625000 0.750000 0.0
vt 0.125000 0.500000 0.0
vt 0.125000 0.750000 0.0
vt 0.625000 0.500000 0.0
vt 0.875000 0.750000 0.0
vt 0.875000 0.500000 0.0
vt 0.875000 1.000000 0.0
vt 0.875000 0.500000 0.0
vt 1.000000 0.500000 0.0
vt 1.000000 1.000000 0.0
vt 0.750000 1.000000 0.0
vt 0.750000 0.500000 0.0
vt 0.625000 1.000000 0.0
vt 0.625000 0.500000 0.0
vt 0.500000 1.000000 0.0
vt 0.500000 0.500000 0.0
vt 0.375000 1.000000 0.0
vt 0.375000 0.500000 0.0
vt 0.250000 1.000000 0.0
vt 0.250000 0.500000 0.0
vt 0.125000 1.000000 0.0
vt 0.125000 0.500000 0.0
vt 0.000000 1.000000 0.0
vt 0.000000 0.500000 0.0
vt 0.625000 0.250000 0.0
vt 0.500000 0.000000 0.0
vt 0.625000 0.000000 0.0
vt 0.500000 0.250000 0.0
vt 1.000000 0.809342 0.0
vt 1.000000 0.690658 0.0
vt 0.875000 0.690658 0.0
vt 0.875000 0.809342 0.0
vt 0.750000 0.809342 0.0
vt 0.750000 0.690658 0.0
vt 0.625000 0.809342 0.0
vt 0.625000 0.690658 0.0
vt 0.500000 0.809342 0.0
vt 0.500000 0.690658 0.0
vt 0.375000 0.809342 0.0
vt 0.375000 0.690658 0.0
vt 0.250000 0.690658 0.0
vt 0.250000 0.809342 0.0
vt 0.125000 0.690658 0.0
vt 0.125000 0.809342 0.0
vt 0.000000 0.690658 0.0
vt 0.000000 0.809342 0.0
vt 0.375000 0.750000 0.0
vt 0.375000 0.500000 0.0
vt 0.625000 0.750000 0.0
vt 0.125000 0.500000 0.0
vt 0.125000 0.750000 0.0
vt 0.625000 0.500000 0.0
vt 0.875000 0.750000 0.0
vt 0.875000 0.500000 0.0
vt 0.500000 0.750000 0.0
vt 0.500000 0.500000 0.0
vt 0.625000 0.750000 0.0
vt 0.625000 0.500000 0.0
vt 0.875000 0.750000 0.0
vt 0.875000 0.500000 0.0
vt 0.500000 0.000000 0.0
vt 0.375000 0.053173 0.0
vt 0.427724 0.000000 0.0
vt 0.625000 0.053173 0.0
vt 0.572276 0.000000 0.0
vt 0.625000 0.125000 0.0
vt 0.500000 0.250000 0.0
vt 0.375000 0.196827 0.0
vt 0.427724 0.250000 0.0
vt 0.625000 0.196827 0.0
vt 0.572276 0.250000 0.0
vt 0.625000 0.000000 0.0
vt 0.625000 0.250000 0.0
vt 0.375000 0.000000 0.0
vt 0.375000 0.250000 0.0
vt 0.625000 0.250000 0.0
vt 0.375000 0.000000 0.0
vt 0.625000 0.000000 0.0
vt 0.375000 0.250000 0.0
vt 0.625000 0.000000 0.0
vt 0.625000 0.250000 0.0
vt 0.625000 0.000000 0.0
vt 0.625000 0.250000 0.0
vt 0.625000 0.250000 0.0
vt 0.625000 0.000000 0.0
vt 0.580294 0.419706 0.0
vt 0.750000 0.442000 0.0
vt 0.614235 0.385764 0.0
vt 0.558000 0.250000 0.0
vt 0.750000 0.490000 0.0
vt 0.510000 0.250000 0.0
vt 0.885765 0.385765 0.0
vt 0.580294 0.080294 0.0
vt 0.919706 0.419706 0.0
vt 0.614236 0.114236 0.0
vt 0.942000 0.250000 0.0
vt 0.750000 0.058000 0.0
vt 0.990000 0.250000 0.0
vt 0.750000 0.010000 0.0
vt 0.919706 0.080294 0.0
vt 0.885764 0.114236 0.0
vt 0.375000 0.750000 0.0
vt 0.375000 0.500000 0.0
vt 0.625000 0.750000 0.0
vt 0.625000 0.500000 0.0
vt 0.080294 0.080294 0.0
vt 0.250000 0.058000 0.0
vt 0.114236 0.114236 0.0
vt 0.058000 0.250000 0.0
vt 0.250000 0.010000 0.0
vt 0.010000 0.250000 0.0
vt 0.419706 0.080294 0.0
vt 0.080294 0.419706 0.0
vt 0.385765 0.114236 0.0
vt 0.114236 0.385765 0.0
vt 0.442000 0.250000 0.0
vt 0.250000 0.442000 0.0
vt 0.490000 0.250000 0.0
vt 0.250000 0.490000 0.0
vt 0.419706 0.419706 0.0
vt 0.385765 0.385765 0.0
vt 0.625000 0.750000 0.0
vt 0.625000 0.750000 0.0
vt 0.625000 0.500000 0.0
vt 0.625000 0.500000 0.0
vt 0.375000 0.500000 0.0
vt 0.625000 0.554303 0.0
vt 0.620050 0.500000 0.0
vt 0.625000 0.695697 0.0
vt 0.375000 0.750000 0.0
vt 0.620050 0.750000 0.0
vt 0.375000 0.500000 0.0
vt 0.375000 0.750000 0.0
vt 0.375000 0.500000 0.0
vt 0.375000 0.750000 0.0
vt 0.375000 0.535573 0.0
vt 0.375000 0.500000 0.0
vt 0.375000 0.500000 0.0
vt 0.375000 0.750000 0.0
vt 0.375000 0.714427 0.0
vt 0.375000 0.750000 0.0
vt 0.625000 0.500000 0.0
vt 0.875000 0.500000 0.0
vt 0.750000 0.500000 0.0
vt 0.000000 0.500000 0.0
vt 0.500000 0.500000 0.0
vt 0.375000 0.500000 0.0
vt 0.125000 0.500000 0.0
vt 0.250000 0.500000 0.0
vt 0.625000 0.500000 0.0
vt 0.541667 0.500000 0.0
vt 0.625000 0.750000 0.0
vt 0.541667 0.750000 0.0
vt 0.458333 0.500000 0.0
vt 0.541667 0.750000 0.0
vt 0.458333 0.750000 0.0
vt 0.458333 0.500000 0.0
vt 0.375000 0.500000 0.0
vt 0.375000 0.750000 0.0

f 1/1/1 2/2/2 3/3/3
f 2/2/2 1/1/1 4/4/4
f 5/5/5 6/6/6 2/2/2
f 6/6/6 5/5/5 7/7/7
f 7/7/7 8/8/8 9/9/9
f 8/8/8 7/7/7 10/10/10
f 11/11/11 12/12/12 13/13/13
f 14/14/14 11/11/11 13/13/13
f 12/12/12 11/11/11 15/15/15
f 16/16/16 12/12/12 15/15/15
f 15/15/15 17/17/17 16/16/16
f 11/11/11 14/14/14 18/18/18
f 19/19/19 18/18/18 14/14/14
f 18/18/18 19/19/19 20/20/20
f 21/21/21 20/20/20 19/19/19
f 20/20/20 21/21/21 22/22/22
f 21/21/21 23/23/23 22/22/22
f 21/21/21 24/24/24 23/23/23
f 25/25/25 23/23/23 24/24/24
f 23/23/23 25/25/25 26/26/26
f 25/25/25 27/27/27 26/26/26
f 27/27/27 25/25/25 28/28/28
f 29/29/29 30/30/30 31/31/31
f 30/30/30 29/29/29 32/32/32
f 33/33/33 31/31/31 30/30/30
f 33/33/33 34/34/34 31/31/31
f 34/34/34 33/33/33 35/35/35
f 34/34/34 35/35/35 36/36/36
f 37/37/37 38/38/38 39/39/39
f 37/37/37 39/39/39 40/40/40
f 41/41/41 38/38/38 37/37/37
f 38/38/38 41/41/41 42/42/42
f 43/43/43 44/44/44 45/45/45
f 44/44/44 43/43/43 46/46/46
f 47/47/47 48/48/48 49/49/49
f 48/48/48 47/47/47 50/50/50
f 51/51/51 50/50/50 47/47/47
f 50/50/50 51/51/51 52/52/52
f 53/53/53 54/54/54 55/55/55
f 54/54/54 53/53/53 56/56/56
f 57/57/57 54/54/54 56/56/56
f 54/54/54 57/57/57 58/58/58
f 54/54/54 58/58/58 59/59/59
f 54/54/54 59/59/59 60/60/60
f 61/61/61 62/62/62 63/63/63
f 63/63/63 62/62/62 64/64/64
f 62/62/62 61/61/61 65/65/65
f 65/65/65 61/61/61 66/66/66
f 62/62/62 67/67/67 68/68/68
f 62/62/62 69/69/69 67/67/67
f 69/69/69 62/62/62 65/65/65
f 69/69/69 65/65/65 70/70/70
f 70/70/70 65/65/65 71/71/71
f 72/72/72 73/73/73 74/74/74
f 74/74/74 73/73/73 75/75/75
f 76/76/76 77/77/77 78/78/78
f 79/79/79 76/76/76 78/78/78
f 77/77/77 76/76/76 80/80/80
f 76/76/76 79/79/79 81/81/81
f 82/82/82 77/77/77 80/80/80
f 83/83/83 81/81/81 79/79/79
f 77/77/77 82/82/82 84/84/84
f 83/83/83 79/79/79 85/85/85
f 82/82/82 86/86/86 84/84/84
f 87/87/87 83/83/83 85/85/85
f 86/86/86 82/82/82 88/88/88
f 83/83/83 87/87/87 89/89/89
f 86/86/86 88/88/88 90/90/90
f 90/90/90 89/89/89 87/87/87
f 86/86/86 90/90/90 91/91/91
f 90/90/90 87/87/87 91/91/91
f 92/92/92 93/93/93 94/94/94
f 93/93/93 92/92/92 95/95/95
f 96/96/96 97/97/97 98/98/98
f 97/97/97 96/96/96 99/99/99
f 100/100/100 99/99/99 96/96/96
f 99/99/99 100/100/100 101/101/101
f 102/102/102 101/101/101 100/100/100
f 101/101/101 102/102/102 103/103/103
f 104/104/104 103/103/103 102/102/102
f 103/103/103 104/104/104 105/105/105
f 106/106/106 105/105/105 104/104/104
f 105/105/105 106/106/106 107/107/107
f 108/108/108 107/107/107 106/106/106
f 107/107/107 108/108/108 109/109/109
f 110/110/110 109/109/109 108/108/108
f 109/109/109 110/110/110 111/111/111
f 112/112/112 111/111/111 110/110/110
f 111/111/111 112/112/112 113/113/113
f 114/114/114 115/115/115 116/116/116
f 115/115/115 114/114/114 117/117/117
f 118/118/118 117/117/117 114/114/114
f 117/117/117 118/118/118 119/119/119
f 120/120/120 119/119/119 118/118/118
f 119/119/119 120/120/120 121/121/121
f 122/122/122 121/121/121 120/120/120
f 121/121/121 122/122/122 123/123/123
f 124/124/124 123/123/123 122/122/122
f 123/123/123 124/124/124 125/125/125
f 126/126/126 125/125/125 124/124/124
f 125/125/125 126/126/126 127/127/127
f 128/128/128 127/127/127 126/126/126
f 127/127/127 128/128/128 129/129/129
f 130/130/130 129/129/129 128/128/128
f 129/129/129 130/130/130 131/131/131
f 132/132/132 133/133/133 134/134/134
f 134/134/134 133/133/133 135/135/135
f 136/136/136 137/137/137 138/138/138
f 136/136/136 138/138/138 139/139/139
f 140/140/140 141/141/141 142/142/142
f 141/141/141 143/143/143 142/142/142
f 141/141/141 144/144/144 143/143/143
f 144/144/144 145/145/145 143/143/143
f 146/146/146 147/147/147 148/148/148
f 149/149/149 146/146/146 148/148/148
f 147/147/147 146/146/146 150/150/150
f 146/146/146 149/149/149 151/151/151
f 150/150/150 152/152/152 147/147/147
f 153/153/153 151/151/151 149/149/149
f 152/152/152 150/150/150 154/154/154
f 153/153/153 149/149/149 155/155/155
f 154/154/154 156/156/156 152/152/152
f 157/157/157 153/153/153 155/155/155
f 156/156/156 154/154/154 158/158/158
f 153/153/153 157/157/157 159/159/159
f 160/160/160 156/156/156 158/158/158
f 161/161/161 159/159/159 157/157/157
f 156/156/156 160/160/160 161/161/161
f 159/159/159 161/161/161 160/160/160
f 162/162/162 163/163/163 164/164/164
f 162/162/162 164/164/164 165/165/165
f 166/166/166 167/167/167 168/168/168
f 168/168/168 167/167/167 169/169/169
f 170/170/170 166/166/166 168/168/168
f 166/166/166 170/170/170 171/171/171
f 172/172/172 173/173/173 174/174/174
f 174/174/174 173/173/173 175/175/175
f 172/172/172 174/174/174 176/176/176
f 172/172/172 176/176/176 177/177/177
f 178/178/178 179/179/179 180/180/180
f 180/180/180 179/179/179 181/181/181
f 182/182/182 183/183/183 184/184/184
f 184/184/184 185/185/185 182/182/182
f 186/186/186 187/187/187 188/188/188
f 187/187/187 186/186/186 189/189/189
f 190/190/190 191/191/191 192/192/192
f 192/192/192 191/191/191 193/193/193
f 194/194/194 195/195/195 196/196/196
f 195/195/195 197/197/197 196/196/196
f 197/197/197 195/195/195 198/198/198
f 196/196/196 199/199/199 194/194/194
f 194/194/194 199/199/199 200/200/200
f 201/201/201 200/200/200 199/199/199
f 202/202/202 203/203/203 204/204/204
f 205/205/205 204/204/204 203/203/203
f 203/203/203 202/202/202 206/206/206
f 207/207/207 206/206/206 202/202/202
f 208/208/208 209/209/209 210/210/210
f 208/208/208 210/210/210 211/211/211
f 211/211/211 210/210/210 212/212/212
f 211/211/211 212/212/212 213/213/213
f 214/214/214 213/213/213 212/212/212
f 213/213/213 214/214/214 215/215/215
f 216/216/216 217/217/217 218/218/218
f 216/216/216 218/218/218 219/219/219
f 220/220/220 217/217/217 216/216/216
f 220/220/220 221/221/221 217/217/217
f 222/222/222 221/221/221 220/220/220
f 222/222/222 223/223/223 221/221/221
f 224/224/224 223/223/223 222/222/222
f 224/224/224 225/225/225 223/223/223
f 226/226/226 225/225/225 224/224/224
f 226/226/226 227/227/227 225/225/225
f 226/226/226 228/228/228 227/227/227
f 227/227/227 228/228/228 229/229/229
f 228/228/228 230/230/230 229/229/229
f 229/229/229 230/230/230 231/231/231
f 232/232/232 231/231/231 230/230/230
f 232/232/232 233/233/233 231/231/231
f 234/234/234 235/235/235 236/236/236
f 234/234/234 236/236/236 237/237/237
f 238/238/238 237/237/237 236/236/236
f 239/239/239 238/238/238 236/236/236
f 240/240/240 238/238/238 239/239/239
f 241/241/241 240/240/240 239/239/239
f 241/241/241 242/242/242 240/240/240
f 242/242/242 241/241/241 243/243/243
f 243/243/243 244/244/244 242/242/242
f 244/244/244 243/243/243 245/245/245
f 244/244/244 245/245/245 246/246/246
f 244/244/244 246/246/246 247/247/247
f 247/247/247 246/246/246 248/248/248
f 247/247/247 248/248/248 249/249/249
f 249/249/249 248/248/248 250/250/250
f 249/249/249 250/250/250 251/251/251
f 252/252/252 253/253/253 254/254/254
f 253/253/253 252/252/252 255/255/255
f 256/256/256 257/257/257 258/258/258
f 259/259/259 258/258/258 257/257/257
f 260/260/260 261/261/261 262/262/262
f 260/260/260 262/262/262 263/263/263
f 264/264/264 265/265/265 266/266/266
f 267/267/267 266/266/266 265/265/265
f 268/268/268 269/269/269 270/270/270
f 269/269/269 268/268/268 271/271/271
f 272/272/272 273/273/273 274/274/274
f 274/274/274 273/273/273 275/275/275
f 276/276/276 277/277/277 275/275/275
f 275/275/275 277/277/277 278/278/278
f 279/279/279 280/280/280 278/278/278
f 280/280/280 279/279/279 281/281/281
f 282/282/282 283/283/283 284/284/284
f 283/283/283 282/282/282 285/285/285
f 286/286/286 287/287/287 284/284/284
f 288/288/288 287/287/287 286/286/286
f 289/289/289 290/290/290 286/286/286
f 290/290/290 289/289/289 291/291/291
f 292/292/292 293/293/293 294/294/294
f 292/292/292 294/294/294 295/295/295
f 292/292/292 295/295/295 296/296/296
f 296/296/296 295/295/295 297/297/297
f 298/298/298 299/299/299 300/300/300
f 300/300/300 299/299/299 301/301/301
f 300/300/300 302/302/302 298/298/298
f 302/302/302 300/300/300 303/303/303
f 304/304/304 305/305/305 306/306/306
f 306/306/306 305/305/305 307/307/307
f 306/306/306 307/307/307 308/308/308
f 308/308/308 307/307/307 309/309/309
f 310/310/310 311/311/311 312/312/312
f 313/313/313 312/312/312 311/311/311
f 314/314/314 311/311/311 310/310/310
f 311/311/311 314/314/314 315/315/315
f 316/316/316 317/317/317 318/318/318
f 317/317/317 319/319/319 318/318/318
f 320/320/320 321/321/321 322/322/322
f 321/321/321 320/320/320 323/323/323
f 324/324/324 325/325/325 326/326/326
f 327/327/327 326/326/326 325/325/325
f 328/328/328 329/329/329 330/330/330
f 329/329/329 328/328/328 331/331/331
f 328/328/328 332/332/332 331/331/331
f 331/331/331 332/332/332 333/333/333
f 334/334/334 335/335/335 336/336/336
f 334/334/334 336/336/336 337/337/337
f 338/338/338 335/335/335 334/334/334
f 335/335/335 338/338/338 339/339/339
f 340/340/340 341/341/341 342/342/342
f 341/341/341 340/340/340 343/343/343
f 340/340/340 344/344/344 343/343/343
f 343/343/343 344/344/344 345/345/345
f 346/346/346 347/347/347 348/348/348
f 346/346/346 348/348/348 349/349/349
f 350/350/350 347/347/347 346/346/346
f 347/347/347 350/350/350 351/351/351
f 352/352/352 353/353/353 354/354/354
f 353/353/353 352/352/352 355/355/355
f 354/354/354 356/356/356 352/352/352
f 356/356/356 354/354/354 357/357/357
f 357/357/357 358/358/358 356/356/356
f 358/358/358 357/357/357 359/359/359
f 359/359/359 360/360/360 358/358/358
f 360/360/360 359/359/359 361/361/361
f 361/361/361 362/362/362 360/360/360
f 362/362/362 361/361/361 363/363/363
f 362/362/362 363/363/363 364/364/364
f 365/365/365 364/364/364 363/363/363
f 364/364/364 365/365/365 366/366/366
f 367/367/367 366/366/366 365/365/365
f 367/367/367 368/368/368 366/366/366
f 368/368/368 367/367/367 369/369/369
f 370/370/370 371/371/371 372/372/372
f 371/371/371 370/370/370 373/373/373
f 370/370/370 372/372/372 374/374/374
f 373/373/373 375/375/375 371/371/371
f 376/376/376 374/374/374 372/372/372
f 375/375/375 373/373/373 377/377/377
f 374/374/374 376/376/376 378/378/378
f 375/375/375 377/377/377 379/379/379
f 380/380/380 378/378/378 376/376/376
f 381/381/381 379/379/379 377/377/377
f 378/378/378 380/380/380 382/382/382
f 379/379/379 381/381/381 383/383/383
f 384/384/384 382/382/382 380/380/380
f 385/385/385 383/383/383 381/381/381
f 382/382/382 384/384/384 385/385/385
f 383/383/383 385/385/385 384/384/384
f 386/386/386 387/387/387 388/388/388
f 389/389/389 388/388/388 387/387/387
f 390/390/390 391/391/391 392/392/392
f 391/391/391 390/390/390 393/393/393
f 394/394/394 395/395/395 396/396/396
f 396/396/396 395/395/395 397/397/397
f 394/394/394 398/398/398 395/395/395
f 399/399/399 398/398/398 394/394/394
f 400/400/400 401/401/401 402/402/402
f 402/402/402 403/403/403 400/400/400
f 404/404/404 405/405/405 406/406/406
f 407/407/407 406/406/406 405/405/405
f 405/405/405 404/404/404 408/408/408
f 409/409/409 408/408/408 404/404/404
f 410/410/410 411/411/411 412/412/412
f 411/411/411 410/410/410 413/413/413
f 413/413/413 410/410/410 414/414/414
f 413/413/413 415/415/415 411/411/411
f 411/411/411 415/415/415 416/416/416
f 415/415/415 413/413/413 417/417/417
f 418/418/418 419/419/419 420/420/420
f 419/419/419 418/418/418 421/421/421
f 418/418/418 420/420/420 422/422/422
f 419/419/419 423/423/423 420/420/420
f 420/420/420 423/423/423 424/424/424
f 423/423/423 419/419/419 425/425/425
f 426/426/426 427/427/427 428/428/428
f 426/426/426 428/428/428 429/429/429
f 429/429/429 428/428/428 430/430/430
f 429/429/429 430/430/430 431/431/431
f 431/431/431 430/430/430 432/432/432
f 431/431/431 432/432/432 433/433/433
f 434/434/434 435/435/435 436/436/436
f 437/437/437 436/436/436 435/435/435
f 438/438/438 439/439/439 440/440/440
f 439/439/439 438/438/438 441/441/441
f 442/442/442 443/443/443 444/444/444
f 445/445/445 444/444/444 443/443/443
f 446/446/446 447/447/447 448/448/448
f 447/447/447 446/446/446 449/449/449
f 450/450/450 451/451/451 452/452/452
f 453/453/453 452/452/452 451/451/451
f 454/454/454 455/455/455 456/456/456
f 454/454/454 456/456/456 457/457/457
f 455/455/455 458/458/458 456/456/456
f 455/455/455 459/459/459 458/458/458
f 460/460/460 461/461/461 462/462/462
f 460/460/460 462/462/462 463/463/463
f 464/464/464 465/465/465 466/466/466
f 464/464/464 466/466/466 467/467/467
f 468/468/468 469/469/469 470/470/470
f 469/469/469 468/468/468 471/471/471
f 469/469/469 472/472/472 470/470/470
f 469/469/469 473/473/473 472/472/472
f 474/474/474 475/475/475 476/476/476
f 475/475/475 477/477/477 476/476/476
f 475/475/475 478/478/478 477/477/477
f 478/478/478 475/475/475 479/479/479
f 480/480/480 481/481/481 482/482/482
f 481/481/481 480/480/480 483/483/483
f 480/480/480 482/482/482 484/484/484
f 483/483/483 485/485/485 481/481/481
f 486/486/486 484/484/484 482/482/482
f 485/485/485 483/483/483 487/487/487
f 484/484/484 486/486/486 488/488/488
f 485/485/485 487/487/487 489/489/489
f 490/490/490 488/488/488 486/486/486
f 491/491/491 489/489/489 487/487/487
f 488/488/488 490/490/490 492/492/492
f 489/489/489 491/491/491 493/493/493
f 494/494/494 492/492/492 490/490/490
f 495/495/495 493/493/493 491/491/491
f 492/492/492 494/494/494 495/495/495
f 493/493/493 495/495/495 494/494/494
f 496/496/496 497/497/497 498/498/498
f 497/497/497 496/496/496 499/499/499
f 499/499/499 500/500/500 497/497/497
f 500/500/500 499/499/499 501/501/501
f 502/502/502 503/503/503 504/504/504
f 505/505/505 504/504/504 503/503/503
f 504/504/504 505/505/505 506/506/506
f 507/507/507 506/506/506 505/505/505
f 508/508/508 509/509/509 510/510/510
f 508/508/508 510/510/510 511/511/511
f 512/512/512 510/510/510 509/509/509
f 510/510/510 512/512/512 513/513/513
f 514/514/514 515/515/515 516/516/516
f 515/515/515 517/517/517 516/516/516
f 515/515/515 518/518/518 517/517/517
f 518/518/518 515/515/515 519/519/519
f 520/520/520 521/521/521 522/522/522
f 521/521/521 520/520/520 523/523/523
f 524/524/524 525/525/525 526/526/526
f 525/525/525 524/524/524 527/527/527
f 528/528/528 529/529/529 530/530/530
f 528/528/528 530/530/530 531/531/531
f 532/532/532 533/533/533 534/534/534
f 532/532/532 534/534/534 535/535/535
f 536/536/536 537/537/537 538/538/538
f 537/537/537 536/536/536 539/539/539
f 537/537/537 539/539/539 540/540/540
f 537/537/537 540/540/540 541/541/541
f 542/542/542 543/543/543 544/544/544
f 543/543/543 542/542/542 545/545/545
f 546/546/546 544/544/544 543/543/543
f 544/544/544 546/546/546 547/547/547
f 548/548/548 549/549/549 550/550/550
f 548/548/548 550/550/550 551/551/551
f 552/552/552 553/553/553 554/554/554
f 554/554/554 553/553/553 555/555/555
f 556/556/556 557/557/557 558/558/558
f 556/556/556 558/558/558 559/559/559
f 559/559/559 558/558/558 560/560/560
f 559/559/559 560/560/560 561/561/561
f 562/562/562 563/563/563 564/564/564
f 564/564/564 565/565/565 562/562/562
f 566/566/566 567/567/567 568/568/568
f 568/568/568 567/567/567 569/569/569
f 570/570/570 568/568/568 569/569/569
f 570/570/570 569/569/569 571/571/571
f 572/572/572 573/573/573 574/574/574
f 573/573/573 572/572/572 575/575/575
f 576/576/576 577/577/577 578/578/578
f 578/578/578 577/577/577 579/579/579
f 576/576/576 580/580/580 577/577/577
f 581/581/581 580/580/580 576/576/576
f 582/582/582 583/583/583 584/584/584
f 582/582/582 584/584/584 585/585/585
f 586/586/586 583/583/583 582/582/582
f 586/586/586 587/587/587 583/583/583
f 588/588/588 587/587/587 586/586/586
f 588/588/588 589/589/589 587/587/587
f 590/590/590 589/589/589 588/588/588
f 590/590/590 591/591/591 589/589/589
f 592/592/592 591/591/591 590/590/590
f 592/592/592 593/593/593 591/591/591
f 592/592/592 594/594/594 593/593/593
f 593/593/593 594/594/594 595/595/595
f 594/594/594 596/596/596 595/595/595
f 595/595/595 596/596/596 597/597/597
f 598/598/598 597/597/597 596/596/596
f 598/598/598 599/599/599 597/597/597
f 600/600/600 601/601/601 602/602/602
f 602/602/602 601/601/601 603/603/603
f 601/601/601 600/600/600 604/604/604
f 604/604/604 600/600/600 605/605/605
f 606/606/606 607/607/607 608/608/608
f 607/607/607 606/606/606 609/609/609
f 608/608/608 610/610/610 606/606/606
f 610/610/610 608/608/608 611/611/611
f 612/612/612 613/613/613 614/614/614
f 613/613/613 612/612/612 615/615/615
f 612/612/612 614/614/614 616/616/616
f 613/613/613 617/617/617 614/614/614
f 614/614/614 617/617/617 618/618/618
f 617/617/617 613/613/613 619/619/619
f 620/620/620 621/621/621 622/622/622
f 621/621/621 620/620/620 623/623/623
f 623/623/623 620/620/620 624/624/624
f 623/623/623 625/625/625 621/621/621
f 621/621/621 625/625/625 626/626/626
f 625/625/625 623/623/623 627/627/627
f 628/628/628 629/629/629 630/630/630
f 628/628/628 631/631/631 629/629/629
f 628/628/628 632/632/632 631/631/631
f 630/630/630 629/629/629 633/633/633
f 634/634/634 630/630/630 633/633/633
f 634/634/634 633/633/633 635/635/635
f 636/636/636 637/637/637 638/638/638
f 636/636/636 638/638/638 639/639/639
f 640/640/640 637/637/637 636/636/636
f 640/640/640 641/641/641 637/637/637
f 642/642/642 641/641/641 640/640/640
f 642/642/642 643/643/643 641/641/641
f 644/644/644 643/643/643 642/642/642
f 644/644/644 645/645/645 643/643/643
f 646/646/646 645/645/645 644/644/644
f 646/646/646 647/647/647 645/645/645
f 648/648/648 647/647/647 646/646/646
f 647/647/647 648/648/648 649/649/649
f 650/650/650 649/649/649 648/648/648
f 649/649/649 650/650/650 651/651/651
f 652/652/652 651/651/651 650/650/650
f 652/652/652 653/653/653 651/651/651
f 654/654/654 655/655/655 656/656/656
f 655/655/655 654/654/654 657/657/657
f 658/658/658 659/659/659 660/660/660
f 658/658/658 660/660/660 661/661/661
f 662/662/662 661/661/661 660/660/660
f 663/663/663 662/662/662 660/660/660
f 664/664/664 662/662/662 663/663/663
f 665/665/665 664/664/664 663/663/663
f 665/665/665 666/666/666 664/664/664
f 666/666/666 665/665/665 667/667/667
f 667/667/667 668/668/668 666/666/666
f 668/668/668 667/667/667 669/669/669
f 668/668/668 669/669/669 670/670/670
f 668/668/668 670/670/670 671/671/671
f 671/671/671 670/670/670 672/672/672
f 671/671/671 672/672/672 673/673/673
f 673/673/673 672/672/672 674/674/674
f 673/673/673 674/674/674 675/675/675
f 676/676/676 677/677/677 678/678/678
f 676/676/676 679/679/679 677/677/677
f 676/676/676 680/680/680 679/679/679
f 678/678/678 677/677/677 681/681/681
f 682/682/682 678/678/678 681/681/681
f 682/682/682 681/681/681 683/683/683
f 684/684/684 685/685/685 686/686/686
f 686/686/686 685/685/685 687/687/687
f 686/686/686 687/687/687 688/688/688
f 688/688/688 687/687/687 689/689/689
f 690/690/690 691/691/691 692/692/692
f 693/693/693 690/690/690 694/694/694
f 695/695/695 690/690/690 693/693/693
f 696/696/696 691/691/691 690/690/690
f 695/695/695 696/696/696 690/690/690
f 691/691/691 696/696/696 697/697/697
f 697/697/697 696/696/696 698/698/698
f 696/696/696 695/695/695 699/699/699
f 696/696/696 699/699/699 700/700/700
f 701/701/701 702/702/702 703/703/703
f 703/703/703 702/702/702 704/704/704
f 705/705/705 706/706/706 707/707/707
f 706/706/706 705/705/705 708/708/708
f 709/709/709 710/710/710 711/711/711
f 710/710/710 709/709/709 712/712/712
f 713/713/713 711/711/711 710/710/710
f 711/711/711 713/713/713 714/714/714
f 715/715/715 716/716/716 717/717/717
f 718/718/718 715/715/715 717/717/717
f 716/716/716 715/715/715 719/719/719
f 715/715/715 718/718/718 720/720/720
f 719/719/719 721/721/721 716/716/716
f 722/722/722 720/720/720 718/718/718
f 719/719/719 723/723/723 721/721/721
f 722/722/722 718/718/718 724/724/724
f 723/723/723 725/725/725 721/721/721
f 726/726/726 722/722/722 724/724/724
f 725/725/725 723/723/723 727/727/727
f 722/722/722 726/726/726 728/728/728
f 725/725/725 727/727/727 729/729/729
f 730/730/730 728/728/728 726/726/726
f 725/725/725 729/729/729 730/730/730
f 728/728/728 730/730/730 729/729/729
f 731/731/731 732/732/732 733/733/733
f 733/733/733 732/732/732 734/734/734
f 735/735/735 736/736/736 737/737/737
f 738/738/738 735/735/735 737/737/737
f 736/736/736 735/735/735 739/739/739
f 735/735/735 738/738/738 740/740/740
f 741/741/741 736/736/736 739/739/739
f 742/742/742 740/740/740 738/738/738
f 736/736/736 741/741/741 743/743/743
f 742/742/742 738/738/738 744/744/744
f 741/741/741 745/745/745 743/743/743
f 746/746/746 742/742/742 744/744/744
f 745/745/745 741/741/741 747/747/747
f 742/742/742 746/746/746 748/748/748
f 749/749/749 745/745/745 747/747/747
f 746/746/746 749/749/749 748/748/748
f 745/745/745 749/749/749 750/750/750
f 749/749/749 746/746/746 750/750/750
f 751/751/751 752/752/752 753/753/753
f 752/752/752 754/754/754 753/753/753
f 755/755/755 756/756/756 757/757/757
f 756/756/756 755/755/755 758/758/758
f 758/758/758 755/755/755 759/759/759
f 758/758/758 759/759/759 760/760/760
f 761/761/761 762/762/762 763/763/763
f 762/762/762 761/761/761 764/764/764
f 765/765/765 766/766/766 767/767/767
f 766/766/766 765/765/765 768/768/768
f 768/768/768 765/765/765 769/769/769
f 768/768/768 769/769/769 770/770/770
f 771/771/771 772/772/772 773/773/773
f 771/771/771 774/774/774 772/772/772
f 775/775/775 774/774/774 771/771/771
f 774/774/774 775/775/775 776/776/776
f 776/776/776 777/777/777 774/774/774
f 777/777/777 776/776/776 778/778/778
f 779/779/779 780/780/780 781/781/781
f 780/780/780 782/782/782 781/781/781
f 780/780/780 783/783/783 784/784/784
f 783/783/783 785/785/785 784/784/784
f 786/786/786 787/787/787 785/785/785
f 787/787/787 788/788/788 785/785/785
